ISO-10303-21;
HEADER;
FILE_DESCRIPTION(('KiCad electronic assembly'),'2;1');
FILE_NAME('top-plate.step','2026-03-19T00:52:39',('Pcbnew'),('Kicad'),
  'Open CASCADE STEP processor 7.8','KiCad to STEP converter','Unknown'
  );
FILE_SCHEMA(('AUTOMOTIVE_DESIGN { 1 0 10303 214 1 1 1 1 }'));
ENDSEC;
DATA;
#1 = APPLICATION_PROTOCOL_DEFINITION('international standard',
  'automotive_design',2000,#2);
#2 = APPLICATION_CONTEXT(
  'core data for automotive mechanical design processes');
#3 = SHAPE_DEFINITION_REPRESENTATION(#4,#10);
#4 = PRODUCT_DEFINITION_SHAPE('','',#5);
#5 = PRODUCT_DEFINITION('design','',#6,#9);
#6 = PRODUCT_DEFINITION_FORMATION('','',#7);
#7 = PRODUCT('top-plate 1','top-plate 1','',(#8));
#8 = PRODUCT_CONTEXT('',#2,'mechanical');
#9 = PRODUCT_DEFINITION_CONTEXT('part definition',#2,'design');
#10 = SHAPE_REPRESENTATION('',(#11,#15,#19,#23),#27);
#11 = AXIS2_PLACEMENT_3D('',#12,#13,#14);
#12 = CARTESIAN_POINT('',(0.,0.,0.));
#13 = DIRECTION('',(0.,0.,1.));
#14 = DIRECTION('',(1.,0.,-0.));
#15 = AXIS2_PLACEMENT_3D('',#16,#17,#18);
#16 = CARTESIAN_POINT('',(0.,0.,0.));
#17 = DIRECTION('',(0.,0.,1.));
#18 = DIRECTION('',(1.,0.,-0.));
#19 = AXIS2_PLACEMENT_3D('',#20,#21,#22);
#20 = CARTESIAN_POINT('',(0.,0.,0.));
#21 = DIRECTION('',(0.,0.,1.));
#22 = DIRECTION('',(1.,0.,-0.));
#23 = AXIS2_PLACEMENT_3D('',#24,#25,#26);
#24 = CARTESIAN_POINT('',(0.,0.,0.));
#25 = DIRECTION('',(0.,0.,1.));
#26 = DIRECTION('',(1.,0.,-0.));
#27 = ( GEOMETRIC_REPRESENTATION_CONTEXT(3) 
GLOBAL_UNCERTAINTY_ASSIGNED_CONTEXT((#31)) GLOBAL_UNIT_ASSIGNED_CONTEXT(
(#28,#29,#30)) REPRESENTATION_CONTEXT('Context #1',
  '3D Context with UNIT and UNCERTAINTY') );
#28 = ( LENGTH_UNIT() NAMED_UNIT(*) SI_UNIT(.MILLI.,.METRE.) );
#29 = ( NAMED_UNIT(*) PLANE_ANGLE_UNIT() SI_UNIT($,.RADIAN.) );
#30 = ( NAMED_UNIT(*) SI_UNIT($,.STERADIAN.) SOLID_ANGLE_UNIT() );
#31 = UNCERTAINTY_MEASURE_WITH_UNIT(LENGTH_MEASURE(1.E-07),#28,
  'distance_accuracy_value','confusion accuracy');
#32 = PRODUCT_RELATED_PRODUCT_CATEGORY('part',$,(#7));
#33 = SHAPE_DEFINITION_REPRESENTATION(#34,#40);
#34 = PRODUCT_DEFINITION_SHAPE('','',#35);
#35 = PRODUCT_DEFINITION('design','',#36,#39);
#36 = PRODUCT_DEFINITION_FORMATION('','',#37);
#37 = PRODUCT('top-plate_pad','top-plate_pad','',(#38));
#38 = PRODUCT_CONTEXT('',#2,'mechanical');
#39 = PRODUCT_DEFINITION_CONTEXT('part definition',#2,'design');
#40 = SHAPE_REPRESENTATION('',(#11,#41,#133,#225,#317,#409,#501,#593,
    #685,#777,#869,#961,#1053),#1145);
#41 = MANIFOLD_SOLID_BREP('',#42);
#42 = CLOSED_SHELL('',(#43,#76,#96,#116));
#43 = ADVANCED_FACE('',(#44),#71,.T.);
#44 = FACE_BOUND('',#45,.F.);
#45 = EDGE_LOOP('',(#46,#56,#63,#64));
#46 = ORIENTED_EDGE('',*,*,#47,.T.);
#47 = EDGE_CURVE('',#48,#50,#52,.T.);
#48 = VERTEX_POINT('',#49);
#49 = CARTESIAN_POINT('',(30.9,56.5,1.51));
#50 = VERTEX_POINT('',#51);
#51 = CARTESIAN_POINT('',(30.9,56.5,1.55));
#52 = LINE('',#53,#54);
#53 = CARTESIAN_POINT('',(30.9,56.5,1.51));
#54 = VECTOR('',#55,1.);
#55 = DIRECTION('',(0.,0.,1.));
#56 = ORIENTED_EDGE('',*,*,#57,.T.);
#57 = EDGE_CURVE('',#50,#50,#58,.T.);
#58 = CIRCLE('',#59,1.9);
#59 = AXIS2_PLACEMENT_3D('',#60,#61,#62);
#60 = CARTESIAN_POINT('',(29.,56.5,1.55));
#61 = DIRECTION('',(0.,0.,1.));
#62 = DIRECTION('',(1.,0.,-0.));
#63 = ORIENTED_EDGE('',*,*,#47,.F.);
#64 = ORIENTED_EDGE('',*,*,#65,.F.);
#65 = EDGE_CURVE('',#48,#48,#66,.T.);
#66 = CIRCLE('',#67,1.9);
#67 = AXIS2_PLACEMENT_3D('',#68,#69,#70);
#68 = CARTESIAN_POINT('',(29.,56.5,1.51));
#69 = DIRECTION('',(0.,0.,1.));
#70 = DIRECTION('',(1.,0.,-0.));
#71 = CYLINDRICAL_SURFACE('',#72,1.9);
#72 = AXIS2_PLACEMENT_3D('',#73,#74,#75);
#73 = CARTESIAN_POINT('',(29.,56.5,1.51));
#74 = DIRECTION('',(-0.,-0.,-1.));
#75 = DIRECTION('',(1.,0.,-0.));
#76 = ADVANCED_FACE('',(#77,#80),#91,.F.);
#77 = FACE_BOUND('',#78,.F.);
#78 = EDGE_LOOP('',(#79));
#79 = ORIENTED_EDGE('',*,*,#65,.T.);
#80 = FACE_BOUND('',#81,.F.);
#81 = EDGE_LOOP('',(#82));
#82 = ORIENTED_EDGE('',*,*,#83,.T.);
#83 = EDGE_CURVE('',#84,#84,#86,.T.);
#84 = VERTEX_POINT('',#85);
#85 = CARTESIAN_POINT('',(29.,55.425,1.51));
#86 = CIRCLE('',#87,1.075);
#87 = AXIS2_PLACEMENT_3D('',#88,#89,#90);
#88 = CARTESIAN_POINT('',(29.,56.5,1.51));
#89 = DIRECTION('',(-0.,0.,-1.));
#90 = DIRECTION('',(-0.,-1.,0.));
#91 = PLANE('',#92);
#92 = AXIS2_PLACEMENT_3D('',#93,#94,#95);
#93 = CARTESIAN_POINT('',(0.,0.,1.51));
#94 = DIRECTION('',(0.,0.,1.));
#95 = DIRECTION('',(1.,0.,-0.));
#96 = ADVANCED_FACE('',(#97,#100),#111,.T.);
#97 = FACE_BOUND('',#98,.T.);
#98 = EDGE_LOOP('',(#99));
#99 = ORIENTED_EDGE('',*,*,#57,.T.);
#100 = FACE_BOUND('',#101,.T.);
#101 = EDGE_LOOP('',(#102));
#102 = ORIENTED_EDGE('',*,*,#103,.T.);
#103 = EDGE_CURVE('',#104,#104,#106,.T.);
#104 = VERTEX_POINT('',#105);
#105 = CARTESIAN_POINT('',(29.,55.425,1.55));
#106 = CIRCLE('',#107,1.075);
#107 = AXIS2_PLACEMENT_3D('',#108,#109,#110);
#108 = CARTESIAN_POINT('',(29.,56.5,1.55));
#109 = DIRECTION('',(-0.,0.,-1.));
#110 = DIRECTION('',(-0.,-1.,0.));
#111 = PLANE('',#112);
#112 = AXIS2_PLACEMENT_3D('',#113,#114,#115);
#113 = CARTESIAN_POINT('',(0.,0.,1.55));
#114 = DIRECTION('',(0.,0.,1.));
#115 = DIRECTION('',(1.,0.,-0.));
#116 = ADVANCED_FACE('',(#117),#128,.F.);
#117 = FACE_BOUND('',#118,.T.);
#118 = EDGE_LOOP('',(#119,#120,#126,#127));
#119 = ORIENTED_EDGE('',*,*,#83,.T.);
#120 = ORIENTED_EDGE('',*,*,#121,.T.);
#121 = EDGE_CURVE('',#84,#104,#122,.T.);
#122 = LINE('',#123,#124);
#123 = CARTESIAN_POINT('',(29.,55.425,-4.6E-02));
#124 = VECTOR('',#125,1.);
#125 = DIRECTION('',(0.,0.,1.));
#126 = ORIENTED_EDGE('',*,*,#103,.F.);
#127 = ORIENTED_EDGE('',*,*,#121,.F.);
#128 = CYLINDRICAL_SURFACE('',#129,1.075);
#129 = AXIS2_PLACEMENT_3D('',#130,#131,#132);
#130 = CARTESIAN_POINT('',(29.,56.5,-4.6E-02));
#131 = DIRECTION('',(-0.,-0.,-1.));
#132 = DIRECTION('',(-0.,-1.,0.));
#133 = MANIFOLD_SOLID_BREP('',#134);
#134 = CLOSED_SHELL('',(#135,#168,#188,#208));
#135 = ADVANCED_FACE('',(#136),#163,.T.);
#136 = FACE_BOUND('',#137,.T.);
#137 = EDGE_LOOP('',(#138,#148,#155,#156));
#138 = ORIENTED_EDGE('',*,*,#139,.T.);
#139 = EDGE_CURVE('',#140,#142,#144,.T.);
#140 = VERTEX_POINT('',#141);
#141 = CARTESIAN_POINT('',(30.9,56.5,0.));
#142 = VERTEX_POINT('',#143);
#143 = CARTESIAN_POINT('',(30.9,56.5,-4.E-02));
#144 = LINE('',#145,#146);
#145 = CARTESIAN_POINT('',(30.9,56.5,0.));
#146 = VECTOR('',#147,1.);
#147 = DIRECTION('',(0.,0.,-1.));
#148 = ORIENTED_EDGE('',*,*,#149,.T.);
#149 = EDGE_CURVE('',#142,#142,#150,.T.);
#150 = CIRCLE('',#151,1.9);
#151 = AXIS2_PLACEMENT_3D('',#152,#153,#154);
#152 = CARTESIAN_POINT('',(29.,56.5,-4.E-02));
#153 = DIRECTION('',(0.,0.,1.));
#154 = DIRECTION('',(1.,0.,-0.));
#155 = ORIENTED_EDGE('',*,*,#139,.F.);
#156 = ORIENTED_EDGE('',*,*,#157,.F.);
#157 = EDGE_CURVE('',#140,#140,#158,.T.);
#158 = CIRCLE('',#159,1.9);
#159 = AXIS2_PLACEMENT_3D('',#160,#161,#162);
#160 = CARTESIAN_POINT('',(29.,56.5,0.));
#161 = DIRECTION('',(0.,0.,1.));
#162 = DIRECTION('',(1.,0.,-0.));
#163 = CYLINDRICAL_SURFACE('',#164,1.9);
#164 = AXIS2_PLACEMENT_3D('',#165,#166,#167);
#165 = CARTESIAN_POINT('',(29.,56.5,0.));
#166 = DIRECTION('',(0.,0.,1.));
#167 = DIRECTION('',(1.,0.,-0.));
#168 = ADVANCED_FACE('',(#169,#172),#183,.F.);
#169 = FACE_BOUND('',#170,.F.);
#170 = EDGE_LOOP('',(#171));
#171 = ORIENTED_EDGE('',*,*,#157,.F.);
#172 = FACE_BOUND('',#173,.F.);
#173 = EDGE_LOOP('',(#174));
#174 = ORIENTED_EDGE('',*,*,#175,.F.);
#175 = EDGE_CURVE('',#176,#176,#178,.T.);
#176 = VERTEX_POINT('',#177);
#177 = CARTESIAN_POINT('',(29.,55.425,0.));
#178 = CIRCLE('',#179,1.075);
#179 = AXIS2_PLACEMENT_3D('',#180,#181,#182);
#180 = CARTESIAN_POINT('',(29.,56.5,0.));
#181 = DIRECTION('',(-0.,0.,-1.));
#182 = DIRECTION('',(-0.,-1.,0.));
#183 = PLANE('',#184);
#184 = AXIS2_PLACEMENT_3D('',#185,#186,#187);
#185 = CARTESIAN_POINT('',(0.,0.,0.));
#186 = DIRECTION('',(-0.,-0.,-1.));
#187 = DIRECTION('',(-1.,0.,0.));
#188 = ADVANCED_FACE('',(#189,#192),#203,.T.);
#189 = FACE_BOUND('',#190,.T.);
#190 = EDGE_LOOP('',(#191));
#191 = ORIENTED_EDGE('',*,*,#149,.F.);
#192 = FACE_BOUND('',#193,.T.);
#193 = EDGE_LOOP('',(#194));
#194 = ORIENTED_EDGE('',*,*,#195,.F.);
#195 = EDGE_CURVE('',#196,#196,#198,.T.);
#196 = VERTEX_POINT('',#197);
#197 = CARTESIAN_POINT('',(29.,55.425,-4.E-02));
#198 = CIRCLE('',#199,1.075);
#199 = AXIS2_PLACEMENT_3D('',#200,#201,#202);
#200 = CARTESIAN_POINT('',(29.,56.5,-4.E-02));
#201 = DIRECTION('',(-0.,0.,-1.));
#202 = DIRECTION('',(-0.,-1.,0.));
#203 = PLANE('',#204);
#204 = AXIS2_PLACEMENT_3D('',#205,#206,#207);
#205 = CARTESIAN_POINT('',(0.,0.,-4.E-02));
#206 = DIRECTION('',(-0.,-0.,-1.));
#207 = DIRECTION('',(-1.,0.,0.));
#208 = ADVANCED_FACE('',(#209),#220,.F.);
#209 = FACE_BOUND('',#210,.T.);
#210 = EDGE_LOOP('',(#211,#212,#218,#219));
#211 = ORIENTED_EDGE('',*,*,#195,.T.);
#212 = ORIENTED_EDGE('',*,*,#213,.T.);
#213 = EDGE_CURVE('',#196,#176,#214,.T.);
#214 = LINE('',#215,#216);
#215 = CARTESIAN_POINT('',(29.,55.425,-4.6E-02));
#216 = VECTOR('',#217,1.);
#217 = DIRECTION('',(0.,0.,1.));
#218 = ORIENTED_EDGE('',*,*,#175,.F.);
#219 = ORIENTED_EDGE('',*,*,#213,.F.);
#220 = CYLINDRICAL_SURFACE('',#221,1.075);
#221 = AXIS2_PLACEMENT_3D('',#222,#223,#224);
#222 = CARTESIAN_POINT('',(29.,56.5,-4.6E-02));
#223 = DIRECTION('',(-0.,-0.,-1.));
#224 = DIRECTION('',(-0.,-1.,0.));
#225 = MANIFOLD_SOLID_BREP('',#226);
#226 = CLOSED_SHELL('',(#227,#260,#280,#300));
#227 = ADVANCED_FACE('',(#228),#255,.T.);
#228 = FACE_BOUND('',#229,.F.);
#229 = EDGE_LOOP('',(#230,#240,#247,#248));
#230 = ORIENTED_EDGE('',*,*,#231,.T.);
#231 = EDGE_CURVE('',#232,#234,#236,.T.);
#232 = VERTEX_POINT('',#233);
#233 = CARTESIAN_POINT('',(29.,55.4,-4.E-02));
#234 = VERTEX_POINT('',#235);
#235 = CARTESIAN_POINT('',(29.,55.4,1.55));
#236 = LINE('',#237,#238);
#237 = CARTESIAN_POINT('',(29.,55.4,-4.E-02));
#238 = VECTOR('',#239,1.);
#239 = DIRECTION('',(0.,0.,1.));
#240 = ORIENTED_EDGE('',*,*,#241,.T.);
#241 = EDGE_CURVE('',#234,#234,#242,.T.);
#242 = CIRCLE('',#243,1.1);
#243 = AXIS2_PLACEMENT_3D('',#244,#245,#246);
#244 = CARTESIAN_POINT('',(29.,56.5,1.55));
#245 = DIRECTION('',(0.,0.,1.));
#246 = DIRECTION('',(-0.,-1.,0.));
#247 = ORIENTED_EDGE('',*,*,#231,.F.);
#248 = ORIENTED_EDGE('',*,*,#249,.F.);
#249 = EDGE_CURVE('',#232,#232,#250,.T.);
#250 = CIRCLE('',#251,1.1);
#251 = AXIS2_PLACEMENT_3D('',#252,#253,#254);
#252 = CARTESIAN_POINT('',(29.,56.5,-4.E-02));
#253 = DIRECTION('',(0.,0.,1.));
#254 = DIRECTION('',(-0.,-1.,0.));
#255 = CYLINDRICAL_SURFACE('',#256,1.1);
#256 = AXIS2_PLACEMENT_3D('',#257,#258,#259);
#257 = CARTESIAN_POINT('',(29.,56.5,-4.E-02));
#258 = DIRECTION('',(-0.,-0.,-1.));
#259 = DIRECTION('',(-0.,-1.,0.));
#260 = ADVANCED_FACE('',(#261,#264),#275,.F.);
#261 = FACE_BOUND('',#262,.F.);
#262 = EDGE_LOOP('',(#263));
#263 = ORIENTED_EDGE('',*,*,#249,.T.);
#264 = FACE_BOUND('',#265,.F.);
#265 = EDGE_LOOP('',(#266));
#266 = ORIENTED_EDGE('',*,*,#267,.T.);
#267 = EDGE_CURVE('',#268,#268,#270,.T.);
#268 = VERTEX_POINT('',#269);
#269 = CARTESIAN_POINT('',(29.,55.425,-4.E-02));
#270 = CIRCLE('',#271,1.075);
#271 = AXIS2_PLACEMENT_3D('',#272,#273,#274);
#272 = CARTESIAN_POINT('',(29.,56.5,-4.E-02));
#273 = DIRECTION('',(-0.,0.,-1.));
#274 = DIRECTION('',(-0.,-1.,0.));
#275 = PLANE('',#276);
#276 = AXIS2_PLACEMENT_3D('',#277,#278,#279);
#277 = CARTESIAN_POINT('',(29.,55.4,-4.E-02));
#278 = DIRECTION('',(0.,0.,1.));
#279 = DIRECTION('',(1.,0.,-0.));
#280 = ADVANCED_FACE('',(#281,#284),#295,.T.);
#281 = FACE_BOUND('',#282,.T.);
#282 = EDGE_LOOP('',(#283));
#283 = ORIENTED_EDGE('',*,*,#241,.T.);
#284 = FACE_BOUND('',#285,.T.);
#285 = EDGE_LOOP('',(#286));
#286 = ORIENTED_EDGE('',*,*,#287,.T.);
#287 = EDGE_CURVE('',#288,#288,#290,.T.);
#288 = VERTEX_POINT('',#289);
#289 = CARTESIAN_POINT('',(29.,55.425,1.55));
#290 = CIRCLE('',#291,1.075);
#291 = AXIS2_PLACEMENT_3D('',#292,#293,#294);
#292 = CARTESIAN_POINT('',(29.,56.5,1.55));
#293 = DIRECTION('',(-0.,0.,-1.));
#294 = DIRECTION('',(-0.,-1.,0.));
#295 = PLANE('',#296);
#296 = AXIS2_PLACEMENT_3D('',#297,#298,#299);
#297 = CARTESIAN_POINT('',(29.,55.4,1.55));
#298 = DIRECTION('',(0.,0.,1.));
#299 = DIRECTION('',(1.,0.,-0.));
#300 = ADVANCED_FACE('',(#301),#312,.F.);
#301 = FACE_BOUND('',#302,.T.);
#302 = EDGE_LOOP('',(#303,#304,#310,#311));
#303 = ORIENTED_EDGE('',*,*,#267,.T.);
#304 = ORIENTED_EDGE('',*,*,#305,.T.);
#305 = EDGE_CURVE('',#268,#288,#306,.T.);
#306 = LINE('',#307,#308);
#307 = CARTESIAN_POINT('',(29.,55.425,-4.6E-02));
#308 = VECTOR('',#309,1.);
#309 = DIRECTION('',(0.,0.,1.));
#310 = ORIENTED_EDGE('',*,*,#287,.F.);
#311 = ORIENTED_EDGE('',*,*,#305,.F.);
#312 = CYLINDRICAL_SURFACE('',#313,1.075);
#313 = AXIS2_PLACEMENT_3D('',#314,#315,#316);
#314 = CARTESIAN_POINT('',(29.,56.5,-4.6E-02));
#315 = DIRECTION('',(-0.,-0.,-1.));
#316 = DIRECTION('',(-0.,-1.,0.));
#317 = MANIFOLD_SOLID_BREP('',#318);
#318 = CLOSED_SHELL('',(#319,#352,#372,#392));
#319 = ADVANCED_FACE('',(#320),#347,.T.);
#320 = FACE_BOUND('',#321,.F.);
#321 = EDGE_LOOP('',(#322,#332,#339,#340));
#322 = ORIENTED_EDGE('',*,*,#323,.T.);
#323 = EDGE_CURVE('',#324,#326,#328,.T.);
#324 = VERTEX_POINT('',#325);
#325 = CARTESIAN_POINT('',(-27.1,56.5,1.51));
#326 = VERTEX_POINT('',#327);
#327 = CARTESIAN_POINT('',(-27.1,56.5,1.55));
#328 = LINE('',#329,#330);
#329 = CARTESIAN_POINT('',(-27.1,56.5,1.51));
#330 = VECTOR('',#331,1.);
#331 = DIRECTION('',(0.,0.,1.));
#332 = ORIENTED_EDGE('',*,*,#333,.T.);
#333 = EDGE_CURVE('',#326,#326,#334,.T.);
#334 = CIRCLE('',#335,1.9);
#335 = AXIS2_PLACEMENT_3D('',#336,#337,#338);
#336 = CARTESIAN_POINT('',(-29.,56.5,1.55));
#337 = DIRECTION('',(0.,0.,1.));
#338 = DIRECTION('',(1.,0.,-0.));
#339 = ORIENTED_EDGE('',*,*,#323,.F.);
#340 = ORIENTED_EDGE('',*,*,#341,.F.);
#341 = EDGE_CURVE('',#324,#324,#342,.T.);
#342 = CIRCLE('',#343,1.9);
#343 = AXIS2_PLACEMENT_3D('',#344,#345,#346);
#344 = CARTESIAN_POINT('',(-29.,56.5,1.51));
#345 = DIRECTION('',(0.,0.,1.));
#346 = DIRECTION('',(1.,0.,-0.));
#347 = CYLINDRICAL_SURFACE('',#348,1.9);
#348 = AXIS2_PLACEMENT_3D('',#349,#350,#351);
#349 = CARTESIAN_POINT('',(-29.,56.5,1.51));
#350 = DIRECTION('',(-0.,-0.,-1.));
#351 = DIRECTION('',(1.,0.,-0.));
#352 = ADVANCED_FACE('',(#353,#356),#367,.F.);
#353 = FACE_BOUND('',#354,.F.);
#354 = EDGE_LOOP('',(#355));
#355 = ORIENTED_EDGE('',*,*,#341,.T.);
#356 = FACE_BOUND('',#357,.F.);
#357 = EDGE_LOOP('',(#358));
#358 = ORIENTED_EDGE('',*,*,#359,.T.);
#359 = EDGE_CURVE('',#360,#360,#362,.T.);
#360 = VERTEX_POINT('',#361);
#361 = CARTESIAN_POINT('',(-29.,55.425,1.51));
#362 = CIRCLE('',#363,1.075);
#363 = AXIS2_PLACEMENT_3D('',#364,#365,#366);
#364 = CARTESIAN_POINT('',(-29.,56.5,1.51));
#365 = DIRECTION('',(-0.,0.,-1.));
#366 = DIRECTION('',(-0.,-1.,0.));
#367 = PLANE('',#368);
#368 = AXIS2_PLACEMENT_3D('',#369,#370,#371);
#369 = CARTESIAN_POINT('',(0.,0.,1.51));
#370 = DIRECTION('',(0.,0.,1.));
#371 = DIRECTION('',(1.,0.,-0.));
#372 = ADVANCED_FACE('',(#373,#376),#387,.T.);
#373 = FACE_BOUND('',#374,.T.);
#374 = EDGE_LOOP('',(#375));
#375 = ORIENTED_EDGE('',*,*,#333,.T.);
#376 = FACE_BOUND('',#377,.T.);
#377 = EDGE_LOOP('',(#378));
#378 = ORIENTED_EDGE('',*,*,#379,.T.);
#379 = EDGE_CURVE('',#380,#380,#382,.T.);
#380 = VERTEX_POINT('',#381);
#381 = CARTESIAN_POINT('',(-29.,55.425,1.55));
#382 = CIRCLE('',#383,1.075);
#383 = AXIS2_PLACEMENT_3D('',#384,#385,#386);
#384 = CARTESIAN_POINT('',(-29.,56.5,1.55));
#385 = DIRECTION('',(-0.,0.,-1.));
#386 = DIRECTION('',(-0.,-1.,0.));
#387 = PLANE('',#388);
#388 = AXIS2_PLACEMENT_3D('',#389,#390,#391);
#389 = CARTESIAN_POINT('',(0.,0.,1.55));
#390 = DIRECTION('',(0.,0.,1.));
#391 = DIRECTION('',(1.,0.,-0.));
#392 = ADVANCED_FACE('',(#393),#404,.F.);
#393 = FACE_BOUND('',#394,.T.);
#394 = EDGE_LOOP('',(#395,#396,#402,#403));
#395 = ORIENTED_EDGE('',*,*,#359,.T.);
#396 = ORIENTED_EDGE('',*,*,#397,.T.);
#397 = EDGE_CURVE('',#360,#380,#398,.T.);
#398 = LINE('',#399,#400);
#399 = CARTESIAN_POINT('',(-29.,55.425,-4.6E-02));
#400 = VECTOR('',#401,1.);
#401 = DIRECTION('',(0.,0.,1.));
#402 = ORIENTED_EDGE('',*,*,#379,.F.);
#403 = ORIENTED_EDGE('',*,*,#397,.F.);
#404 = CYLINDRICAL_SURFACE('',#405,1.075);
#405 = AXIS2_PLACEMENT_3D('',#406,#407,#408);
#406 = CARTESIAN_POINT('',(-29.,56.5,-4.6E-02));
#407 = DIRECTION('',(-0.,-0.,-1.));
#408 = DIRECTION('',(-0.,-1.,0.));
#409 = MANIFOLD_SOLID_BREP('',#410);
#410 = CLOSED_SHELL('',(#411,#444,#464,#484));
#411 = ADVANCED_FACE('',(#412),#439,.T.);
#412 = FACE_BOUND('',#413,.T.);
#413 = EDGE_LOOP('',(#414,#424,#431,#432));
#414 = ORIENTED_EDGE('',*,*,#415,.T.);
#415 = EDGE_CURVE('',#416,#418,#420,.T.);
#416 = VERTEX_POINT('',#417);
#417 = CARTESIAN_POINT('',(-27.1,56.5,0.));
#418 = VERTEX_POINT('',#419);
#419 = CARTESIAN_POINT('',(-27.1,56.5,-4.E-02));
#420 = LINE('',#421,#422);
#421 = CARTESIAN_POINT('',(-27.1,56.5,0.));
#422 = VECTOR('',#423,1.);
#423 = DIRECTION('',(0.,0.,-1.));
#424 = ORIENTED_EDGE('',*,*,#425,.T.);
#425 = EDGE_CURVE('',#418,#418,#426,.T.);
#426 = CIRCLE('',#427,1.9);
#427 = AXIS2_PLACEMENT_3D('',#428,#429,#430);
#428 = CARTESIAN_POINT('',(-29.,56.5,-4.E-02));
#429 = DIRECTION('',(0.,0.,1.));
#430 = DIRECTION('',(1.,0.,-0.));
#431 = ORIENTED_EDGE('',*,*,#415,.F.);
#432 = ORIENTED_EDGE('',*,*,#433,.F.);
#433 = EDGE_CURVE('',#416,#416,#434,.T.);
#434 = CIRCLE('',#435,1.9);
#435 = AXIS2_PLACEMENT_3D('',#436,#437,#438);
#436 = CARTESIAN_POINT('',(-29.,56.5,0.));
#437 = DIRECTION('',(0.,0.,1.));
#438 = DIRECTION('',(1.,0.,-0.));
#439 = CYLINDRICAL_SURFACE('',#440,1.9);
#440 = AXIS2_PLACEMENT_3D('',#441,#442,#443);
#441 = CARTESIAN_POINT('',(-29.,56.5,0.));
#442 = DIRECTION('',(0.,0.,1.));
#443 = DIRECTION('',(1.,0.,-0.));
#444 = ADVANCED_FACE('',(#445,#448),#459,.F.);
#445 = FACE_BOUND('',#446,.F.);
#446 = EDGE_LOOP('',(#447));
#447 = ORIENTED_EDGE('',*,*,#433,.F.);
#448 = FACE_BOUND('',#449,.F.);
#449 = EDGE_LOOP('',(#450));
#450 = ORIENTED_EDGE('',*,*,#451,.F.);
#451 = EDGE_CURVE('',#452,#452,#454,.T.);
#452 = VERTEX_POINT('',#453);
#453 = CARTESIAN_POINT('',(-29.,55.425,0.));
#454 = CIRCLE('',#455,1.075);
#455 = AXIS2_PLACEMENT_3D('',#456,#457,#458);
#456 = CARTESIAN_POINT('',(-29.,56.5,0.));
#457 = DIRECTION('',(-0.,0.,-1.));
#458 = DIRECTION('',(-0.,-1.,0.));
#459 = PLANE('',#460);
#460 = AXIS2_PLACEMENT_3D('',#461,#462,#463);
#461 = CARTESIAN_POINT('',(0.,0.,0.));
#462 = DIRECTION('',(-0.,-0.,-1.));
#463 = DIRECTION('',(-1.,0.,0.));
#464 = ADVANCED_FACE('',(#465,#468),#479,.T.);
#465 = FACE_BOUND('',#466,.T.);
#466 = EDGE_LOOP('',(#467));
#467 = ORIENTED_EDGE('',*,*,#425,.F.);
#468 = FACE_BOUND('',#469,.T.);
#469 = EDGE_LOOP('',(#470));
#470 = ORIENTED_EDGE('',*,*,#471,.F.);
#471 = EDGE_CURVE('',#472,#472,#474,.T.);
#472 = VERTEX_POINT('',#473);
#473 = CARTESIAN_POINT('',(-29.,55.425,-4.E-02));
#474 = CIRCLE('',#475,1.075);
#475 = AXIS2_PLACEMENT_3D('',#476,#477,#478);
#476 = CARTESIAN_POINT('',(-29.,56.5,-4.E-02));
#477 = DIRECTION('',(-0.,0.,-1.));
#478 = DIRECTION('',(-0.,-1.,0.));
#479 = PLANE('',#480);
#480 = AXIS2_PLACEMENT_3D('',#481,#482,#483);
#481 = CARTESIAN_POINT('',(0.,0.,-4.E-02));
#482 = DIRECTION('',(-0.,-0.,-1.));
#483 = DIRECTION('',(-1.,0.,0.));
#484 = ADVANCED_FACE('',(#485),#496,.F.);
#485 = FACE_BOUND('',#486,.T.);
#486 = EDGE_LOOP('',(#487,#488,#494,#495));
#487 = ORIENTED_EDGE('',*,*,#471,.T.);
#488 = ORIENTED_EDGE('',*,*,#489,.T.);
#489 = EDGE_CURVE('',#472,#452,#490,.T.);
#490 = LINE('',#491,#492);
#491 = CARTESIAN_POINT('',(-29.,55.425,-4.6E-02));
#492 = VECTOR('',#493,1.);
#493 = DIRECTION('',(0.,0.,1.));
#494 = ORIENTED_EDGE('',*,*,#451,.F.);
#495 = ORIENTED_EDGE('',*,*,#489,.F.);
#496 = CYLINDRICAL_SURFACE('',#497,1.075);
#497 = AXIS2_PLACEMENT_3D('',#498,#499,#500);
#498 = CARTESIAN_POINT('',(-29.,56.5,-4.6E-02));
#499 = DIRECTION('',(-0.,-0.,-1.));
#500 = DIRECTION('',(-0.,-1.,0.));
#501 = MANIFOLD_SOLID_BREP('',#502);
#502 = CLOSED_SHELL('',(#503,#536,#556,#576));
#503 = ADVANCED_FACE('',(#504),#531,.T.);
#504 = FACE_BOUND('',#505,.F.);
#505 = EDGE_LOOP('',(#506,#516,#523,#524));
#506 = ORIENTED_EDGE('',*,*,#507,.T.);
#507 = EDGE_CURVE('',#508,#510,#512,.T.);
#508 = VERTEX_POINT('',#509);
#509 = CARTESIAN_POINT('',(-29.,55.4,-4.E-02));
#510 = VERTEX_POINT('',#511);
#511 = CARTESIAN_POINT('',(-29.,55.4,1.55));
#512 = LINE('',#513,#514);
#513 = CARTESIAN_POINT('',(-29.,55.4,-4.E-02));
#514 = VECTOR('',#515,1.);
#515 = DIRECTION('',(0.,0.,1.));
#516 = ORIENTED_EDGE('',*,*,#517,.T.);
#517 = EDGE_CURVE('',#510,#510,#518,.T.);
#518 = CIRCLE('',#519,1.1);
#519 = AXIS2_PLACEMENT_3D('',#520,#521,#522);
#520 = CARTESIAN_POINT('',(-29.,56.5,1.55));
#521 = DIRECTION('',(0.,0.,1.));
#522 = DIRECTION('',(-0.,-1.,0.));
#523 = ORIENTED_EDGE('',*,*,#507,.F.);
#524 = ORIENTED_EDGE('',*,*,#525,.F.);
#525 = EDGE_CURVE('',#508,#508,#526,.T.);
#526 = CIRCLE('',#527,1.1);
#527 = AXIS2_PLACEMENT_3D('',#528,#529,#530);
#528 = CARTESIAN_POINT('',(-29.,56.5,-4.E-02));
#529 = DIRECTION('',(0.,0.,1.));
#530 = DIRECTION('',(-0.,-1.,0.));
#531 = CYLINDRICAL_SURFACE('',#532,1.1);
#532 = AXIS2_PLACEMENT_3D('',#533,#534,#535);
#533 = CARTESIAN_POINT('',(-29.,56.5,-4.E-02));
#534 = DIRECTION('',(-0.,-0.,-1.));
#535 = DIRECTION('',(-0.,-1.,0.));
#536 = ADVANCED_FACE('',(#537,#540),#551,.F.);
#537 = FACE_BOUND('',#538,.F.);
#538 = EDGE_LOOP('',(#539));
#539 = ORIENTED_EDGE('',*,*,#525,.T.);
#540 = FACE_BOUND('',#541,.F.);
#541 = EDGE_LOOP('',(#542));
#542 = ORIENTED_EDGE('',*,*,#543,.T.);
#543 = EDGE_CURVE('',#544,#544,#546,.T.);
#544 = VERTEX_POINT('',#545);
#545 = CARTESIAN_POINT('',(-29.,55.425,-4.E-02));
#546 = CIRCLE('',#547,1.075);
#547 = AXIS2_PLACEMENT_3D('',#548,#549,#550);
#548 = CARTESIAN_POINT('',(-29.,56.5,-4.E-02));
#549 = DIRECTION('',(-0.,0.,-1.));
#550 = DIRECTION('',(-0.,-1.,0.));
#551 = PLANE('',#552);
#552 = AXIS2_PLACEMENT_3D('',#553,#554,#555);
#553 = CARTESIAN_POINT('',(-29.,55.4,-4.E-02));
#554 = DIRECTION('',(0.,0.,1.));
#555 = DIRECTION('',(1.,0.,-0.));
#556 = ADVANCED_FACE('',(#557,#560),#571,.T.);
#557 = FACE_BOUND('',#558,.T.);
#558 = EDGE_LOOP('',(#559));
#559 = ORIENTED_EDGE('',*,*,#517,.T.);
#560 = FACE_BOUND('',#561,.T.);
#561 = EDGE_LOOP('',(#562));
#562 = ORIENTED_EDGE('',*,*,#563,.T.);
#563 = EDGE_CURVE('',#564,#564,#566,.T.);
#564 = VERTEX_POINT('',#565);
#565 = CARTESIAN_POINT('',(-29.,55.425,1.55));
#566 = CIRCLE('',#567,1.075);
#567 = AXIS2_PLACEMENT_3D('',#568,#569,#570);
#568 = CARTESIAN_POINT('',(-29.,56.5,1.55));
#569 = DIRECTION('',(-0.,0.,-1.));
#570 = DIRECTION('',(-0.,-1.,0.));
#571 = PLANE('',#572);
#572 = AXIS2_PLACEMENT_3D('',#573,#574,#575);
#573 = CARTESIAN_POINT('',(-29.,55.4,1.55));
#574 = DIRECTION('',(0.,0.,1.));
#575 = DIRECTION('',(1.,0.,-0.));
#576 = ADVANCED_FACE('',(#577),#588,.F.);
#577 = FACE_BOUND('',#578,.T.);
#578 = EDGE_LOOP('',(#579,#580,#586,#587));
#579 = ORIENTED_EDGE('',*,*,#543,.T.);
#580 = ORIENTED_EDGE('',*,*,#581,.T.);
#581 = EDGE_CURVE('',#544,#564,#582,.T.);
#582 = LINE('',#583,#584);
#583 = CARTESIAN_POINT('',(-29.,55.425,-4.6E-02));
#584 = VECTOR('',#585,1.);
#585 = DIRECTION('',(0.,0.,1.));
#586 = ORIENTED_EDGE('',*,*,#563,.F.);
#587 = ORIENTED_EDGE('',*,*,#581,.F.);
#588 = CYLINDRICAL_SURFACE('',#589,1.075);
#589 = AXIS2_PLACEMENT_3D('',#590,#591,#592);
#590 = CARTESIAN_POINT('',(-29.,56.5,-4.6E-02));
#591 = DIRECTION('',(-0.,-0.,-1.));
#592 = DIRECTION('',(-0.,-1.,0.));
#593 = MANIFOLD_SOLID_BREP('',#594);
#594 = CLOSED_SHELL('',(#595,#628,#648,#668));
#595 = ADVANCED_FACE('',(#596),#623,.T.);
#596 = FACE_BOUND('',#597,.F.);
#597 = EDGE_LOOP('',(#598,#608,#615,#616));
#598 = ORIENTED_EDGE('',*,*,#599,.T.);
#599 = EDGE_CURVE('',#600,#602,#604,.T.);
#600 = VERTEX_POINT('',#601);
#601 = CARTESIAN_POINT('',(-27.1,-56.5,1.51));
#602 = VERTEX_POINT('',#603);
#603 = CARTESIAN_POINT('',(-27.1,-56.5,1.55));
#604 = LINE('',#605,#606);
#605 = CARTESIAN_POINT('',(-27.1,-56.5,1.51));
#606 = VECTOR('',#607,1.);
#607 = DIRECTION('',(0.,0.,1.));
#608 = ORIENTED_EDGE('',*,*,#609,.T.);
#609 = EDGE_CURVE('',#602,#602,#610,.T.);
#610 = CIRCLE('',#611,1.9);
#611 = AXIS2_PLACEMENT_3D('',#612,#613,#614);
#612 = CARTESIAN_POINT('',(-29.,-56.5,1.55));
#613 = DIRECTION('',(0.,0.,1.));
#614 = DIRECTION('',(1.,0.,-0.));
#615 = ORIENTED_EDGE('',*,*,#599,.F.);
#616 = ORIENTED_EDGE('',*,*,#617,.F.);
#617 = EDGE_CURVE('',#600,#600,#618,.T.);
#618 = CIRCLE('',#619,1.9);
#619 = AXIS2_PLACEMENT_3D('',#620,#621,#622);
#620 = CARTESIAN_POINT('',(-29.,-56.5,1.51));
#621 = DIRECTION('',(0.,0.,1.));
#622 = DIRECTION('',(1.,0.,-0.));
#623 = CYLINDRICAL_SURFACE('',#624,1.9);
#624 = AXIS2_PLACEMENT_3D('',#625,#626,#627);
#625 = CARTESIAN_POINT('',(-29.,-56.5,1.51));
#626 = DIRECTION('',(-0.,-0.,-1.));
#627 = DIRECTION('',(1.,0.,-0.));
#628 = ADVANCED_FACE('',(#629,#632),#643,.F.);
#629 = FACE_BOUND('',#630,.F.);
#630 = EDGE_LOOP('',(#631));
#631 = ORIENTED_EDGE('',*,*,#617,.T.);
#632 = FACE_BOUND('',#633,.F.);
#633 = EDGE_LOOP('',(#634));
#634 = ORIENTED_EDGE('',*,*,#635,.T.);
#635 = EDGE_CURVE('',#636,#636,#638,.T.);
#636 = VERTEX_POINT('',#637);
#637 = CARTESIAN_POINT('',(-29.,-57.575,1.51));
#638 = CIRCLE('',#639,1.075);
#639 = AXIS2_PLACEMENT_3D('',#640,#641,#642);
#640 = CARTESIAN_POINT('',(-29.,-56.5,1.51));
#641 = DIRECTION('',(-0.,0.,-1.));
#642 = DIRECTION('',(-0.,-1.,0.));
#643 = PLANE('',#644);
#644 = AXIS2_PLACEMENT_3D('',#645,#646,#647);
#645 = CARTESIAN_POINT('',(0.,0.,1.51));
#646 = DIRECTION('',(0.,0.,1.));
#647 = DIRECTION('',(1.,0.,-0.));
#648 = ADVANCED_FACE('',(#649,#652),#663,.T.);
#649 = FACE_BOUND('',#650,.T.);
#650 = EDGE_LOOP('',(#651));
#651 = ORIENTED_EDGE('',*,*,#609,.T.);
#652 = FACE_BOUND('',#653,.T.);
#653 = EDGE_LOOP('',(#654));
#654 = ORIENTED_EDGE('',*,*,#655,.T.);
#655 = EDGE_CURVE('',#656,#656,#658,.T.);
#656 = VERTEX_POINT('',#657);
#657 = CARTESIAN_POINT('',(-29.,-57.575,1.55));
#658 = CIRCLE('',#659,1.075);
#659 = AXIS2_PLACEMENT_3D('',#660,#661,#662);
#660 = CARTESIAN_POINT('',(-29.,-56.5,1.55));
#661 = DIRECTION('',(-0.,0.,-1.));
#662 = DIRECTION('',(-0.,-1.,0.));
#663 = PLANE('',#664);
#664 = AXIS2_PLACEMENT_3D('',#665,#666,#667);
#665 = CARTESIAN_POINT('',(0.,0.,1.55));
#666 = DIRECTION('',(0.,0.,1.));
#667 = DIRECTION('',(1.,0.,-0.));
#668 = ADVANCED_FACE('',(#669),#680,.F.);
#669 = FACE_BOUND('',#670,.T.);
#670 = EDGE_LOOP('',(#671,#672,#678,#679));
#671 = ORIENTED_EDGE('',*,*,#635,.T.);
#672 = ORIENTED_EDGE('',*,*,#673,.T.);
#673 = EDGE_CURVE('',#636,#656,#674,.T.);
#674 = LINE('',#675,#676);
#675 = CARTESIAN_POINT('',(-29.,-57.575,-4.6E-02));
#676 = VECTOR('',#677,1.);
#677 = DIRECTION('',(0.,0.,1.));
#678 = ORIENTED_EDGE('',*,*,#655,.F.);
#679 = ORIENTED_EDGE('',*,*,#673,.F.);
#680 = CYLINDRICAL_SURFACE('',#681,1.075);
#681 = AXIS2_PLACEMENT_3D('',#682,#683,#684);
#682 = CARTESIAN_POINT('',(-29.,-56.5,-4.6E-02));
#683 = DIRECTION('',(-0.,-0.,-1.));
#684 = DIRECTION('',(-0.,-1.,0.));
#685 = MANIFOLD_SOLID_BREP('',#686);
#686 = CLOSED_SHELL('',(#687,#720,#740,#760));
#687 = ADVANCED_FACE('',(#688),#715,.T.);
#688 = FACE_BOUND('',#689,.T.);
#689 = EDGE_LOOP('',(#690,#700,#707,#708));
#690 = ORIENTED_EDGE('',*,*,#691,.T.);
#691 = EDGE_CURVE('',#692,#694,#696,.T.);
#692 = VERTEX_POINT('',#693);
#693 = CARTESIAN_POINT('',(-27.1,-56.5,0.));
#694 = VERTEX_POINT('',#695);
#695 = CARTESIAN_POINT('',(-27.1,-56.5,-4.E-02));
#696 = LINE('',#697,#698);
#697 = CARTESIAN_POINT('',(-27.1,-56.5,0.));
#698 = VECTOR('',#699,1.);
#699 = DIRECTION('',(0.,0.,-1.));
#700 = ORIENTED_EDGE('',*,*,#701,.T.);
#701 = EDGE_CURVE('',#694,#694,#702,.T.);
#702 = CIRCLE('',#703,1.9);
#703 = AXIS2_PLACEMENT_3D('',#704,#705,#706);
#704 = CARTESIAN_POINT('',(-29.,-56.5,-4.E-02));
#705 = DIRECTION('',(0.,0.,1.));
#706 = DIRECTION('',(1.,0.,-0.));
#707 = ORIENTED_EDGE('',*,*,#691,.F.);
#708 = ORIENTED_EDGE('',*,*,#709,.F.);
#709 = EDGE_CURVE('',#692,#692,#710,.T.);
#710 = CIRCLE('',#711,1.9);
#711 = AXIS2_PLACEMENT_3D('',#712,#713,#714);
#712 = CARTESIAN_POINT('',(-29.,-56.5,0.));
#713 = DIRECTION('',(0.,0.,1.));
#714 = DIRECTION('',(1.,0.,-0.));
#715 = CYLINDRICAL_SURFACE('',#716,1.9);
#716 = AXIS2_PLACEMENT_3D('',#717,#718,#719);
#717 = CARTESIAN_POINT('',(-29.,-56.5,0.));
#718 = DIRECTION('',(0.,0.,1.));
#719 = DIRECTION('',(1.,0.,-0.));
#720 = ADVANCED_FACE('',(#721,#724),#735,.F.);
#721 = FACE_BOUND('',#722,.F.);
#722 = EDGE_LOOP('',(#723));
#723 = ORIENTED_EDGE('',*,*,#709,.F.);
#724 = FACE_BOUND('',#725,.F.);
#725 = EDGE_LOOP('',(#726));
#726 = ORIENTED_EDGE('',*,*,#727,.F.);
#727 = EDGE_CURVE('',#728,#728,#730,.T.);
#728 = VERTEX_POINT('',#729);
#729 = CARTESIAN_POINT('',(-29.,-57.575,0.));
#730 = CIRCLE('',#731,1.075);
#731 = AXIS2_PLACEMENT_3D('',#732,#733,#734);
#732 = CARTESIAN_POINT('',(-29.,-56.5,0.));
#733 = DIRECTION('',(-0.,0.,-1.));
#734 = DIRECTION('',(-0.,-1.,0.));
#735 = PLANE('',#736);
#736 = AXIS2_PLACEMENT_3D('',#737,#738,#739);
#737 = CARTESIAN_POINT('',(0.,0.,0.));
#738 = DIRECTION('',(-0.,-0.,-1.));
#739 = DIRECTION('',(-1.,0.,0.));
#740 = ADVANCED_FACE('',(#741,#744),#755,.T.);
#741 = FACE_BOUND('',#742,.T.);
#742 = EDGE_LOOP('',(#743));
#743 = ORIENTED_EDGE('',*,*,#701,.F.);
#744 = FACE_BOUND('',#745,.T.);
#745 = EDGE_LOOP('',(#746));
#746 = ORIENTED_EDGE('',*,*,#747,.F.);
#747 = EDGE_CURVE('',#748,#748,#750,.T.);
#748 = VERTEX_POINT('',#749);
#749 = CARTESIAN_POINT('',(-29.,-57.575,-4.E-02));
#750 = CIRCLE('',#751,1.075);
#751 = AXIS2_PLACEMENT_3D('',#752,#753,#754);
#752 = CARTESIAN_POINT('',(-29.,-56.5,-4.E-02));
#753 = DIRECTION('',(-0.,0.,-1.));
#754 = DIRECTION('',(-0.,-1.,0.));
#755 = PLANE('',#756);
#756 = AXIS2_PLACEMENT_3D('',#757,#758,#759);
#757 = CARTESIAN_POINT('',(0.,0.,-4.E-02));
#758 = DIRECTION('',(-0.,-0.,-1.));
#759 = DIRECTION('',(-1.,0.,0.));
#760 = ADVANCED_FACE('',(#761),#772,.F.);
#761 = FACE_BOUND('',#762,.T.);
#762 = EDGE_LOOP('',(#763,#764,#770,#771));
#763 = ORIENTED_EDGE('',*,*,#747,.T.);
#764 = ORIENTED_EDGE('',*,*,#765,.T.);
#765 = EDGE_CURVE('',#748,#728,#766,.T.);
#766 = LINE('',#767,#768);
#767 = CARTESIAN_POINT('',(-29.,-57.575,-4.6E-02));
#768 = VECTOR('',#769,1.);
#769 = DIRECTION('',(0.,0.,1.));
#770 = ORIENTED_EDGE('',*,*,#727,.F.);
#771 = ORIENTED_EDGE('',*,*,#765,.F.);
#772 = CYLINDRICAL_SURFACE('',#773,1.075);
#773 = AXIS2_PLACEMENT_3D('',#774,#775,#776);
#774 = CARTESIAN_POINT('',(-29.,-56.5,-4.6E-02));
#775 = DIRECTION('',(-0.,-0.,-1.));
#776 = DIRECTION('',(-0.,-1.,0.));
#777 = MANIFOLD_SOLID_BREP('',#778);
#778 = CLOSED_SHELL('',(#779,#812,#832,#852));
#779 = ADVANCED_FACE('',(#780),#807,.T.);
#780 = FACE_BOUND('',#781,.F.);
#781 = EDGE_LOOP('',(#782,#792,#799,#800));
#782 = ORIENTED_EDGE('',*,*,#783,.T.);
#783 = EDGE_CURVE('',#784,#786,#788,.T.);
#784 = VERTEX_POINT('',#785);
#785 = CARTESIAN_POINT('',(-29.,-57.6,-4.E-02));
#786 = VERTEX_POINT('',#787);
#787 = CARTESIAN_POINT('',(-29.,-57.6,1.55));
#788 = LINE('',#789,#790);
#789 = CARTESIAN_POINT('',(-29.,-57.6,-4.E-02));
#790 = VECTOR('',#791,1.);
#791 = DIRECTION('',(0.,0.,1.));
#792 = ORIENTED_EDGE('',*,*,#793,.T.);
#793 = EDGE_CURVE('',#786,#786,#794,.T.);
#794 = CIRCLE('',#795,1.1);
#795 = AXIS2_PLACEMENT_3D('',#796,#797,#798);
#796 = CARTESIAN_POINT('',(-29.,-56.5,1.55));
#797 = DIRECTION('',(0.,0.,1.));
#798 = DIRECTION('',(-0.,-1.,0.));
#799 = ORIENTED_EDGE('',*,*,#783,.F.);
#800 = ORIENTED_EDGE('',*,*,#801,.F.);
#801 = EDGE_CURVE('',#784,#784,#802,.T.);
#802 = CIRCLE('',#803,1.1);
#803 = AXIS2_PLACEMENT_3D('',#804,#805,#806);
#804 = CARTESIAN_POINT('',(-29.,-56.5,-4.E-02));
#805 = DIRECTION('',(0.,0.,1.));
#806 = DIRECTION('',(-0.,-1.,0.));
#807 = CYLINDRICAL_SURFACE('',#808,1.1);
#808 = AXIS2_PLACEMENT_3D('',#809,#810,#811);
#809 = CARTESIAN_POINT('',(-29.,-56.5,-4.E-02));
#810 = DIRECTION('',(-0.,-0.,-1.));
#811 = DIRECTION('',(-0.,-1.,0.));
#812 = ADVANCED_FACE('',(#813,#816),#827,.F.);
#813 = FACE_BOUND('',#814,.F.);
#814 = EDGE_LOOP('',(#815));
#815 = ORIENTED_EDGE('',*,*,#801,.T.);
#816 = FACE_BOUND('',#817,.F.);
#817 = EDGE_LOOP('',(#818));
#818 = ORIENTED_EDGE('',*,*,#819,.T.);
#819 = EDGE_CURVE('',#820,#820,#822,.T.);
#820 = VERTEX_POINT('',#821);
#821 = CARTESIAN_POINT('',(-29.,-57.575,-4.E-02));
#822 = CIRCLE('',#823,1.075);
#823 = AXIS2_PLACEMENT_3D('',#824,#825,#826);
#824 = CARTESIAN_POINT('',(-29.,-56.5,-4.E-02));
#825 = DIRECTION('',(-0.,0.,-1.));
#826 = DIRECTION('',(-0.,-1.,0.));
#827 = PLANE('',#828);
#828 = AXIS2_PLACEMENT_3D('',#829,#830,#831);
#829 = CARTESIAN_POINT('',(-29.,-57.6,-4.E-02));
#830 = DIRECTION('',(0.,0.,1.));
#831 = DIRECTION('',(1.,0.,-0.));
#832 = ADVANCED_FACE('',(#833,#836),#847,.T.);
#833 = FACE_BOUND('',#834,.T.);
#834 = EDGE_LOOP('',(#835));
#835 = ORIENTED_EDGE('',*,*,#793,.T.);
#836 = FACE_BOUND('',#837,.T.);
#837 = EDGE_LOOP('',(#838));
#838 = ORIENTED_EDGE('',*,*,#839,.T.);
#839 = EDGE_CURVE('',#840,#840,#842,.T.);
#840 = VERTEX_POINT('',#841);
#841 = CARTESIAN_POINT('',(-29.,-57.575,1.55));
#842 = CIRCLE('',#843,1.075);
#843 = AXIS2_PLACEMENT_3D('',#844,#845,#846);
#844 = CARTESIAN_POINT('',(-29.,-56.5,1.55));
#845 = DIRECTION('',(-0.,0.,-1.));
#846 = DIRECTION('',(-0.,-1.,0.));
#847 = PLANE('',#848);
#848 = AXIS2_PLACEMENT_3D('',#849,#850,#851);
#849 = CARTESIAN_POINT('',(-29.,-57.6,1.55));
#850 = DIRECTION('',(0.,0.,1.));
#851 = DIRECTION('',(1.,0.,-0.));
#852 = ADVANCED_FACE('',(#853),#864,.F.);
#853 = FACE_BOUND('',#854,.T.);
#854 = EDGE_LOOP('',(#855,#856,#862,#863));
#855 = ORIENTED_EDGE('',*,*,#819,.T.);
#856 = ORIENTED_EDGE('',*,*,#857,.T.);
#857 = EDGE_CURVE('',#820,#840,#858,.T.);
#858 = LINE('',#859,#860);
#859 = CARTESIAN_POINT('',(-29.,-57.575,-4.6E-02));
#860 = VECTOR('',#861,1.);
#861 = DIRECTION('',(0.,0.,1.));
#862 = ORIENTED_EDGE('',*,*,#839,.F.);
#863 = ORIENTED_EDGE('',*,*,#857,.F.);
#864 = CYLINDRICAL_SURFACE('',#865,1.075);
#865 = AXIS2_PLACEMENT_3D('',#866,#867,#868);
#866 = CARTESIAN_POINT('',(-29.,-56.5,-4.6E-02));
#867 = DIRECTION('',(-0.,-0.,-1.));
#868 = DIRECTION('',(-0.,-1.,0.));
#869 = MANIFOLD_SOLID_BREP('',#870);
#870 = CLOSED_SHELL('',(#871,#904,#924,#944));
#871 = ADVANCED_FACE('',(#872),#899,.T.);
#872 = FACE_BOUND('',#873,.F.);
#873 = EDGE_LOOP('',(#874,#884,#891,#892));
#874 = ORIENTED_EDGE('',*,*,#875,.T.);
#875 = EDGE_CURVE('',#876,#878,#880,.T.);
#876 = VERTEX_POINT('',#877);
#877 = CARTESIAN_POINT('',(30.9,-56.5,1.51));
#878 = VERTEX_POINT('',#879);
#879 = CARTESIAN_POINT('',(30.9,-56.5,1.55));
#880 = LINE('',#881,#882);
#881 = CARTESIAN_POINT('',(30.9,-56.5,1.51));
#882 = VECTOR('',#883,1.);
#883 = DIRECTION('',(0.,0.,1.));
#884 = ORIENTED_EDGE('',*,*,#885,.T.);
#885 = EDGE_CURVE('',#878,#878,#886,.T.);
#886 = CIRCLE('',#887,1.9);
#887 = AXIS2_PLACEMENT_3D('',#888,#889,#890);
#888 = CARTESIAN_POINT('',(29.,-56.5,1.55));
#889 = DIRECTION('',(0.,0.,1.));
#890 = DIRECTION('',(1.,0.,-0.));
#891 = ORIENTED_EDGE('',*,*,#875,.F.);
#892 = ORIENTED_EDGE('',*,*,#893,.F.);
#893 = EDGE_CURVE('',#876,#876,#894,.T.);
#894 = CIRCLE('',#895,1.9);
#895 = AXIS2_PLACEMENT_3D('',#896,#897,#898);
#896 = CARTESIAN_POINT('',(29.,-56.5,1.51));
#897 = DIRECTION('',(0.,0.,1.));
#898 = DIRECTION('',(1.,0.,-0.));
#899 = CYLINDRICAL_SURFACE('',#900,1.9);
#900 = AXIS2_PLACEMENT_3D('',#901,#902,#903);
#901 = CARTESIAN_POINT('',(29.,-56.5,1.51));
#902 = DIRECTION('',(-0.,-0.,-1.));
#903 = DIRECTION('',(1.,0.,-0.));
#904 = ADVANCED_FACE('',(#905,#908),#919,.F.);
#905 = FACE_BOUND('',#906,.F.);
#906 = EDGE_LOOP('',(#907));
#907 = ORIENTED_EDGE('',*,*,#893,.T.);
#908 = FACE_BOUND('',#909,.F.);
#909 = EDGE_LOOP('',(#910));
#910 = ORIENTED_EDGE('',*,*,#911,.T.);
#911 = EDGE_CURVE('',#912,#912,#914,.T.);
#912 = VERTEX_POINT('',#913);
#913 = CARTESIAN_POINT('',(29.,-57.575,1.51));
#914 = CIRCLE('',#915,1.075);
#915 = AXIS2_PLACEMENT_3D('',#916,#917,#918);
#916 = CARTESIAN_POINT('',(29.,-56.5,1.51));
#917 = DIRECTION('',(-0.,0.,-1.));
#918 = DIRECTION('',(-0.,-1.,0.));
#919 = PLANE('',#920);
#920 = AXIS2_PLACEMENT_3D('',#921,#922,#923);
#921 = CARTESIAN_POINT('',(0.,0.,1.51));
#922 = DIRECTION('',(0.,0.,1.));
#923 = DIRECTION('',(1.,0.,-0.));
#924 = ADVANCED_FACE('',(#925,#928),#939,.T.);
#925 = FACE_BOUND('',#926,.T.);
#926 = EDGE_LOOP('',(#927));
#927 = ORIENTED_EDGE('',*,*,#885,.T.);
#928 = FACE_BOUND('',#929,.T.);
#929 = EDGE_LOOP('',(#930));
#930 = ORIENTED_EDGE('',*,*,#931,.T.);
#931 = EDGE_CURVE('',#932,#932,#934,.T.);
#932 = VERTEX_POINT('',#933);
#933 = CARTESIAN_POINT('',(29.,-57.575,1.55));
#934 = CIRCLE('',#935,1.075);
#935 = AXIS2_PLACEMENT_3D('',#936,#937,#938);
#936 = CARTESIAN_POINT('',(29.,-56.5,1.55));
#937 = DIRECTION('',(-0.,0.,-1.));
#938 = DIRECTION('',(-0.,-1.,0.));
#939 = PLANE('',#940);
#940 = AXIS2_PLACEMENT_3D('',#941,#942,#943);
#941 = CARTESIAN_POINT('',(0.,0.,1.55));
#942 = DIRECTION('',(0.,0.,1.));
#943 = DIRECTION('',(1.,0.,-0.));
#944 = ADVANCED_FACE('',(#945),#956,.F.);
#945 = FACE_BOUND('',#946,.T.);
#946 = EDGE_LOOP('',(#947,#948,#954,#955));
#947 = ORIENTED_EDGE('',*,*,#911,.T.);
#948 = ORIENTED_EDGE('',*,*,#949,.T.);
#949 = EDGE_CURVE('',#912,#932,#950,.T.);
#950 = LINE('',#951,#952);
#951 = CARTESIAN_POINT('',(29.,-57.575,-4.6E-02));
#952 = VECTOR('',#953,1.);
#953 = DIRECTION('',(0.,0.,1.));
#954 = ORIENTED_EDGE('',*,*,#931,.F.);
#955 = ORIENTED_EDGE('',*,*,#949,.F.);
#956 = CYLINDRICAL_SURFACE('',#957,1.075);
#957 = AXIS2_PLACEMENT_3D('',#958,#959,#960);
#958 = CARTESIAN_POINT('',(29.,-56.5,-4.6E-02));
#959 = DIRECTION('',(-0.,-0.,-1.));
#960 = DIRECTION('',(-0.,-1.,0.));
#961 = MANIFOLD_SOLID_BREP('',#962);
#962 = CLOSED_SHELL('',(#963,#996,#1016,#1036));
#963 = ADVANCED_FACE('',(#964),#991,.T.);
#964 = FACE_BOUND('',#965,.T.);
#965 = EDGE_LOOP('',(#966,#976,#983,#984));
#966 = ORIENTED_EDGE('',*,*,#967,.T.);
#967 = EDGE_CURVE('',#968,#970,#972,.T.);
#968 = VERTEX_POINT('',#969);
#969 = CARTESIAN_POINT('',(30.9,-56.5,0.));
#970 = VERTEX_POINT('',#971);
#971 = CARTESIAN_POINT('',(30.9,-56.5,-4.E-02));
#972 = LINE('',#973,#974);
#973 = CARTESIAN_POINT('',(30.9,-56.5,0.));
#974 = VECTOR('',#975,1.);
#975 = DIRECTION('',(0.,0.,-1.));
#976 = ORIENTED_EDGE('',*,*,#977,.T.);
#977 = EDGE_CURVE('',#970,#970,#978,.T.);
#978 = CIRCLE('',#979,1.9);
#979 = AXIS2_PLACEMENT_3D('',#980,#981,#982);
#980 = CARTESIAN_POINT('',(29.,-56.5,-4.E-02));
#981 = DIRECTION('',(0.,0.,1.));
#982 = DIRECTION('',(1.,0.,-0.));
#983 = ORIENTED_EDGE('',*,*,#967,.F.);
#984 = ORIENTED_EDGE('',*,*,#985,.F.);
#985 = EDGE_CURVE('',#968,#968,#986,.T.);
#986 = CIRCLE('',#987,1.9);
#987 = AXIS2_PLACEMENT_3D('',#988,#989,#990);
#988 = CARTESIAN_POINT('',(29.,-56.5,0.));
#989 = DIRECTION('',(0.,0.,1.));
#990 = DIRECTION('',(1.,0.,-0.));
#991 = CYLINDRICAL_SURFACE('',#992,1.9);
#992 = AXIS2_PLACEMENT_3D('',#993,#994,#995);
#993 = CARTESIAN_POINT('',(29.,-56.5,0.));
#994 = DIRECTION('',(0.,0.,1.));
#995 = DIRECTION('',(1.,0.,-0.));
#996 = ADVANCED_FACE('',(#997,#1000),#1011,.F.);
#997 = FACE_BOUND('',#998,.F.);
#998 = EDGE_LOOP('',(#999));
#999 = ORIENTED_EDGE('',*,*,#985,.F.);
#1000 = FACE_BOUND('',#1001,.F.);
#1001 = EDGE_LOOP('',(#1002));
#1002 = ORIENTED_EDGE('',*,*,#1003,.F.);
#1003 = EDGE_CURVE('',#1004,#1004,#1006,.T.);
#1004 = VERTEX_POINT('',#1005);
#1005 = CARTESIAN_POINT('',(29.,-57.575,0.));
#1006 = CIRCLE('',#1007,1.075);
#1007 = AXIS2_PLACEMENT_3D('',#1008,#1009,#1010);
#1008 = CARTESIAN_POINT('',(29.,-56.5,0.));
#1009 = DIRECTION('',(-0.,0.,-1.));
#1010 = DIRECTION('',(-0.,-1.,0.));
#1011 = PLANE('',#1012);
#1012 = AXIS2_PLACEMENT_3D('',#1013,#1014,#1015);
#1013 = CARTESIAN_POINT('',(0.,0.,0.));
#1014 = DIRECTION('',(-0.,-0.,-1.));
#1015 = DIRECTION('',(-1.,0.,0.));
#1016 = ADVANCED_FACE('',(#1017,#1020),#1031,.T.);
#1017 = FACE_BOUND('',#1018,.T.);
#1018 = EDGE_LOOP('',(#1019));
#1019 = ORIENTED_EDGE('',*,*,#977,.F.);
#1020 = FACE_BOUND('',#1021,.T.);
#1021 = EDGE_LOOP('',(#1022));
#1022 = ORIENTED_EDGE('',*,*,#1023,.F.);
#1023 = EDGE_CURVE('',#1024,#1024,#1026,.T.);
#1024 = VERTEX_POINT('',#1025);
#1025 = CARTESIAN_POINT('',(29.,-57.575,-4.E-02));
#1026 = CIRCLE('',#1027,1.075);
#1027 = AXIS2_PLACEMENT_3D('',#1028,#1029,#1030);
#1028 = CARTESIAN_POINT('',(29.,-56.5,-4.E-02));
#1029 = DIRECTION('',(-0.,0.,-1.));
#1030 = DIRECTION('',(-0.,-1.,0.));
#1031 = PLANE('',#1032);
#1032 = AXIS2_PLACEMENT_3D('',#1033,#1034,#1035);
#1033 = CARTESIAN_POINT('',(0.,0.,-4.E-02));
#1034 = DIRECTION('',(-0.,-0.,-1.));
#1035 = DIRECTION('',(-1.,0.,0.));
#1036 = ADVANCED_FACE('',(#1037),#1048,.F.);
#1037 = FACE_BOUND('',#1038,.T.);
#1038 = EDGE_LOOP('',(#1039,#1040,#1046,#1047));
#1039 = ORIENTED_EDGE('',*,*,#1023,.T.);
#1040 = ORIENTED_EDGE('',*,*,#1041,.T.);
#1041 = EDGE_CURVE('',#1024,#1004,#1042,.T.);
#1042 = LINE('',#1043,#1044);
#1043 = CARTESIAN_POINT('',(29.,-57.575,-4.6E-02));
#1044 = VECTOR('',#1045,1.);
#1045 = DIRECTION('',(0.,0.,1.));
#1046 = ORIENTED_EDGE('',*,*,#1003,.F.);
#1047 = ORIENTED_EDGE('',*,*,#1041,.F.);
#1048 = CYLINDRICAL_SURFACE('',#1049,1.075);
#1049 = AXIS2_PLACEMENT_3D('',#1050,#1051,#1052);
#1050 = CARTESIAN_POINT('',(29.,-56.5,-4.6E-02));
#1051 = DIRECTION('',(-0.,-0.,-1.));
#1052 = DIRECTION('',(-0.,-1.,0.));
#1053 = MANIFOLD_SOLID_BREP('',#1054);
#1054 = CLOSED_SHELL('',(#1055,#1088,#1108,#1128));
#1055 = ADVANCED_FACE('',(#1056),#1083,.T.);
#1056 = FACE_BOUND('',#1057,.F.);
#1057 = EDGE_LOOP('',(#1058,#1068,#1075,#1076));
#1058 = ORIENTED_EDGE('',*,*,#1059,.T.);
#1059 = EDGE_CURVE('',#1060,#1062,#1064,.T.);
#1060 = VERTEX_POINT('',#1061);
#1061 = CARTESIAN_POINT('',(29.,-57.6,-4.E-02));
#1062 = VERTEX_POINT('',#1063);
#1063 = CARTESIAN_POINT('',(29.,-57.6,1.55));
#1064 = LINE('',#1065,#1066);
#1065 = CARTESIAN_POINT('',(29.,-57.6,-4.E-02));
#1066 = VECTOR('',#1067,1.);
#1067 = DIRECTION('',(0.,0.,1.));
#1068 = ORIENTED_EDGE('',*,*,#1069,.T.);
#1069 = EDGE_CURVE('',#1062,#1062,#1070,.T.);
#1070 = CIRCLE('',#1071,1.1);
#1071 = AXIS2_PLACEMENT_3D('',#1072,#1073,#1074);
#1072 = CARTESIAN_POINT('',(29.,-56.5,1.55));
#1073 = DIRECTION('',(0.,0.,1.));
#1074 = DIRECTION('',(-0.,-1.,0.));
#1075 = ORIENTED_EDGE('',*,*,#1059,.F.);
#1076 = ORIENTED_EDGE('',*,*,#1077,.F.);
#1077 = EDGE_CURVE('',#1060,#1060,#1078,.T.);
#1078 = CIRCLE('',#1079,1.1);
#1079 = AXIS2_PLACEMENT_3D('',#1080,#1081,#1082);
#1080 = CARTESIAN_POINT('',(29.,-56.5,-4.E-02));
#1081 = DIRECTION('',(0.,0.,1.));
#1082 = DIRECTION('',(-0.,-1.,0.));
#1083 = CYLINDRICAL_SURFACE('',#1084,1.1);
#1084 = AXIS2_PLACEMENT_3D('',#1085,#1086,#1087);
#1085 = CARTESIAN_POINT('',(29.,-56.5,-4.E-02));
#1086 = DIRECTION('',(-0.,-0.,-1.));
#1087 = DIRECTION('',(-0.,-1.,0.));
#1088 = ADVANCED_FACE('',(#1089,#1092),#1103,.F.);
#1089 = FACE_BOUND('',#1090,.F.);
#1090 = EDGE_LOOP('',(#1091));
#1091 = ORIENTED_EDGE('',*,*,#1077,.T.);
#1092 = FACE_BOUND('',#1093,.F.);
#1093 = EDGE_LOOP('',(#1094));
#1094 = ORIENTED_EDGE('',*,*,#1095,.T.);
#1095 = EDGE_CURVE('',#1096,#1096,#1098,.T.);
#1096 = VERTEX_POINT('',#1097);
#1097 = CARTESIAN_POINT('',(29.,-57.575,-4.E-02));
#1098 = CIRCLE('',#1099,1.075);
#1099 = AXIS2_PLACEMENT_3D('',#1100,#1101,#1102);
#1100 = CARTESIAN_POINT('',(29.,-56.5,-4.E-02));
#1101 = DIRECTION('',(-0.,0.,-1.));
#1102 = DIRECTION('',(-0.,-1.,0.));
#1103 = PLANE('',#1104);
#1104 = AXIS2_PLACEMENT_3D('',#1105,#1106,#1107);
#1105 = CARTESIAN_POINT('',(29.,-57.6,-4.E-02));
#1106 = DIRECTION('',(0.,0.,1.));
#1107 = DIRECTION('',(1.,0.,-0.));
#1108 = ADVANCED_FACE('',(#1109,#1112),#1123,.T.);
#1109 = FACE_BOUND('',#1110,.T.);
#1110 = EDGE_LOOP('',(#1111));
#1111 = ORIENTED_EDGE('',*,*,#1069,.T.);
#1112 = FACE_BOUND('',#1113,.T.);
#1113 = EDGE_LOOP('',(#1114));
#1114 = ORIENTED_EDGE('',*,*,#1115,.T.);
#1115 = EDGE_CURVE('',#1116,#1116,#1118,.T.);
#1116 = VERTEX_POINT('',#1117);
#1117 = CARTESIAN_POINT('',(29.,-57.575,1.55));
#1118 = CIRCLE('',#1119,1.075);
#1119 = AXIS2_PLACEMENT_3D('',#1120,#1121,#1122);
#1120 = CARTESIAN_POINT('',(29.,-56.5,1.55));
#1121 = DIRECTION('',(-0.,0.,-1.));
#1122 = DIRECTION('',(-0.,-1.,0.));
#1123 = PLANE('',#1124);
#1124 = AXIS2_PLACEMENT_3D('',#1125,#1126,#1127);
#1125 = CARTESIAN_POINT('',(29.,-57.6,1.55));
#1126 = DIRECTION('',(0.,0.,1.));
#1127 = DIRECTION('',(1.,0.,-0.));
#1128 = ADVANCED_FACE('',(#1129),#1140,.F.);
#1129 = FACE_BOUND('',#1130,.T.);
#1130 = EDGE_LOOP('',(#1131,#1132,#1138,#1139));
#1131 = ORIENTED_EDGE('',*,*,#1095,.T.);
#1132 = ORIENTED_EDGE('',*,*,#1133,.T.);
#1133 = EDGE_CURVE('',#1096,#1116,#1134,.T.);
#1134 = LINE('',#1135,#1136);
#1135 = CARTESIAN_POINT('',(29.,-57.575,-4.6E-02));
#1136 = VECTOR('',#1137,1.);
#1137 = DIRECTION('',(0.,0.,1.));
#1138 = ORIENTED_EDGE('',*,*,#1115,.F.);
#1139 = ORIENTED_EDGE('',*,*,#1133,.F.);
#1140 = CYLINDRICAL_SURFACE('',#1141,1.075);
#1141 = AXIS2_PLACEMENT_3D('',#1142,#1143,#1144);
#1142 = CARTESIAN_POINT('',(29.,-56.5,-4.6E-02));
#1143 = DIRECTION('',(-0.,-0.,-1.));
#1144 = DIRECTION('',(-0.,-1.,0.));
#1145 = ( GEOMETRIC_REPRESENTATION_CONTEXT(3) 
GLOBAL_UNCERTAINTY_ASSIGNED_CONTEXT((#1149)) 
GLOBAL_UNIT_ASSIGNED_CONTEXT((#1146,#1147,#1148)) REPRESENTATION_CONTEXT
('Context #1','3D Context with UNIT and UNCERTAINTY') );
#1146 = ( LENGTH_UNIT() NAMED_UNIT(*) SI_UNIT(.MILLI.,.METRE.) );
#1147 = ( NAMED_UNIT(*) PLANE_ANGLE_UNIT() SI_UNIT($,.RADIAN.) );
#1148 = ( NAMED_UNIT(*) SI_UNIT($,.STERADIAN.) SOLID_ANGLE_UNIT() );
#1149 = UNCERTAINTY_MEASURE_WITH_UNIT(LENGTH_MEASURE(1.E-07),#1146,
  'distance_accuracy_value','confusion accuracy');
#1150 = CONTEXT_DEPENDENT_SHAPE_REPRESENTATION(#1151,#1153);
#1151 = ( REPRESENTATION_RELATIONSHIP('','',#40,#10) 
REPRESENTATION_RELATIONSHIP_WITH_TRANSFORMATION(#1152) 
SHAPE_REPRESENTATION_RELATIONSHIP() );
#1152 = ITEM_DEFINED_TRANSFORMATION('','',#11,#15);
#1153 = PRODUCT_DEFINITION_SHAPE('Placement','Placement of an item',
  #1154);
#1154 = NEXT_ASSEMBLY_USAGE_OCCURRENCE('1','=>[0:1:1:2]','',#5,#35,$);
#1155 = PRODUCT_RELATED_PRODUCT_CATEGORY('part',$,(#37));
#1156 = SHAPE_DEFINITION_REPRESENTATION(#1157,#1163);
#1157 = PRODUCT_DEFINITION_SHAPE('','',#1158);
#1158 = PRODUCT_DEFINITION('design','',#1159,#1162);
#1159 = PRODUCT_DEFINITION_FORMATION('','',#1160);
#1160 = PRODUCT('top-plate_soldermask','top-plate_soldermask','',(#1161)
  );
#1161 = PRODUCT_CONTEXT('',#2,'mechanical');
#1162 = PRODUCT_DEFINITION_CONTEXT('part definition',#2,'design');
#1163 = SHAPE_REPRESENTATION('',(#11,#1164,#3358),#5552);
#1164 = SHELL_BASED_SURFACE_MODEL('',(#1165));
#1165 = OPEN_SHELL('',(#1166));
#1166 = ADVANCED_FACE('',(#1167,#1433,#1444,#1455,#1589,#1723,#1857,
    #1991,#2125,#2259,#2393,#2527,#2661,#2795,#2929,#3063,#3197,#3331,
    #3342),#3353,.T.);
#1167 = FACE_BOUND('',#1168,.F.);
#1168 = EDGE_LOOP('',(#1169,#1180,#1188,#1196,#1204,#1213,#1221,#1229,
    #1237,#1246,#1254,#1262,#1270,#1279,#1287,#1295,#1303,#1312,#1320,
    #1328,#1336,#1345,#1353,#1361,#1369,#1378,#1386,#1394,#1402,#1411,
    #1419,#1427));
#1169 = ORIENTED_EDGE('',*,*,#1170,.T.);
#1170 = EDGE_CURVE('',#1171,#1173,#1175,.T.);
#1171 = VERTEX_POINT('',#1172);
#1172 = CARTESIAN_POINT('',(-32.497616,56.683304,1.56));
#1173 = VERTEX_POINT('',#1174);
#1174 = CARTESIAN_POINT('',(-29.183304,59.997682,1.56));
#1175 = CIRCLE('',#1176,3.502442548353);
#1176 = AXIS2_PLACEMENT_3D('',#1177,#1178,#1179);
#1177 = CARTESIAN_POINT('',(-28.99997129842,56.500040948513,1.56));
#1178 = DIRECTION('',(0.,0.,-1.));
#1179 = DIRECTION('',(-0.998630142619,5.232435620491E-02,0.));
#1180 = ORIENTED_EDGE('',*,*,#1181,.T.);
#1181 = EDGE_CURVE('',#1173,#1182,#1184,.T.);
#1182 = VERTEX_POINT('',#1183);
#1183 = CARTESIAN_POINT('',(-29.,60.,1.56));
#1184 = LINE('',#1185,#1186);
#1185 = CARTESIAN_POINT('',(-29.183304,59.997682,1.56));
#1186 = VECTOR('',#1187,1.);
#1187 = DIRECTION('',(0.999920053234,1.26446486896E-02,0.));
#1188 = ORIENTED_EDGE('',*,*,#1189,.T.);
#1189 = EDGE_CURVE('',#1182,#1190,#1192,.T.);
#1190 = VERTEX_POINT('',#1191);
#1191 = CARTESIAN_POINT('',(29.,60.,1.56));
#1192 = LINE('',#1193,#1194);
#1193 = CARTESIAN_POINT('',(-29.,60.,1.56));
#1194 = VECTOR('',#1195,1.);
#1195 = DIRECTION('',(1.,0.,0.));
#1196 = ORIENTED_EDGE('',*,*,#1197,.T.);
#1197 = EDGE_CURVE('',#1190,#1198,#1200,.T.);
#1198 = VERTEX_POINT('',#1199);
#1199 = CARTESIAN_POINT('',(29.183307,59.997695,1.56));
#1200 = LINE('',#1201,#1202);
#1201 = CARTESIAN_POINT('',(29.,60.,1.56));
#1202 = VECTOR('',#1203,1.);
#1203 = DIRECTION('',(0.999920949929,-1.257353941522E-02,0.));
#1204 = ORIENTED_EDGE('',*,*,#1205,.T.);
#1205 = EDGE_CURVE('',#1198,#1206,#1208,.T.);
#1206 = VERTEX_POINT('',#1207);
#1207 = CARTESIAN_POINT('',(32.497686,56.683307,1.56));
#1208 = CIRCLE('',#1209,3.502453116635);
#1209 = AXIS2_PLACEMENT_3D('',#1210,#1211,#1212);
#1210 = CARTESIAN_POINT('',(29.000030901611,56.500040399273,1.56));
#1211 = DIRECTION('',(0.,0.,-1.));
#1212 = DIRECTION('',(5.232792339692E-02,0.998629955706,0.));
#1213 = ORIENTED_EDGE('',*,*,#1214,.T.);
#1214 = EDGE_CURVE('',#1206,#1215,#1217,.T.);
#1215 = VERTEX_POINT('',#1216);
#1216 = CARTESIAN_POINT('',(32.5,56.5,1.56));
#1217 = LINE('',#1218,#1219);
#1218 = CARTESIAN_POINT('',(32.497686,56.683307,1.56));
#1219 = VECTOR('',#1220,1.);
#1220 = DIRECTION('',(1.262262568837E-02,-0.999920331487,0.));
#1221 = ORIENTED_EDGE('',*,*,#1222,.T.);
#1222 = EDGE_CURVE('',#1215,#1223,#1225,.T.);
#1223 = VERTEX_POINT('',#1224);
#1224 = CARTESIAN_POINT('',(32.5,-56.5,1.56));
#1225 = LINE('',#1226,#1227);
#1226 = CARTESIAN_POINT('',(32.5,56.5,1.56));
#1227 = VECTOR('',#1228,1.);
#1228 = DIRECTION('',(0.,-1.,0.));
#1229 = ORIENTED_EDGE('',*,*,#1230,.T.);
#1230 = EDGE_CURVE('',#1223,#1231,#1233,.T.);
#1231 = VERTEX_POINT('',#1232);
#1232 = CARTESIAN_POINT('',(32.497669,-56.683303,1.56));
#1233 = LINE('',#1234,#1235);
#1234 = CARTESIAN_POINT('',(32.5,-56.5,1.56));
#1235 = VECTOR('',#1236,1.);
#1236 = DIRECTION('',(-1.271562138181E-02,-0.999919153218,0.));
#1237 = ORIENTED_EDGE('',*,*,#1238,.T.);
#1238 = EDGE_CURVE('',#1231,#1239,#1241,.T.);
#1239 = VERTEX_POINT('',#1240);
#1240 = CARTESIAN_POINT('',(29.183303,-59.997603,1.56));
#1241 = CIRCLE('',#1242,3.502440901759);
#1242 = AXIS2_PLACEMENT_3D('',#1243,#1244,#1245);
#1243 = CARTESIAN_POINT('',(29.000030112936,-56.49996046263,1.56));
#1244 = DIRECTION('',(0.,0.,-1.));
#1245 = DIRECTION('',(0.998628951971,-5.234707522747E-02,0.));
#1246 = ORIENTED_EDGE('',*,*,#1247,.T.);
#1247 = EDGE_CURVE('',#1239,#1248,#1250,.T.);
#1248 = VERTEX_POINT('',#1249);
#1249 = CARTESIAN_POINT('',(29.,-60.,1.56));
#1250 = LINE('',#1251,#1252);
#1251 = CARTESIAN_POINT('',(29.183303,-59.997603,1.56));
#1252 = VECTOR('',#1253,1.);
#1253 = DIRECTION('',(-0.999914510804,-1.307559113817E-02,0.));
#1254 = ORIENTED_EDGE('',*,*,#1255,.T.);
#1255 = EDGE_CURVE('',#1248,#1256,#1258,.T.);
#1256 = VERTEX_POINT('',#1257);
#1257 = CARTESIAN_POINT('',(-29.,-60.,1.56));
#1258 = LINE('',#1259,#1260);
#1259 = CARTESIAN_POINT('',(29.,-60.,1.56));
#1260 = VECTOR('',#1261,1.);
#1261 = DIRECTION('',(-1.,0.,0.));
#1262 = ORIENTED_EDGE('',*,*,#1263,.T.);
#1263 = EDGE_CURVE('',#1256,#1264,#1266,.T.);
#1264 = VERTEX_POINT('',#1265);
#1265 = CARTESIAN_POINT('',(-29.183302,-59.997602,1.56));
#1266 = LINE('',#1267,#1268);
#1267 = CARTESIAN_POINT('',(-29.,-60.,1.56));
#1268 = VECTOR('',#1269,1.);
#1269 = DIRECTION('',(-0.999914438535,1.308111653777E-02,0.));
#1270 = ORIENTED_EDGE('',*,*,#1271,.T.);
#1271 = EDGE_CURVE('',#1264,#1272,#1274,.T.);
#1272 = VERTEX_POINT('',#1273);
#1273 = CARTESIAN_POINT('',(-32.497602,-56.683302,1.56));
#1274 = CIRCLE('',#1275,3.502402617231);
#1275 = AXIS2_PLACEMENT_3D('',#1276,#1277,#1278);
#1276 = CARTESIAN_POINT('',(-28.99999935891,-56.49999935891,1.56));
#1277 = DIRECTION('',(0.,0.,-1.));
#1278 = DIRECTION('',(-5.233625631386E-02,-0.998629519028,-0.));
#1279 = ORIENTED_EDGE('',*,*,#1280,.T.);
#1280 = EDGE_CURVE('',#1272,#1281,#1283,.T.);
#1281 = VERTEX_POINT('',#1282);
#1282 = CARTESIAN_POINT('',(-32.5,-56.5,1.56));
#1283 = LINE('',#1284,#1285);
#1284 = CARTESIAN_POINT('',(-32.497602,-56.683302,1.56));
#1285 = VECTOR('',#1286,1.);
#1286 = DIRECTION('',(-1.308111653777E-02,0.999914438535,0.));
#1287 = ORIENTED_EDGE('',*,*,#1288,.T.);
#1288 = EDGE_CURVE('',#1281,#1289,#1291,.T.);
#1289 = VERTEX_POINT('',#1290);
#1290 = CARTESIAN_POINT('',(-32.5,42.57884,1.56));
#1291 = LINE('',#1292,#1293);
#1292 = CARTESIAN_POINT('',(-32.5,-56.5,1.56));
#1293 = VECTOR('',#1294,1.);
#1294 = DIRECTION('',(0.,1.,0.));
#1295 = ORIENTED_EDGE('',*,*,#1296,.T.);
#1296 = EDGE_CURVE('',#1289,#1297,#1299,.T.);
#1297 = VERTEX_POINT('',#1298);
#1298 = CARTESIAN_POINT('',(-32.497088,42.637937,1.56));
#1299 = LINE('',#1300,#1301);
#1300 = CARTESIAN_POINT('',(-32.5,42.57884,1.56));
#1301 = VECTOR('',#1302,1.);
#1302 = DIRECTION('',(4.921520941301E-02,0.998788197348,0.));
#1303 = ORIENTED_EDGE('',*,*,#1304,.T.);
#1304 = EDGE_CURVE('',#1297,#1305,#1307,.T.);
#1305 = VERTEX_POINT('',#1306);
#1306 = CARTESIAN_POINT('',(-32.259096,42.875952,1.56));
#1307 = CIRCLE('',#1308,0.302938784449);
#1308 = AXIS2_PLACEMENT_3D('',#1309,#1310,#1311);
#1309 = CARTESIAN_POINT('',(-32.19996956234,42.578839274771,1.56));
#1310 = DIRECTION('',(0.,0.,-1.));
#1311 = DIRECTION('',(-0.980787053061,0.195081410051,0.));
#1312 = ORIENTED_EDGE('',*,*,#1313,.T.);
#1313 = EDGE_CURVE('',#1305,#1314,#1316,.T.);
#1314 = VERTEX_POINT('',#1315);
#1315 = CARTESIAN_POINT('',(-32.2,42.87884,1.56));
#1316 = LINE('',#1317,#1318);
#1317 = CARTESIAN_POINT('',(-32.259096,42.875952,1.56));
#1318 = VECTOR('',#1319,1.);
#1319 = DIRECTION('',(0.998808013984,4.881138392422E-02,0.));
#1320 = ORIENTED_EDGE('',*,*,#1321,.T.);
#1321 = EDGE_CURVE('',#1314,#1322,#1324,.T.);
#1322 = VERTEX_POINT('',#1323);
#1323 = CARTESIAN_POINT('',(-24.93977,42.87884,1.56));
#1324 = LINE('',#1325,#1326);
#1325 = CARTESIAN_POINT('',(-32.2,42.87884,1.56));
#1326 = VECTOR('',#1327,1.);
#1327 = DIRECTION('',(1.,0.,0.));
#1328 = ORIENTED_EDGE('',*,*,#1329,.T.);
#1329 = EDGE_CURVE('',#1322,#1330,#1332,.T.);
#1330 = VERTEX_POINT('',#1331);
#1331 = CARTESIAN_POINT('',(-24.88067,42.881722,1.56));
#1332 = LINE('',#1333,#1334);
#1333 = CARTESIAN_POINT('',(-24.93977,42.87884,1.56));
#1334 = VECTOR('',#1335,1.);
#1335 = DIRECTION('',(0.998813113275,4.870692711449E-02,0.));
#1336 = ORIENTED_EDGE('',*,*,#1337,.T.);
#1337 = EDGE_CURVE('',#1330,#1338,#1340,.T.);
#1338 = VERTEX_POINT('',#1339);
#1339 = CARTESIAN_POINT('',(-24.642652,43.11974,1.56));
#1340 = CIRCLE('',#1341,0.302939994261);
#1341 = AXIS2_PLACEMENT_3D('',#1342,#1343,#1344);
#1342 = CARTESIAN_POINT('',(-24.9397710165,43.178841016508,1.56));
#1343 = DIRECTION('',(0.,0.,1.));
#1344 = DIRECTION('',(0.195091495436,-0.980785046995,0.));
#1345 = ORIENTED_EDGE('',*,*,#1346,.T.);
#1346 = EDGE_CURVE('',#1338,#1347,#1349,.T.);
#1347 = VERTEX_POINT('',#1348);
#1348 = CARTESIAN_POINT('',(-24.63977,43.17884,1.56));
#1349 = LINE('',#1350,#1351);
#1350 = CARTESIAN_POINT('',(-24.642652,43.11974,1.56));
#1351 = VECTOR('',#1352,1.);
#1352 = DIRECTION('',(4.870692711437E-02,0.998813113275,0.));
#1353 = ORIENTED_EDGE('',*,*,#1354,.T.);
#1354 = EDGE_CURVE('',#1347,#1355,#1357,.T.);
#1355 = VERTEX_POINT('',#1356);
#1356 = CARTESIAN_POINT('',(-24.63977,51.57884,1.56));
#1357 = LINE('',#1358,#1359);
#1358 = CARTESIAN_POINT('',(-24.63977,43.17884,1.56));
#1359 = VECTOR('',#1360,1.);
#1360 = DIRECTION('',(0.,1.,0.));
#1361 = ORIENTED_EDGE('',*,*,#1362,.T.);
#1362 = EDGE_CURVE('',#1355,#1363,#1365,.T.);
#1363 = VERTEX_POINT('',#1364);
#1364 = CARTESIAN_POINT('',(-24.642652,51.63794,1.56));
#1365 = LINE('',#1366,#1367);
#1366 = CARTESIAN_POINT('',(-24.63977,51.57884,1.56));
#1367 = VECTOR('',#1368,1.);
#1368 = DIRECTION('',(-4.870692711437E-02,0.998813113275,0.));
#1369 = ORIENTED_EDGE('',*,*,#1370,.T.);
#1370 = EDGE_CURVE('',#1363,#1371,#1373,.T.);
#1371 = VERTEX_POINT('',#1372);
#1372 = CARTESIAN_POINT('',(-24.88067,51.875958,1.56));
#1373 = CIRCLE('',#1374,0.302939994261);
#1374 = AXIS2_PLACEMENT_3D('',#1375,#1376,#1377);
#1375 = CARTESIAN_POINT('',(-24.9397710165,51.578838983492,1.56));
#1376 = DIRECTION('',(0.,0.,1.));
#1377 = DIRECTION('',(0.980785046995,0.195091495436,-0.));
#1378 = ORIENTED_EDGE('',*,*,#1379,.T.);
#1379 = EDGE_CURVE('',#1371,#1380,#1382,.T.);
#1380 = VERTEX_POINT('',#1381);
#1381 = CARTESIAN_POINT('',(-24.93977,51.87884,1.56));
#1382 = LINE('',#1383,#1384);
#1383 = CARTESIAN_POINT('',(-24.88067,51.875958,1.56));
#1384 = VECTOR('',#1385,1.);
#1385 = DIRECTION('',(-0.998813113275,4.870692711437E-02,0.));
#1386 = ORIENTED_EDGE('',*,*,#1387,.T.);
#1387 = EDGE_CURVE('',#1380,#1388,#1390,.T.);
#1388 = VERTEX_POINT('',#1389);
#1389 = CARTESIAN_POINT('',(-32.2,51.87884,1.56));
#1390 = LINE('',#1391,#1392);
#1391 = CARTESIAN_POINT('',(-24.93977,51.87884,1.56));
#1392 = VECTOR('',#1393,1.);
#1393 = DIRECTION('',(-1.,0.,0.));
#1394 = ORIENTED_EDGE('',*,*,#1395,.T.);
#1395 = EDGE_CURVE('',#1388,#1396,#1398,.T.);
#1396 = VERTEX_POINT('',#1397);
#1397 = CARTESIAN_POINT('',(-32.25909,51.881795,1.56));
#1398 = LINE('',#1399,#1400);
#1399 = CARTESIAN_POINT('',(-32.2,51.87884,1.56));
#1400 = VECTOR('',#1401,1.);
#1401 = DIRECTION('',(-0.998751917341,4.994604697481E-02,0.));
#1402 = ORIENTED_EDGE('',*,*,#1403,.T.);
#1403 = EDGE_CURVE('',#1396,#1404,#1406,.T.);
#1404 = VERTEX_POINT('',#1405);
#1405 = CARTESIAN_POINT('',(-32.497101,52.119751,1.56));
#1406 = CIRCLE('',#1407,0.302969193024);
#1407 = AXIS2_PLACEMENT_3D('',#1408,#1409,#1410);
#1408 = CARTESIAN_POINT('',(-32.19996971658,52.178939954544,1.56));
#1409 = DIRECTION('',(0.,0.,-1.));
#1410 = DIRECTION('',(-0.19513628703,-0.980776136274,-0.));
#1411 = ORIENTED_EDGE('',*,*,#1412,.T.);
#1412 = EDGE_CURVE('',#1404,#1413,#1415,.T.);
#1413 = VERTEX_POINT('',#1414);
#1414 = CARTESIAN_POINT('',(-32.5,52.17884,1.56));
#1415 = LINE('',#1416,#1417);
#1416 = CARTESIAN_POINT('',(-32.497101,52.119751,1.56));
#1417 = VECTOR('',#1418,1.);
#1418 = DIRECTION('',(-4.900264487128E-02,0.998798648775,0.));
#1419 = ORIENTED_EDGE('',*,*,#1420,.T.);
#1420 = EDGE_CURVE('',#1413,#1421,#1423,.T.);
#1421 = VERTEX_POINT('',#1422);
#1422 = CARTESIAN_POINT('',(-32.5,56.5,1.56));
#1423 = LINE('',#1424,#1425);
#1424 = CARTESIAN_POINT('',(-32.5,52.17884,1.56));
#1425 = VECTOR('',#1426,1.);
#1426 = DIRECTION('',(0.,1.,0.));
#1427 = ORIENTED_EDGE('',*,*,#1428,.T.);
#1428 = EDGE_CURVE('',#1421,#1171,#1429,.T.);
#1429 = LINE('',#1430,#1431);
#1430 = CARTESIAN_POINT('',(-32.5,56.5,1.56));
#1431 = VECTOR('',#1432,1.);
#1432 = DIRECTION('',(1.300461746795E-02,0.999915436387,0.));
#1433 = FACE_BOUND('',#1434,.F.);
#1434 = EDGE_LOOP('',(#1435));
#1435 = ORIENTED_EDGE('',*,*,#1436,.T.);
#1436 = EDGE_CURVE('',#1437,#1437,#1439,.T.);
#1437 = VERTEX_POINT('',#1438);
#1438 = CARTESIAN_POINT('',(-27.1,-56.5,1.56));
#1439 = CIRCLE('',#1440,1.9);
#1440 = AXIS2_PLACEMENT_3D('',#1441,#1442,#1443);
#1441 = CARTESIAN_POINT('',(-29.,-56.5,1.56));
#1442 = DIRECTION('',(0.,0.,1.));
#1443 = DIRECTION('',(1.,0.,-0.));
#1444 = FACE_BOUND('',#1445,.F.);
#1445 = EDGE_LOOP('',(#1446));
#1446 = ORIENTED_EDGE('',*,*,#1447,.T.);
#1447 = EDGE_CURVE('',#1448,#1448,#1450,.T.);
#1448 = VERTEX_POINT('',#1449);
#1449 = CARTESIAN_POINT('',(30.9,-56.5,1.56));
#1450 = CIRCLE('',#1451,1.9);
#1451 = AXIS2_PLACEMENT_3D('',#1452,#1453,#1454);
#1452 = CARTESIAN_POINT('',(29.,-56.5,1.56));
#1453 = DIRECTION('',(0.,0.,1.));
#1454 = DIRECTION('',(1.,0.,-0.));
#1455 = FACE_BOUND('',#1456,.F.);
#1456 = EDGE_LOOP('',(#1457,#1468,#1476,#1484,#1492,#1501,#1509,#1517,
    #1525,#1534,#1542,#1550,#1558,#1567,#1575,#1583));
#1457 = ORIENTED_EDGE('',*,*,#1458,.T.);
#1458 = EDGE_CURVE('',#1459,#1461,#1463,.T.);
#1459 = VERTEX_POINT('',#1460);
#1460 = CARTESIAN_POINT('',(-12.483114,-32.628239,1.56));
#1461 = VERTEX_POINT('',#1462);
#1462 = CARTESIAN_POINT('',(-12.721128,-32.390208,1.56));
#1463 = CIRCLE('',#1464,0.302983563782);
#1464 = AXIS2_PLACEMENT_3D('',#1465,#1466,#1467);
#1465 = CARTESIAN_POINT('',(-12.78027292659,-32.68736270311,1.56));
#1466 = DIRECTION('',(0.,0.,1.));
#1467 = DIRECTION('',(0.980775732127,0.195138318305,-0.));
#1468 = ORIENTED_EDGE('',*,*,#1469,.T.);
#1469 = EDGE_CURVE('',#1461,#1470,#1472,.T.);
#1470 = VERTEX_POINT('',#1471);
#1471 = CARTESIAN_POINT('',(-12.780229,-32.38734,1.56));
#1472 = LINE('',#1473,#1474);
#1473 = CARTESIAN_POINT('',(-12.721128,-32.390208,1.56));
#1474 = VECTOR('',#1475,1.);
#1475 = DIRECTION('',(-0.998824635869,4.847006067023E-02,0.));
#1476 = ORIENTED_EDGE('',*,*,#1477,.T.);
#1477 = EDGE_CURVE('',#1470,#1478,#1480,.T.);
#1478 = VERTEX_POINT('',#1479);
#1479 = CARTESIAN_POINT('',(-26.180229,-32.38734,1.56));
#1480 = LINE('',#1481,#1482);
#1481 = CARTESIAN_POINT('',(-12.780229,-32.38734,1.56));
#1482 = VECTOR('',#1483,1.);
#1483 = DIRECTION('',(-1.,0.,0.));
#1484 = ORIENTED_EDGE('',*,*,#1485,.T.);
#1485 = EDGE_CURVE('',#1478,#1486,#1488,.T.);
#1486 = VERTEX_POINT('',#1487);
#1487 = CARTESIAN_POINT('',(-26.239323,-32.390232,1.56));
#1488 = LINE('',#1489,#1490);
#1489 = CARTESIAN_POINT('',(-26.180229,-32.38734,1.56));
#1490 = VECTOR('',#1491,1.);
#1491 = DIRECTION('',(-0.998804634956,-4.888047863213E-02,0.));
#1492 = ORIENTED_EDGE('',*,*,#1493,.T.);
#1493 = EDGE_CURVE('',#1486,#1494,#1496,.T.);
#1494 = VERTEX_POINT('',#1495);
#1495 = CARTESIAN_POINT('',(-26.477306,-32.628246,1.56));
#1496 = CIRCLE('',#1497,0.30295688813);
#1497 = AXIS2_PLACEMENT_3D('',#1498,#1499,#1500);
#1498 = CARTESIAN_POINT('',(-26.18017200232,-32.6873582956,1.56));
#1499 = DIRECTION('',(0.,0.,1.));
#1500 = DIRECTION('',(-0.195245594312,0.980754382046,0.));
#1501 = ORIENTED_EDGE('',*,*,#1502,.T.);
#1502 = EDGE_CURVE('',#1494,#1503,#1505,.T.);
#1503 = VERTEX_POINT('',#1504);
#1504 = CARTESIAN_POINT('',(-26.480229,-32.68734,1.56));
#1505 = LINE('',#1506,#1507);
#1506 = CARTESIAN_POINT('',(-26.477306,-32.628246,1.56));
#1507 = VECTOR('',#1508,1.);
#1508 = DIRECTION('',(-4.940316745056E-02,-0.998778918002,0.));
#1509 = ORIENTED_EDGE('',*,*,#1510,.T.);
#1510 = EDGE_CURVE('',#1503,#1511,#1513,.T.);
#1511 = VERTEX_POINT('',#1512);
#1512 = CARTESIAN_POINT('',(-26.480229,-46.08734,1.56));
#1513 = LINE('',#1514,#1515);
#1514 = CARTESIAN_POINT('',(-26.480229,-32.68734,1.56));
#1515 = VECTOR('',#1516,1.);
#1516 = DIRECTION('',(0.,-1.,0.));
#1517 = ORIENTED_EDGE('',*,*,#1518,.T.);
#1518 = EDGE_CURVE('',#1511,#1519,#1521,.T.);
#1519 = VERTEX_POINT('',#1520);
#1520 = CARTESIAN_POINT('',(-26.477754,-46.14652,1.56));
#1521 = LINE('',#1522,#1523);
#1522 = CARTESIAN_POINT('',(-26.480229,-46.08734,1.56));
#1523 = VECTOR('',#1524,1.);
#1524 = DIRECTION('',(4.1785035391E-02,-0.999126624016,0.));
#1525 = ORIENTED_EDGE('',*,*,#1526,.T.);
#1526 = EDGE_CURVE('',#1519,#1527,#1529,.T.);
#1527 = VERTEX_POINT('',#1528);
#1528 = CARTESIAN_POINT('',(-26.23941,-46.384848,1.56));
#1529 = CIRCLE('',#1530,0.303309903249);
#1530 = AXIS2_PLACEMENT_3D('',#1531,#1532,#1533);
#1531 = CARTESIAN_POINT('',(-26.18026962848,-46.08735965759,1.56));
#1532 = DIRECTION('',(0.,0.,1.));
#1533 = DIRECTION('',(-0.980793466775,-0.195049161831,0.));
#1534 = ORIENTED_EDGE('',*,*,#1535,.T.);
#1535 = EDGE_CURVE('',#1527,#1536,#1538,.T.);
#1536 = VERTEX_POINT('',#1537);
#1537 = CARTESIAN_POINT('',(-26.180229,-46.38734,1.56));
#1538 = LINE('',#1539,#1540);
#1539 = CARTESIAN_POINT('',(-26.23941,-46.384848,1.56));
#1540 = VECTOR('',#1541,1.);
#1541 = DIRECTION('',(0.999114630785,-4.20708277981E-02,0.));
#1542 = ORIENTED_EDGE('',*,*,#1543,.T.);
#1543 = EDGE_CURVE('',#1536,#1544,#1546,.T.);
#1544 = VERTEX_POINT('',#1545);
#1545 = CARTESIAN_POINT('',(-12.780229,-46.38734,1.56));
#1546 = LINE('',#1547,#1548);
#1547 = CARTESIAN_POINT('',(-26.180229,-46.38734,1.56));
#1548 = VECTOR('',#1549,1.);
#1549 = DIRECTION('',(1.,0.,0.));
#1550 = ORIENTED_EDGE('',*,*,#1551,.T.);
#1551 = EDGE_CURVE('',#1544,#1552,#1554,.T.);
#1552 = VERTEX_POINT('',#1553);
#1553 = CARTESIAN_POINT('',(-12.721136,-46.38445,1.56));
#1554 = LINE('',#1555,#1556);
#1555 = CARTESIAN_POINT('',(-12.780229,-46.38734,1.56));
#1556 = VECTOR('',#1557,1.);
#1557 = DIRECTION('',(0.998806244437,4.884758002509E-02,0.));
#1558 = ORIENTED_EDGE('',*,*,#1559,.T.);
#1559 = EDGE_CURVE('',#1552,#1560,#1562,.T.);
#1560 = VERTEX_POINT('',#1561);
#1561 = CARTESIAN_POINT('',(-12.483168,-46.146434,1.56));
#1562 = CIRCLE('',#1563,0.302915881433);
#1563 = AXIS2_PLACEMENT_3D('',#1564,#1565,#1566);
#1564 = CARTESIAN_POINT('',(-12.78026815527,-46.08736176489,1.56));
#1565 = DIRECTION('',(0.,0.,1.));
#1566 = DIRECTION('',(0.195209821931,-0.980761502824,0.));
#1567 = ORIENTED_EDGE('',*,*,#1568,.T.);
#1568 = EDGE_CURVE('',#1560,#1569,#1571,.T.);
#1569 = VERTEX_POINT('',#1570);
#1570 = CARTESIAN_POINT('',(-12.480229,-46.08734,1.56));
#1571 = LINE('',#1572,#1573);
#1572 = CARTESIAN_POINT('',(-12.483168,-46.146434,1.56));
#1573 = VECTOR('',#1574,1.);
#1574 = DIRECTION('',(4.967292647116E-02,0.99876553824,0.));
#1575 = ORIENTED_EDGE('',*,*,#1576,.T.);
#1576 = EDGE_CURVE('',#1569,#1577,#1579,.T.);
#1577 = VERTEX_POINT('',#1578);
#1578 = CARTESIAN_POINT('',(-12.480229,-32.68734,1.56));
#1579 = LINE('',#1580,#1581);
#1580 = CARTESIAN_POINT('',(-12.480229,-46.08734,1.56));
#1581 = VECTOR('',#1582,1.);
#1582 = DIRECTION('',(0.,1.,0.));
#1583 = ORIENTED_EDGE('',*,*,#1584,.T.);
#1584 = EDGE_CURVE('',#1577,#1459,#1585,.T.);
#1585 = LINE('',#1586,#1587);
#1586 = CARTESIAN_POINT('',(-12.480229,-32.68734,1.56));
#1587 = VECTOR('',#1588,1.);
#1588 = DIRECTION('',(-4.875668479357E-02,0.99881068561,0.));
#1589 = FACE_BOUND('',#1590,.F.);
#1590 = EDGE_LOOP('',(#1591,#1602,#1610,#1618,#1626,#1635,#1643,#1651,
    #1659,#1668,#1676,#1684,#1692,#1701,#1709,#1717));
#1591 = ORIENTED_EDGE('',*,*,#1592,.T.);
#1592 = EDGE_CURVE('',#1593,#1595,#1597,.T.);
#1593 = VERTEX_POINT('',#1594);
#1594 = CARTESIAN_POINT('',(6.566886,-32.628239,1.56));
#1595 = VERTEX_POINT('',#1596);
#1596 = CARTESIAN_POINT('',(6.328872,-32.390208,1.56));
#1597 = CIRCLE('',#1598,0.302983563782);
#1598 = AXIS2_PLACEMENT_3D('',#1599,#1600,#1601);
#1599 = CARTESIAN_POINT('',(6.269727073409,-32.68736270311,1.56));
#1600 = DIRECTION('',(0.,0.,1.));
#1601 = DIRECTION('',(0.980775732127,0.195138318305,-0.));
#1602 = ORIENTED_EDGE('',*,*,#1603,.T.);
#1603 = EDGE_CURVE('',#1595,#1604,#1606,.T.);
#1604 = VERTEX_POINT('',#1605);
#1605 = CARTESIAN_POINT('',(6.269771,-32.38734,1.56));
#1606 = LINE('',#1607,#1608);
#1607 = CARTESIAN_POINT('',(6.328872,-32.390208,1.56));
#1608 = VECTOR('',#1609,1.);
#1609 = DIRECTION('',(-0.998824635869,4.847006067023E-02,0.));
#1610 = ORIENTED_EDGE('',*,*,#1611,.T.);
#1611 = EDGE_CURVE('',#1604,#1612,#1614,.T.);
#1612 = VERTEX_POINT('',#1613);
#1613 = CARTESIAN_POINT('',(-7.130229,-32.38734,1.56));
#1614 = LINE('',#1615,#1616);
#1615 = CARTESIAN_POINT('',(6.269771,-32.38734,1.56));
#1616 = VECTOR('',#1617,1.);
#1617 = DIRECTION('',(-1.,0.,0.));
#1618 = ORIENTED_EDGE('',*,*,#1619,.T.);
#1619 = EDGE_CURVE('',#1612,#1620,#1622,.T.);
#1620 = VERTEX_POINT('',#1621);
#1621 = CARTESIAN_POINT('',(-7.189417,-32.38981,1.56));
#1622 = LINE('',#1623,#1624);
#1623 = CARTESIAN_POINT('',(-7.130229,-32.38734,1.56));
#1624 = VECTOR('',#1625,1.);
#1625 = DIRECTION('',(-0.999130379466,-4.169514153674E-02,0.));
#1626 = ORIENTED_EDGE('',*,*,#1627,.T.);
#1627 = EDGE_CURVE('',#1620,#1628,#1630,.T.);
#1628 = VERTEX_POINT('',#1629);
#1629 = CARTESIAN_POINT('',(-7.427808,-32.628153,1.56));
#1630 = CIRCLE('',#1631,0.303372497591);
#1631 = AXIS2_PLACEMENT_3D('',#1632,#1633,#1634);
#1632 = CARTESIAN_POINT('',(-7.130269226516,-32.68736069011,1.56));
#1633 = DIRECTION('',(0.,0.,1.));
#1634 = DIRECTION('',(-0.194967487011,0.980809705809,0.));
#1635 = ORIENTED_EDGE('',*,*,#1636,.T.);
#1636 = EDGE_CURVE('',#1628,#1637,#1639,.T.);
#1637 = VERTEX_POINT('',#1638);
#1638 = CARTESIAN_POINT('',(-7.430229,-32.68734,1.56));
#1639 = LINE('',#1640,#1641);
#1640 = CARTESIAN_POINT('',(-7.427808,-32.628153,1.56));
#1641 = VECTOR('',#1642,1.);
#1642 = DIRECTION('',(-4.087007586804E-02,-0.999164469394,0.));
#1643 = ORIENTED_EDGE('',*,*,#1644,.T.);
#1644 = EDGE_CURVE('',#1637,#1645,#1647,.T.);
#1645 = VERTEX_POINT('',#1646);
#1646 = CARTESIAN_POINT('',(-7.430229,-46.08734,1.56));
#1647 = LINE('',#1648,#1649);
#1648 = CARTESIAN_POINT('',(-7.430229,-32.68734,1.56));
#1649 = VECTOR('',#1650,1.);
#1650 = DIRECTION('',(0.,-1.,0.));
#1651 = ORIENTED_EDGE('',*,*,#1652,.T.);
#1652 = EDGE_CURVE('',#1645,#1653,#1655,.T.);
#1653 = VERTEX_POINT('',#1654);
#1654 = CARTESIAN_POINT('',(-7.427754,-46.14652,1.56));
#1655 = LINE('',#1656,#1657);
#1656 = CARTESIAN_POINT('',(-7.430229,-46.08734,1.56));
#1657 = VECTOR('',#1658,1.);
#1658 = DIRECTION('',(4.178503539099E-02,-0.999126624016,0.));
#1659 = ORIENTED_EDGE('',*,*,#1660,.T.);
#1660 = EDGE_CURVE('',#1653,#1661,#1663,.T.);
#1661 = VERTEX_POINT('',#1662);
#1662 = CARTESIAN_POINT('',(-7.18941,-46.384848,1.56));
#1663 = CIRCLE('',#1664,0.303309903249);
#1664 = AXIS2_PLACEMENT_3D('',#1665,#1666,#1667);
#1665 = CARTESIAN_POINT('',(-7.130269628485,-46.08735965759,1.56));
#1666 = DIRECTION('',(0.,0.,1.));
#1667 = DIRECTION('',(-0.980793466775,-0.195049161831,0.));
#1668 = ORIENTED_EDGE('',*,*,#1669,.T.);
#1669 = EDGE_CURVE('',#1661,#1670,#1672,.T.);
#1670 = VERTEX_POINT('',#1671);
#1671 = CARTESIAN_POINT('',(-7.130229,-46.38734,1.56));
#1672 = LINE('',#1673,#1674);
#1673 = CARTESIAN_POINT('',(-7.18941,-46.384848,1.56));
#1674 = VECTOR('',#1675,1.);
#1675 = DIRECTION('',(0.999114630785,-4.20708277981E-02,0.));
#1676 = ORIENTED_EDGE('',*,*,#1677,.T.);
#1677 = EDGE_CURVE('',#1670,#1678,#1680,.T.);
#1678 = VERTEX_POINT('',#1679);
#1679 = CARTESIAN_POINT('',(6.269771,-46.38734,1.56));
#1680 = LINE('',#1681,#1682);
#1681 = CARTESIAN_POINT('',(-7.130229,-46.38734,1.56));
#1682 = VECTOR('',#1683,1.);
#1683 = DIRECTION('',(1.,0.,0.));
#1684 = ORIENTED_EDGE('',*,*,#1685,.T.);
#1685 = EDGE_CURVE('',#1678,#1686,#1688,.T.);
#1686 = VERTEX_POINT('',#1687);
#1687 = CARTESIAN_POINT('',(6.328864,-46.38445,1.56));
#1688 = LINE('',#1689,#1690);
#1689 = CARTESIAN_POINT('',(6.269771,-46.38734,1.56));
#1690 = VECTOR('',#1691,1.);
#1691 = DIRECTION('',(0.998806244437,4.884758002509E-02,0.));
#1692 = ORIENTED_EDGE('',*,*,#1693,.T.);
#1693 = EDGE_CURVE('',#1686,#1694,#1696,.T.);
#1694 = VERTEX_POINT('',#1695);
#1695 = CARTESIAN_POINT('',(6.566832,-46.146434,1.56));
#1696 = CIRCLE('',#1697,0.302915881433);
#1697 = AXIS2_PLACEMENT_3D('',#1698,#1699,#1700);
#1698 = CARTESIAN_POINT('',(6.269731844725,-46.08736176489,1.56));
#1699 = DIRECTION('',(0.,0.,1.));
#1700 = DIRECTION('',(0.195209821931,-0.980761502824,0.));
#1701 = ORIENTED_EDGE('',*,*,#1702,.T.);
#1702 = EDGE_CURVE('',#1694,#1703,#1705,.T.);
#1703 = VERTEX_POINT('',#1704);
#1704 = CARTESIAN_POINT('',(6.569771,-46.08734,1.56));
#1705 = LINE('',#1706,#1707);
#1706 = CARTESIAN_POINT('',(6.566832,-46.146434,1.56));
#1707 = VECTOR('',#1708,1.);
#1708 = DIRECTION('',(4.967292647118E-02,0.99876553824,0.));
#1709 = ORIENTED_EDGE('',*,*,#1710,.T.);
#1710 = EDGE_CURVE('',#1703,#1711,#1713,.T.);
#1711 = VERTEX_POINT('',#1712);
#1712 = CARTESIAN_POINT('',(6.569771,-32.68734,1.56));
#1713 = LINE('',#1714,#1715);
#1714 = CARTESIAN_POINT('',(6.569771,-46.08734,1.56));
#1715 = VECTOR('',#1716,1.);
#1716 = DIRECTION('',(0.,1.,0.));
#1717 = ORIENTED_EDGE('',*,*,#1718,.T.);
#1718 = EDGE_CURVE('',#1711,#1593,#1719,.T.);
#1719 = LINE('',#1720,#1721);
#1720 = CARTESIAN_POINT('',(6.569771,-32.68734,1.56));
#1721 = VECTOR('',#1722,1.);
#1722 = DIRECTION('',(-4.875668479355E-02,0.99881068561,0.));
#1723 = FACE_BOUND('',#1724,.F.);
#1724 = EDGE_LOOP('',(#1725,#1736,#1744,#1752,#1760,#1769,#1777,#1785,
    #1793,#1802,#1810,#1818,#1826,#1835,#1843,#1851));
#1725 = ORIENTED_EDGE('',*,*,#1726,.T.);
#1726 = EDGE_CURVE('',#1727,#1729,#1731,.T.);
#1727 = VERTEX_POINT('',#1728);
#1728 = CARTESIAN_POINT('',(25.616886,-32.628239,1.56));
#1729 = VERTEX_POINT('',#1730);
#1730 = CARTESIAN_POINT('',(25.378872,-32.390208,1.56));
#1731 = CIRCLE('',#1732,0.302983563782);
#1732 = AXIS2_PLACEMENT_3D('',#1733,#1734,#1735);
#1733 = CARTESIAN_POINT('',(25.319727073409,-32.68736270311,1.56));
#1734 = DIRECTION('',(0.,0.,1.));
#1735 = DIRECTION('',(0.980775732127,0.195138318305,-0.));
#1736 = ORIENTED_EDGE('',*,*,#1737,.T.);
#1737 = EDGE_CURVE('',#1729,#1738,#1740,.T.);
#1738 = VERTEX_POINT('',#1739);
#1739 = CARTESIAN_POINT('',(25.319771,-32.38734,1.56));
#1740 = LINE('',#1741,#1742);
#1741 = CARTESIAN_POINT('',(25.378872,-32.390208,1.56));
#1742 = VECTOR('',#1743,1.);
#1743 = DIRECTION('',(-0.998824635869,4.847006067023E-02,0.));
#1744 = ORIENTED_EDGE('',*,*,#1745,.T.);
#1745 = EDGE_CURVE('',#1738,#1746,#1748,.T.);
#1746 = VERTEX_POINT('',#1747);
#1747 = CARTESIAN_POINT('',(11.919771,-32.38734,1.56));
#1748 = LINE('',#1749,#1750);
#1749 = CARTESIAN_POINT('',(25.319771,-32.38734,1.56));
#1750 = VECTOR('',#1751,1.);
#1751 = DIRECTION('',(-1.,0.,0.));
#1752 = ORIENTED_EDGE('',*,*,#1753,.T.);
#1753 = EDGE_CURVE('',#1746,#1754,#1756,.T.);
#1754 = VERTEX_POINT('',#1755);
#1755 = CARTESIAN_POINT('',(11.860677,-32.390232,1.56));
#1756 = LINE('',#1757,#1758);
#1757 = CARTESIAN_POINT('',(11.919771,-32.38734,1.56));
#1758 = VECTOR('',#1759,1.);
#1759 = DIRECTION('',(-0.998804634956,-4.888047863213E-02,0.));
#1760 = ORIENTED_EDGE('',*,*,#1761,.T.);
#1761 = EDGE_CURVE('',#1754,#1762,#1764,.T.);
#1762 = VERTEX_POINT('',#1763);
#1763 = CARTESIAN_POINT('',(11.622694,-32.628246,1.56));
#1764 = CIRCLE('',#1765,0.30295688813);
#1765 = AXIS2_PLACEMENT_3D('',#1766,#1767,#1768);
#1766 = CARTESIAN_POINT('',(11.919827997674,-32.6873582956,1.56));
#1767 = DIRECTION('',(0.,0.,1.));
#1768 = DIRECTION('',(-0.195245594312,0.980754382046,0.));
#1769 = ORIENTED_EDGE('',*,*,#1770,.T.);
#1770 = EDGE_CURVE('',#1762,#1771,#1773,.T.);
#1771 = VERTEX_POINT('',#1772);
#1772 = CARTESIAN_POINT('',(11.619771,-32.68734,1.56));
#1773 = LINE('',#1774,#1775);
#1774 = CARTESIAN_POINT('',(11.622694,-32.628246,1.56));
#1775 = VECTOR('',#1776,1.);
#1776 = DIRECTION('',(-4.94031674505E-02,-0.998778918002,0.));
#1777 = ORIENTED_EDGE('',*,*,#1778,.T.);
#1778 = EDGE_CURVE('',#1771,#1779,#1781,.T.);
#1779 = VERTEX_POINT('',#1780);
#1780 = CARTESIAN_POINT('',(11.619771,-46.08734,1.56));
#1781 = LINE('',#1782,#1783);
#1782 = CARTESIAN_POINT('',(11.619771,-32.68734,1.56));
#1783 = VECTOR('',#1784,1.);
#1784 = DIRECTION('',(0.,-1.,0.));
#1785 = ORIENTED_EDGE('',*,*,#1786,.T.);
#1786 = EDGE_CURVE('',#1779,#1787,#1789,.T.);
#1787 = VERTEX_POINT('',#1788);
#1788 = CARTESIAN_POINT('',(11.622246,-46.14652,1.56));
#1789 = LINE('',#1790,#1791);
#1790 = CARTESIAN_POINT('',(11.619771,-46.08734,1.56));
#1791 = VECTOR('',#1792,1.);
#1792 = DIRECTION('',(4.1785035391E-02,-0.999126624016,0.));
#1793 = ORIENTED_EDGE('',*,*,#1794,.T.);
#1794 = EDGE_CURVE('',#1787,#1795,#1797,.T.);
#1795 = VERTEX_POINT('',#1796);
#1796 = CARTESIAN_POINT('',(11.86059,-46.384848,1.56));
#1797 = CIRCLE('',#1798,0.303309903249);
#1798 = AXIS2_PLACEMENT_3D('',#1799,#1800,#1801);
#1799 = CARTESIAN_POINT('',(11.919730371515,-46.08735965759,1.56));
#1800 = DIRECTION('',(0.,0.,1.));
#1801 = DIRECTION('',(-0.980793466775,-0.195049161831,0.));
#1802 = ORIENTED_EDGE('',*,*,#1803,.T.);
#1803 = EDGE_CURVE('',#1795,#1804,#1806,.T.);
#1804 = VERTEX_POINT('',#1805);
#1805 = CARTESIAN_POINT('',(11.919771,-46.38734,1.56));
#1806 = LINE('',#1807,#1808);
#1807 = CARTESIAN_POINT('',(11.86059,-46.384848,1.56));
#1808 = VECTOR('',#1809,1.);
#1809 = DIRECTION('',(0.999114630785,-4.20708277981E-02,0.));
#1810 = ORIENTED_EDGE('',*,*,#1811,.T.);
#1811 = EDGE_CURVE('',#1804,#1812,#1814,.T.);
#1812 = VERTEX_POINT('',#1813);
#1813 = CARTESIAN_POINT('',(25.319771,-46.38734,1.56));
#1814 = LINE('',#1815,#1816);
#1815 = CARTESIAN_POINT('',(11.919771,-46.38734,1.56));
#1816 = VECTOR('',#1817,1.);
#1817 = DIRECTION('',(1.,0.,0.));
#1818 = ORIENTED_EDGE('',*,*,#1819,.T.);
#1819 = EDGE_CURVE('',#1812,#1820,#1822,.T.);
#1820 = VERTEX_POINT('',#1821);
#1821 = CARTESIAN_POINT('',(25.378958,-46.384872,1.56));
#1822 = LINE('',#1823,#1824);
#1823 = CARTESIAN_POINT('',(25.319771,-46.38734,1.56));
#1824 = VECTOR('',#1825,1.);
#1825 = DIRECTION('',(0.999131756056,4.166214158422E-02,0.));
#1826 = ORIENTED_EDGE('',*,*,#1827,.T.);
#1827 = EDGE_CURVE('',#1820,#1828,#1830,.T.);
#1828 = VERTEX_POINT('',#1829);
#1829 = CARTESIAN_POINT('',(25.617335,-46.146527,1.56));
#1830 = CIRCLE('',#1831,0.303330674188);
#1831 = AXIS2_PLACEMENT_3D('',#1832,#1833,#1834);
#1832 = CARTESIAN_POINT('',(25.319830802286,-46.08735986177,1.56));
#1833 = DIRECTION('',(0.,0.,1.));
#1834 = DIRECTION('',(0.194926536433,-0.980817845165,0.));
#1835 = ORIENTED_EDGE('',*,*,#1836,.T.);
#1836 = EDGE_CURVE('',#1828,#1837,#1839,.T.);
#1837 = VERTEX_POINT('',#1838);
#1838 = CARTESIAN_POINT('',(25.619771,-46.08734,1.56));
#1839 = LINE('',#1840,#1841);
#1840 = CARTESIAN_POINT('',(25.617335,-46.146527,1.56));
#1841 = VECTOR('',#1842,1.);
#1842 = DIRECTION('',(4.112287124166E-02,0.999154096954,0.));
#1843 = ORIENTED_EDGE('',*,*,#1844,.T.);
#1844 = EDGE_CURVE('',#1837,#1845,#1847,.T.);
#1845 = VERTEX_POINT('',#1846);
#1846 = CARTESIAN_POINT('',(25.619771,-32.68734,1.56));
#1847 = LINE('',#1848,#1849);
#1848 = CARTESIAN_POINT('',(25.619771,-46.08734,1.56));
#1849 = VECTOR('',#1850,1.);
#1850 = DIRECTION('',(0.,1.,0.));
#1851 = ORIENTED_EDGE('',*,*,#1852,.T.);
#1852 = EDGE_CURVE('',#1845,#1727,#1853,.T.);
#1853 = LINE('',#1854,#1855);
#1854 = CARTESIAN_POINT('',(25.619771,-32.68734,1.56));
#1855 = VECTOR('',#1856,1.);
#1856 = DIRECTION('',(-4.875668479354E-02,0.99881068561,0.));
#1857 = FACE_BOUND('',#1858,.F.);
#1858 = EDGE_LOOP('',(#1859,#1870,#1878,#1886,#1894,#1903,#1911,#1919,
    #1927,#1936,#1944,#1952,#1960,#1969,#1977,#1985));
#1859 = ORIENTED_EDGE('',*,*,#1860,.T.);
#1860 = EDGE_CURVE('',#1861,#1863,#1865,.T.);
#1861 = VERTEX_POINT('',#1862);
#1862 = CARTESIAN_POINT('',(-12.483114,-13.578239,1.56));
#1863 = VERTEX_POINT('',#1864);
#1864 = CARTESIAN_POINT('',(-12.721128,-13.340208,1.56));
#1865 = CIRCLE('',#1866,0.302983563782);
#1866 = AXIS2_PLACEMENT_3D('',#1867,#1868,#1869);
#1867 = CARTESIAN_POINT('',(-12.78027292659,-13.63736270311,1.56));
#1868 = DIRECTION('',(0.,0.,1.));
#1869 = DIRECTION('',(0.980775732127,0.195138318304,-0.));
#1870 = ORIENTED_EDGE('',*,*,#1871,.T.);
#1871 = EDGE_CURVE('',#1863,#1872,#1874,.T.);
#1872 = VERTEX_POINT('',#1873);
#1873 = CARTESIAN_POINT('',(-12.780229,-13.33734,1.56));
#1874 = LINE('',#1875,#1876);
#1875 = CARTESIAN_POINT('',(-12.721128,-13.340208,1.56));
#1876 = VECTOR('',#1877,1.);
#1877 = DIRECTION('',(-0.998824635869,4.847006067026E-02,0.));
#1878 = ORIENTED_EDGE('',*,*,#1879,.T.);
#1879 = EDGE_CURVE('',#1872,#1880,#1882,.T.);
#1880 = VERTEX_POINT('',#1881);
#1881 = CARTESIAN_POINT('',(-26.180229,-13.33734,1.56));
#1882 = LINE('',#1883,#1884);
#1883 = CARTESIAN_POINT('',(-12.780229,-13.33734,1.56));
#1884 = VECTOR('',#1885,1.);
#1885 = DIRECTION('',(-1.,0.,0.));
#1886 = ORIENTED_EDGE('',*,*,#1887,.T.);
#1887 = EDGE_CURVE('',#1880,#1888,#1890,.T.);
#1888 = VERTEX_POINT('',#1889);
#1889 = CARTESIAN_POINT('',(-26.239417,-13.33981,1.56));
#1890 = LINE('',#1891,#1892);
#1891 = CARTESIAN_POINT('',(-26.180229,-13.33734,1.56));
#1892 = VECTOR('',#1893,1.);
#1893 = DIRECTION('',(-0.999130379466,-4.169514153683E-02,0.));
#1894 = ORIENTED_EDGE('',*,*,#1895,.T.);
#1895 = EDGE_CURVE('',#1888,#1896,#1898,.T.);
#1896 = VERTEX_POINT('',#1897);
#1897 = CARTESIAN_POINT('',(-26.477808,-13.578153,1.56));
#1898 = CIRCLE('',#1899,0.303372497591);
#1899 = AXIS2_PLACEMENT_3D('',#1900,#1901,#1902);
#1900 = CARTESIAN_POINT('',(-26.18026922651,-13.63736069011,1.56));
#1901 = DIRECTION('',(0.,0.,1.));
#1902 = DIRECTION('',(-0.194967487011,0.980809705809,0.));
#1903 = ORIENTED_EDGE('',*,*,#1904,.T.);
#1904 = EDGE_CURVE('',#1896,#1905,#1907,.T.);
#1905 = VERTEX_POINT('',#1906);
#1906 = CARTESIAN_POINT('',(-26.480229,-13.63734,1.56));
#1907 = LINE('',#1908,#1909);
#1908 = CARTESIAN_POINT('',(-26.477808,-13.578153,1.56));
#1909 = VECTOR('',#1910,1.);
#1910 = DIRECTION('',(-4.087007586807E-02,-0.999164469394,0.));
#1911 = ORIENTED_EDGE('',*,*,#1912,.T.);
#1912 = EDGE_CURVE('',#1905,#1913,#1915,.T.);
#1913 = VERTEX_POINT('',#1914);
#1914 = CARTESIAN_POINT('',(-26.480229,-27.03734,1.56));
#1915 = LINE('',#1916,#1917);
#1916 = CARTESIAN_POINT('',(-26.480229,-13.63734,1.56));
#1917 = VECTOR('',#1918,1.);
#1918 = DIRECTION('',(0.,-1.,0.));
#1919 = ORIENTED_EDGE('',*,*,#1920,.T.);
#1920 = EDGE_CURVE('',#1913,#1921,#1923,.T.);
#1921 = VERTEX_POINT('',#1922);
#1922 = CARTESIAN_POINT('',(-26.477754,-27.09652,1.56));
#1923 = LINE('',#1924,#1925);
#1924 = CARTESIAN_POINT('',(-26.480229,-27.03734,1.56));
#1925 = VECTOR('',#1926,1.);
#1926 = DIRECTION('',(4.178503539101E-02,-0.999126624016,0.));
#1927 = ORIENTED_EDGE('',*,*,#1928,.T.);
#1928 = EDGE_CURVE('',#1921,#1929,#1931,.T.);
#1929 = VERTEX_POINT('',#1930);
#1930 = CARTESIAN_POINT('',(-26.23941,-27.334848,1.56));
#1931 = CIRCLE('',#1932,0.303309903249);
#1932 = AXIS2_PLACEMENT_3D('',#1933,#1934,#1935);
#1933 = CARTESIAN_POINT('',(-26.18026962848,-27.03735965759,1.56));
#1934 = DIRECTION('',(0.,0.,1.));
#1935 = DIRECTION('',(-0.980793466775,-0.195049161831,0.));
#1936 = ORIENTED_EDGE('',*,*,#1937,.T.);
#1937 = EDGE_CURVE('',#1929,#1938,#1940,.T.);
#1938 = VERTEX_POINT('',#1939);
#1939 = CARTESIAN_POINT('',(-26.180229,-27.33734,1.56));
#1940 = LINE('',#1941,#1942);
#1941 = CARTESIAN_POINT('',(-26.23941,-27.334848,1.56));
#1942 = VECTOR('',#1943,1.);
#1943 = DIRECTION('',(0.999114630785,-4.207082779805E-02,0.));
#1944 = ORIENTED_EDGE('',*,*,#1945,.T.);
#1945 = EDGE_CURVE('',#1938,#1946,#1948,.T.);
#1946 = VERTEX_POINT('',#1947);
#1947 = CARTESIAN_POINT('',(-12.780229,-27.33734,1.56));
#1948 = LINE('',#1949,#1950);
#1949 = CARTESIAN_POINT('',(-26.180229,-27.33734,1.56));
#1950 = VECTOR('',#1951,1.);
#1951 = DIRECTION('',(1.,0.,0.));
#1952 = ORIENTED_EDGE('',*,*,#1953,.T.);
#1953 = EDGE_CURVE('',#1946,#1954,#1956,.T.);
#1954 = VERTEX_POINT('',#1955);
#1955 = CARTESIAN_POINT('',(-12.721042,-27.334872,1.56));
#1956 = LINE('',#1957,#1958);
#1957 = CARTESIAN_POINT('',(-12.780229,-27.33734,1.56));
#1958 = VECTOR('',#1959,1.);
#1959 = DIRECTION('',(0.999131756056,4.166214158422E-02,0.));
#1960 = ORIENTED_EDGE('',*,*,#1961,.T.);
#1961 = EDGE_CURVE('',#1954,#1962,#1964,.T.);
#1962 = VERTEX_POINT('',#1963);
#1963 = CARTESIAN_POINT('',(-12.482665,-27.096527,1.56));
#1964 = CIRCLE('',#1965,0.303330674188);
#1965 = AXIS2_PLACEMENT_3D('',#1966,#1967,#1968);
#1966 = CARTESIAN_POINT('',(-12.78016919771,-27.03735986177,1.56));
#1967 = DIRECTION('',(0.,0.,1.));
#1968 = DIRECTION('',(0.194926536433,-0.980817845165,0.));
#1969 = ORIENTED_EDGE('',*,*,#1970,.T.);
#1970 = EDGE_CURVE('',#1962,#1971,#1973,.T.);
#1971 = VERTEX_POINT('',#1972);
#1972 = CARTESIAN_POINT('',(-12.480229,-27.03734,1.56));
#1973 = LINE('',#1974,#1975);
#1974 = CARTESIAN_POINT('',(-12.482665,-27.096527,1.56));
#1975 = VECTOR('',#1976,1.);
#1976 = DIRECTION('',(4.11228712417E-02,0.999154096954,0.));
#1977 = ORIENTED_EDGE('',*,*,#1978,.T.);
#1978 = EDGE_CURVE('',#1971,#1979,#1981,.T.);
#1979 = VERTEX_POINT('',#1980);
#1980 = CARTESIAN_POINT('',(-12.480229,-13.63734,1.56));
#1981 = LINE('',#1982,#1983);
#1982 = CARTESIAN_POINT('',(-12.480229,-27.03734,1.56));
#1983 = VECTOR('',#1984,1.);
#1984 = DIRECTION('',(0.,1.,0.));
#1985 = ORIENTED_EDGE('',*,*,#1986,.T.);
#1986 = EDGE_CURVE('',#1979,#1861,#1987,.T.);
#1987 = LINE('',#1988,#1989);
#1988 = CARTESIAN_POINT('',(-12.480229,-13.63734,1.56));
#1989 = VECTOR('',#1990,1.);
#1990 = DIRECTION('',(-4.875668479357E-02,0.99881068561,0.));
#1991 = FACE_BOUND('',#1992,.F.);
#1992 = EDGE_LOOP('',(#1993,#2004,#2012,#2020,#2028,#2037,#2045,#2053,
    #2061,#2070,#2078,#2086,#2094,#2103,#2111,#2119));
#1993 = ORIENTED_EDGE('',*,*,#1994,.T.);
#1994 = EDGE_CURVE('',#1995,#1997,#1999,.T.);
#1995 = VERTEX_POINT('',#1996);
#1996 = CARTESIAN_POINT('',(6.566886,-13.578239,1.56));
#1997 = VERTEX_POINT('',#1998);
#1998 = CARTESIAN_POINT('',(6.328872,-13.340208,1.56));
#1999 = CIRCLE('',#2000,0.302983563782);
#2000 = AXIS2_PLACEMENT_3D('',#2001,#2002,#2003);
#2001 = CARTESIAN_POINT('',(6.269727073409,-13.63736270311,1.56));
#2002 = DIRECTION('',(0.,0.,1.));
#2003 = DIRECTION('',(0.980775732127,0.195138318305,-0.));
#2004 = ORIENTED_EDGE('',*,*,#2005,.T.);
#2005 = EDGE_CURVE('',#1997,#2006,#2008,.T.);
#2006 = VERTEX_POINT('',#2007);
#2007 = CARTESIAN_POINT('',(6.269771,-13.33734,1.56));
#2008 = LINE('',#2009,#2010);
#2009 = CARTESIAN_POINT('',(6.328872,-13.340208,1.56));
#2010 = VECTOR('',#2011,1.);
#2011 = DIRECTION('',(-0.998824635869,4.847006067026E-02,0.));
#2012 = ORIENTED_EDGE('',*,*,#2013,.T.);
#2013 = EDGE_CURVE('',#2006,#2014,#2016,.T.);
#2014 = VERTEX_POINT('',#2015);
#2015 = CARTESIAN_POINT('',(-7.130229,-13.33734,1.56));
#2016 = LINE('',#2017,#2018);
#2017 = CARTESIAN_POINT('',(6.269771,-13.33734,1.56));
#2018 = VECTOR('',#2019,1.);
#2019 = DIRECTION('',(-1.,0.,0.));
#2020 = ORIENTED_EDGE('',*,*,#2021,.T.);
#2021 = EDGE_CURVE('',#2014,#2022,#2024,.T.);
#2022 = VERTEX_POINT('',#2023);
#2023 = CARTESIAN_POINT('',(-7.189323,-13.340232,1.56));
#2024 = LINE('',#2025,#2026);
#2025 = CARTESIAN_POINT('',(-7.130229,-13.33734,1.56));
#2026 = VECTOR('',#2027,1.);
#2027 = DIRECTION('',(-0.998804634956,-4.888047863222E-02,0.));
#2028 = ORIENTED_EDGE('',*,*,#2029,.T.);
#2029 = EDGE_CURVE('',#2022,#2030,#2032,.T.);
#2030 = VERTEX_POINT('',#2031);
#2031 = CARTESIAN_POINT('',(-7.427306,-13.578246,1.56));
#2032 = CIRCLE('',#2033,0.30295688813);
#2033 = AXIS2_PLACEMENT_3D('',#2034,#2035,#2036);
#2034 = CARTESIAN_POINT('',(-7.130172002326,-13.6373582956,1.56));
#2035 = DIRECTION('',(0.,0.,1.));
#2036 = DIRECTION('',(-0.195245594312,0.980754382046,0.));
#2037 = ORIENTED_EDGE('',*,*,#2038,.T.);
#2038 = EDGE_CURVE('',#2030,#2039,#2041,.T.);
#2039 = VERTEX_POINT('',#2040);
#2040 = CARTESIAN_POINT('',(-7.430229,-13.63734,1.56));
#2041 = LINE('',#2042,#2043);
#2042 = CARTESIAN_POINT('',(-7.427306,-13.578246,1.56));
#2043 = VECTOR('',#2044,1.);
#2044 = DIRECTION('',(-4.940316745052E-02,-0.998778918002,0.));
#2045 = ORIENTED_EDGE('',*,*,#2046,.T.);
#2046 = EDGE_CURVE('',#2039,#2047,#2049,.T.);
#2047 = VERTEX_POINT('',#2048);
#2048 = CARTESIAN_POINT('',(-7.430229,-27.03734,1.56));
#2049 = LINE('',#2050,#2051);
#2050 = CARTESIAN_POINT('',(-7.430229,-13.63734,1.56));
#2051 = VECTOR('',#2052,1.);
#2052 = DIRECTION('',(0.,-1.,0.));
#2053 = ORIENTED_EDGE('',*,*,#2054,.T.);
#2054 = EDGE_CURVE('',#2047,#2055,#2057,.T.);
#2055 = VERTEX_POINT('',#2056);
#2056 = CARTESIAN_POINT('',(-7.427754,-27.09652,1.56));
#2057 = LINE('',#2058,#2059);
#2058 = CARTESIAN_POINT('',(-7.430229,-27.03734,1.56));
#2059 = VECTOR('',#2060,1.);
#2060 = DIRECTION('',(4.178503539099E-02,-0.999126624016,0.));
#2061 = ORIENTED_EDGE('',*,*,#2062,.T.);
#2062 = EDGE_CURVE('',#2055,#2063,#2065,.T.);
#2063 = VERTEX_POINT('',#2064);
#2064 = CARTESIAN_POINT('',(-7.18941,-27.334848,1.56));
#2065 = CIRCLE('',#2066,0.303309903249);
#2066 = AXIS2_PLACEMENT_3D('',#2067,#2068,#2069);
#2067 = CARTESIAN_POINT('',(-7.130269628485,-27.03735965759,1.56));
#2068 = DIRECTION('',(0.,0.,1.));
#2069 = DIRECTION('',(-0.980793466775,-0.195049161831,0.));
#2070 = ORIENTED_EDGE('',*,*,#2071,.T.);
#2071 = EDGE_CURVE('',#2063,#2072,#2074,.T.);
#2072 = VERTEX_POINT('',#2073);
#2073 = CARTESIAN_POINT('',(-7.130229,-27.33734,1.56));
#2074 = LINE('',#2075,#2076);
#2075 = CARTESIAN_POINT('',(-7.18941,-27.334848,1.56));
#2076 = VECTOR('',#2077,1.);
#2077 = DIRECTION('',(0.999114630785,-4.207082779804E-02,0.));
#2078 = ORIENTED_EDGE('',*,*,#2079,.T.);
#2079 = EDGE_CURVE('',#2072,#2080,#2082,.T.);
#2080 = VERTEX_POINT('',#2081);
#2081 = CARTESIAN_POINT('',(6.269771,-27.33734,1.56));
#2082 = LINE('',#2083,#2084);
#2083 = CARTESIAN_POINT('',(-7.130229,-27.33734,1.56));
#2084 = VECTOR('',#2085,1.);
#2085 = DIRECTION('',(1.,0.,0.));
#2086 = ORIENTED_EDGE('',*,*,#2087,.T.);
#2087 = EDGE_CURVE('',#2080,#2088,#2090,.T.);
#2088 = VERTEX_POINT('',#2089);
#2089 = CARTESIAN_POINT('',(6.328864,-27.33445,1.56));
#2090 = LINE('',#2091,#2092);
#2091 = CARTESIAN_POINT('',(6.269771,-27.33734,1.56));
#2092 = VECTOR('',#2093,1.);
#2093 = DIRECTION('',(0.998806244437,4.884758002509E-02,0.));
#2094 = ORIENTED_EDGE('',*,*,#2095,.T.);
#2095 = EDGE_CURVE('',#2088,#2096,#2098,.T.);
#2096 = VERTEX_POINT('',#2097);
#2097 = CARTESIAN_POINT('',(6.566832,-27.096434,1.56));
#2098 = CIRCLE('',#2099,0.302915881433);
#2099 = AXIS2_PLACEMENT_3D('',#2100,#2101,#2102);
#2100 = CARTESIAN_POINT('',(6.269731844725,-27.03736176489,1.56));
#2101 = DIRECTION('',(0.,0.,1.));
#2102 = DIRECTION('',(0.195209821931,-0.980761502824,0.));
#2103 = ORIENTED_EDGE('',*,*,#2104,.T.);
#2104 = EDGE_CURVE('',#2096,#2105,#2107,.T.);
#2105 = VERTEX_POINT('',#2106);
#2106 = CARTESIAN_POINT('',(6.569771,-27.03734,1.56));
#2107 = LINE('',#2108,#2109);
#2108 = CARTESIAN_POINT('',(6.566832,-27.096434,1.56));
#2109 = VECTOR('',#2110,1.);
#2110 = DIRECTION('',(4.967292647118E-02,0.99876553824,0.));
#2111 = ORIENTED_EDGE('',*,*,#2112,.T.);
#2112 = EDGE_CURVE('',#2105,#2113,#2115,.T.);
#2113 = VERTEX_POINT('',#2114);
#2114 = CARTESIAN_POINT('',(6.569771,-13.63734,1.56));
#2115 = LINE('',#2116,#2117);
#2116 = CARTESIAN_POINT('',(6.569771,-27.03734,1.56));
#2117 = VECTOR('',#2118,1.);
#2118 = DIRECTION('',(0.,1.,0.));
#2119 = ORIENTED_EDGE('',*,*,#2120,.T.);
#2120 = EDGE_CURVE('',#2113,#1995,#2121,.T.);
#2121 = LINE('',#2122,#2123);
#2122 = CARTESIAN_POINT('',(6.569771,-13.63734,1.56));
#2123 = VECTOR('',#2124,1.);
#2124 = DIRECTION('',(-4.875668479355E-02,0.99881068561,0.));
#2125 = FACE_BOUND('',#2126,.F.);
#2126 = EDGE_LOOP('',(#2127,#2138,#2146,#2154,#2162,#2171,#2179,#2187,
    #2195,#2204,#2212,#2220,#2228,#2237,#2245,#2253));
#2127 = ORIENTED_EDGE('',*,*,#2128,.T.);
#2128 = EDGE_CURVE('',#2129,#2131,#2133,.T.);
#2129 = VERTEX_POINT('',#2130);
#2130 = CARTESIAN_POINT('',(25.616886,-13.578239,1.56));
#2131 = VERTEX_POINT('',#2132);
#2132 = CARTESIAN_POINT('',(25.378872,-13.340208,1.56));
#2133 = CIRCLE('',#2134,0.302983563782);
#2134 = AXIS2_PLACEMENT_3D('',#2135,#2136,#2137);
#2135 = CARTESIAN_POINT('',(25.319727073409,-13.63736270311,1.56));
#2136 = DIRECTION('',(0.,0.,1.));
#2137 = DIRECTION('',(0.980775732127,0.195138318304,-0.));
#2138 = ORIENTED_EDGE('',*,*,#2139,.T.);
#2139 = EDGE_CURVE('',#2131,#2140,#2142,.T.);
#2140 = VERTEX_POINT('',#2141);
#2141 = CARTESIAN_POINT('',(25.319771,-13.33734,1.56));
#2142 = LINE('',#2143,#2144);
#2143 = CARTESIAN_POINT('',(25.378872,-13.340208,1.56));
#2144 = VECTOR('',#2145,1.);
#2145 = DIRECTION('',(-0.998824635869,4.847006067026E-02,0.));
#2146 = ORIENTED_EDGE('',*,*,#2147,.T.);
#2147 = EDGE_CURVE('',#2140,#2148,#2150,.T.);
#2148 = VERTEX_POINT('',#2149);
#2149 = CARTESIAN_POINT('',(11.919771,-13.33734,1.56));
#2150 = LINE('',#2151,#2152);
#2151 = CARTESIAN_POINT('',(25.319771,-13.33734,1.56));
#2152 = VECTOR('',#2153,1.);
#2153 = DIRECTION('',(-1.,0.,0.));
#2154 = ORIENTED_EDGE('',*,*,#2155,.T.);
#2155 = EDGE_CURVE('',#2148,#2156,#2158,.T.);
#2156 = VERTEX_POINT('',#2157);
#2157 = CARTESIAN_POINT('',(11.860583,-13.33981,1.56));
#2158 = LINE('',#2159,#2160);
#2159 = CARTESIAN_POINT('',(11.919771,-13.33734,1.56));
#2160 = VECTOR('',#2161,1.);
#2161 = DIRECTION('',(-0.999130379466,-4.169514153683E-02,0.));
#2162 = ORIENTED_EDGE('',*,*,#2163,.T.);
#2163 = EDGE_CURVE('',#2156,#2164,#2166,.T.);
#2164 = VERTEX_POINT('',#2165);
#2165 = CARTESIAN_POINT('',(11.622192,-13.578153,1.56));
#2166 = CIRCLE('',#2167,0.303372497591);
#2167 = AXIS2_PLACEMENT_3D('',#2168,#2169,#2170);
#2168 = CARTESIAN_POINT('',(11.919730773484,-13.63736069011,1.56));
#2169 = DIRECTION('',(0.,0.,1.));
#2170 = DIRECTION('',(-0.194967487011,0.980809705809,0.));
#2171 = ORIENTED_EDGE('',*,*,#2172,.T.);
#2172 = EDGE_CURVE('',#2164,#2173,#2175,.T.);
#2173 = VERTEX_POINT('',#2174);
#2174 = CARTESIAN_POINT('',(11.619771,-13.63734,1.56));
#2175 = LINE('',#2176,#2177);
#2176 = CARTESIAN_POINT('',(11.622192,-13.578153,1.56));
#2177 = VECTOR('',#2178,1.);
#2178 = DIRECTION('',(-4.087007586804E-02,-0.999164469394,0.));
#2179 = ORIENTED_EDGE('',*,*,#2180,.T.);
#2180 = EDGE_CURVE('',#2173,#2181,#2183,.T.);
#2181 = VERTEX_POINT('',#2182);
#2182 = CARTESIAN_POINT('',(11.619771,-27.03734,1.56));
#2183 = LINE('',#2184,#2185);
#2184 = CARTESIAN_POINT('',(11.619771,-13.63734,1.56));
#2185 = VECTOR('',#2186,1.);
#2186 = DIRECTION('',(0.,-1.,0.));
#2187 = ORIENTED_EDGE('',*,*,#2188,.T.);
#2188 = EDGE_CURVE('',#2181,#2189,#2191,.T.);
#2189 = VERTEX_POINT('',#2190);
#2190 = CARTESIAN_POINT('',(11.622246,-27.09652,1.56));
#2191 = LINE('',#2192,#2193);
#2192 = CARTESIAN_POINT('',(11.619771,-27.03734,1.56));
#2193 = VECTOR('',#2194,1.);
#2194 = DIRECTION('',(4.178503539101E-02,-0.999126624016,0.));
#2195 = ORIENTED_EDGE('',*,*,#2196,.T.);
#2196 = EDGE_CURVE('',#2189,#2197,#2199,.T.);
#2197 = VERTEX_POINT('',#2198);
#2198 = CARTESIAN_POINT('',(11.86059,-27.334848,1.56));
#2199 = CIRCLE('',#2200,0.303309903249);
#2200 = AXIS2_PLACEMENT_3D('',#2201,#2202,#2203);
#2201 = CARTESIAN_POINT('',(11.919730371515,-27.03735965759,1.56));
#2202 = DIRECTION('',(0.,0.,1.));
#2203 = DIRECTION('',(-0.980793466775,-0.195049161831,0.));
#2204 = ORIENTED_EDGE('',*,*,#2205,.T.);
#2205 = EDGE_CURVE('',#2197,#2206,#2208,.T.);
#2206 = VERTEX_POINT('',#2207);
#2207 = CARTESIAN_POINT('',(11.919771,-27.33734,1.56));
#2208 = LINE('',#2209,#2210);
#2209 = CARTESIAN_POINT('',(11.86059,-27.334848,1.56));
#2210 = VECTOR('',#2211,1.);
#2211 = DIRECTION('',(0.999114630785,-4.207082779804E-02,0.));
#2212 = ORIENTED_EDGE('',*,*,#2213,.T.);
#2213 = EDGE_CURVE('',#2206,#2214,#2216,.T.);
#2214 = VERTEX_POINT('',#2215);
#2215 = CARTESIAN_POINT('',(25.319771,-27.33734,1.56));
#2216 = LINE('',#2217,#2218);
#2217 = CARTESIAN_POINT('',(11.919771,-27.33734,1.56));
#2218 = VECTOR('',#2219,1.);
#2219 = DIRECTION('',(1.,0.,0.));
#2220 = ORIENTED_EDGE('',*,*,#2221,.T.);
#2221 = EDGE_CURVE('',#2214,#2222,#2224,.T.);
#2222 = VERTEX_POINT('',#2223);
#2223 = CARTESIAN_POINT('',(25.378864,-27.33445,1.56));
#2224 = LINE('',#2225,#2226);
#2225 = CARTESIAN_POINT('',(25.319771,-27.33734,1.56));
#2226 = VECTOR('',#2227,1.);
#2227 = DIRECTION('',(0.998806244437,4.884758002509E-02,0.));
#2228 = ORIENTED_EDGE('',*,*,#2229,.T.);
#2229 = EDGE_CURVE('',#2222,#2230,#2232,.T.);
#2230 = VERTEX_POINT('',#2231);
#2231 = CARTESIAN_POINT('',(25.616832,-27.096434,1.56));
#2232 = CIRCLE('',#2233,0.302915881433);
#2233 = AXIS2_PLACEMENT_3D('',#2234,#2235,#2236);
#2234 = CARTESIAN_POINT('',(25.319731844725,-27.03736176489,1.56));
#2235 = DIRECTION('',(0.,0.,1.));
#2236 = DIRECTION('',(0.195209821931,-0.980761502824,0.));
#2237 = ORIENTED_EDGE('',*,*,#2238,.T.);
#2238 = EDGE_CURVE('',#2230,#2239,#2241,.T.);
#2239 = VERTEX_POINT('',#2240);
#2240 = CARTESIAN_POINT('',(25.619771,-27.03734,1.56));
#2241 = LINE('',#2242,#2243);
#2242 = CARTESIAN_POINT('',(25.616832,-27.096434,1.56));
#2243 = VECTOR('',#2244,1.);
#2244 = DIRECTION('',(4.967292647119E-02,0.99876553824,0.));
#2245 = ORIENTED_EDGE('',*,*,#2246,.T.);
#2246 = EDGE_CURVE('',#2239,#2247,#2249,.T.);
#2247 = VERTEX_POINT('',#2248);
#2248 = CARTESIAN_POINT('',(25.619771,-13.63734,1.56));
#2249 = LINE('',#2250,#2251);
#2250 = CARTESIAN_POINT('',(25.619771,-27.03734,1.56));
#2251 = VECTOR('',#2252,1.);
#2252 = DIRECTION('',(0.,1.,0.));
#2253 = ORIENTED_EDGE('',*,*,#2254,.T.);
#2254 = EDGE_CURVE('',#2247,#2129,#2255,.T.);
#2255 = LINE('',#2256,#2257);
#2256 = CARTESIAN_POINT('',(25.619771,-13.63734,1.56));
#2257 = VECTOR('',#2258,1.);
#2258 = DIRECTION('',(-4.875668479354E-02,0.99881068561,0.));
#2259 = FACE_BOUND('',#2260,.F.);
#2260 = EDGE_LOOP('',(#2261,#2272,#2280,#2288,#2296,#2305,#2313,#2321,
    #2329,#2338,#2346,#2354,#2362,#2371,#2379,#2387));
#2261 = ORIENTED_EDGE('',*,*,#2262,.T.);
#2262 = EDGE_CURVE('',#2263,#2265,#2267,.T.);
#2263 = VERTEX_POINT('',#2264);
#2264 = CARTESIAN_POINT('',(-12.483114,5.471761,1.56));
#2265 = VERTEX_POINT('',#2266);
#2266 = CARTESIAN_POINT('',(-12.721128,5.709792,1.56));
#2267 = CIRCLE('',#2268,0.302983563782);
#2268 = AXIS2_PLACEMENT_3D('',#2269,#2270,#2271);
#2269 = CARTESIAN_POINT('',(-12.78027292659,5.41263729689,1.56));
#2270 = DIRECTION('',(0.,0.,1.));
#2271 = DIRECTION('',(0.980775732127,0.195138318305,-0.));
#2272 = ORIENTED_EDGE('',*,*,#2273,.T.);
#2273 = EDGE_CURVE('',#2265,#2274,#2276,.T.);
#2274 = VERTEX_POINT('',#2275);
#2275 = CARTESIAN_POINT('',(-12.780229,5.71266,1.56));
#2276 = LINE('',#2277,#2278);
#2277 = CARTESIAN_POINT('',(-12.721128,5.709792,1.56));
#2278 = VECTOR('',#2279,1.);
#2279 = DIRECTION('',(-0.998824635869,4.847006067023E-02,0.));
#2280 = ORIENTED_EDGE('',*,*,#2281,.T.);
#2281 = EDGE_CURVE('',#2274,#2282,#2284,.T.);
#2282 = VERTEX_POINT('',#2283);
#2283 = CARTESIAN_POINT('',(-26.180229,5.71266,1.56));
#2284 = LINE('',#2285,#2286);
#2285 = CARTESIAN_POINT('',(-12.780229,5.71266,1.56));
#2286 = VECTOR('',#2287,1.);
#2287 = DIRECTION('',(-1.,0.,0.));
#2288 = ORIENTED_EDGE('',*,*,#2289,.T.);
#2289 = EDGE_CURVE('',#2282,#2290,#2292,.T.);
#2290 = VERTEX_POINT('',#2291);
#2291 = CARTESIAN_POINT('',(-26.239417,5.71019,1.56));
#2292 = LINE('',#2293,#2294);
#2293 = CARTESIAN_POINT('',(-26.180229,5.71266,1.56));
#2294 = VECTOR('',#2295,1.);
#2295 = DIRECTION('',(-0.999130379466,-4.169514153682E-02,0.));
#2296 = ORIENTED_EDGE('',*,*,#2297,.T.);
#2297 = EDGE_CURVE('',#2290,#2298,#2300,.T.);
#2298 = VERTEX_POINT('',#2299);
#2299 = CARTESIAN_POINT('',(-26.477808,5.471847,1.56));
#2300 = CIRCLE('',#2301,0.303372497591);
#2301 = AXIS2_PLACEMENT_3D('',#2302,#2303,#2304);
#2302 = CARTESIAN_POINT('',(-26.18026922651,5.412639309887,1.56));
#2303 = DIRECTION('',(0.,0.,1.));
#2304 = DIRECTION('',(-0.194967487011,0.980809705809,0.));
#2305 = ORIENTED_EDGE('',*,*,#2306,.T.);
#2306 = EDGE_CURVE('',#2298,#2307,#2309,.T.);
#2307 = VERTEX_POINT('',#2308);
#2308 = CARTESIAN_POINT('',(-26.480229,5.41266,1.56));
#2309 = LINE('',#2310,#2311);
#2310 = CARTESIAN_POINT('',(-26.477808,5.471847,1.56));
#2311 = VECTOR('',#2312,1.);
#2312 = DIRECTION('',(-4.087007586807E-02,-0.999164469394,0.));
#2313 = ORIENTED_EDGE('',*,*,#2314,.T.);
#2314 = EDGE_CURVE('',#2307,#2315,#2317,.T.);
#2315 = VERTEX_POINT('',#2316);
#2316 = CARTESIAN_POINT('',(-26.480229,-7.98734,1.56));
#2317 = LINE('',#2318,#2319);
#2318 = CARTESIAN_POINT('',(-26.480229,5.41266,1.56));
#2319 = VECTOR('',#2320,1.);
#2320 = DIRECTION('',(0.,-1.,0.));
#2321 = ORIENTED_EDGE('',*,*,#2322,.T.);
#2322 = EDGE_CURVE('',#2315,#2323,#2325,.T.);
#2323 = VERTEX_POINT('',#2324);
#2324 = CARTESIAN_POINT('',(-26.477754,-8.04652,1.56));
#2325 = LINE('',#2326,#2327);
#2326 = CARTESIAN_POINT('',(-26.480229,-7.98734,1.56));
#2327 = VECTOR('',#2328,1.);
#2328 = DIRECTION('',(4.178503539101E-02,-0.999126624016,0.));
#2329 = ORIENTED_EDGE('',*,*,#2330,.T.);
#2330 = EDGE_CURVE('',#2323,#2331,#2333,.T.);
#2331 = VERTEX_POINT('',#2332);
#2332 = CARTESIAN_POINT('',(-26.23941,-8.284848,1.56));
#2333 = CIRCLE('',#2334,0.303309903249);
#2334 = AXIS2_PLACEMENT_3D('',#2335,#2336,#2337);
#2335 = CARTESIAN_POINT('',(-26.18026962848,-7.987359657596,1.56));
#2336 = DIRECTION('',(0.,0.,1.));
#2337 = DIRECTION('',(-0.980793466775,-0.195049161831,0.));
#2338 = ORIENTED_EDGE('',*,*,#2339,.T.);
#2339 = EDGE_CURVE('',#2331,#2340,#2342,.T.);
#2340 = VERTEX_POINT('',#2341);
#2341 = CARTESIAN_POINT('',(-26.180229,-8.28734,1.56));
#2342 = LINE('',#2343,#2344);
#2343 = CARTESIAN_POINT('',(-26.23941,-8.284848,1.56));
#2344 = VECTOR('',#2345,1.);
#2345 = DIRECTION('',(0.999114630785,-4.207082779805E-02,0.));
#2346 = ORIENTED_EDGE('',*,*,#2347,.T.);
#2347 = EDGE_CURVE('',#2340,#2348,#2350,.T.);
#2348 = VERTEX_POINT('',#2349);
#2349 = CARTESIAN_POINT('',(-12.780229,-8.28734,1.56));
#2350 = LINE('',#2351,#2352);
#2351 = CARTESIAN_POINT('',(-26.180229,-8.28734,1.56));
#2352 = VECTOR('',#2353,1.);
#2353 = DIRECTION('',(1.,0.,0.));
#2354 = ORIENTED_EDGE('',*,*,#2355,.T.);
#2355 = EDGE_CURVE('',#2348,#2356,#2358,.T.);
#2356 = VERTEX_POINT('',#2357);
#2357 = CARTESIAN_POINT('',(-12.721136,-8.28445,1.56));
#2358 = LINE('',#2359,#2360);
#2359 = CARTESIAN_POINT('',(-12.780229,-8.28734,1.56));
#2360 = VECTOR('',#2361,1.);
#2361 = DIRECTION('',(0.998806244437,4.884758002509E-02,0.));
#2362 = ORIENTED_EDGE('',*,*,#2363,.T.);
#2363 = EDGE_CURVE('',#2356,#2364,#2366,.T.);
#2364 = VERTEX_POINT('',#2365);
#2365 = CARTESIAN_POINT('',(-12.483168,-8.046434,1.56));
#2366 = CIRCLE('',#2367,0.302915881433);
#2367 = AXIS2_PLACEMENT_3D('',#2368,#2369,#2370);
#2368 = CARTESIAN_POINT('',(-12.78026815527,-7.987361764896,1.56));
#2369 = DIRECTION('',(0.,0.,1.));
#2370 = DIRECTION('',(0.195209821931,-0.980761502824,0.));
#2371 = ORIENTED_EDGE('',*,*,#2372,.T.);
#2372 = EDGE_CURVE('',#2364,#2373,#2375,.T.);
#2373 = VERTEX_POINT('',#2374);
#2374 = CARTESIAN_POINT('',(-12.480229,-7.98734,1.56));
#2375 = LINE('',#2376,#2377);
#2376 = CARTESIAN_POINT('',(-12.483168,-8.046434,1.56));
#2377 = VECTOR('',#2378,1.);
#2378 = DIRECTION('',(4.967292647116E-02,0.99876553824,0.));
#2379 = ORIENTED_EDGE('',*,*,#2380,.T.);
#2380 = EDGE_CURVE('',#2373,#2381,#2383,.T.);
#2381 = VERTEX_POINT('',#2382);
#2382 = CARTESIAN_POINT('',(-12.480229,5.41266,1.56));
#2383 = LINE('',#2384,#2385);
#2384 = CARTESIAN_POINT('',(-12.480229,-7.98734,1.56));
#2385 = VECTOR('',#2386,1.);
#2386 = DIRECTION('',(0.,1.,0.));
#2387 = ORIENTED_EDGE('',*,*,#2388,.T.);
#2388 = EDGE_CURVE('',#2381,#2263,#2389,.T.);
#2389 = LINE('',#2390,#2391);
#2390 = CARTESIAN_POINT('',(-12.480229,5.41266,1.56));
#2391 = VECTOR('',#2392,1.);
#2392 = DIRECTION('',(-4.875668479357E-02,0.99881068561,0.));
#2393 = FACE_BOUND('',#2394,.F.);
#2394 = EDGE_LOOP('',(#2395,#2406,#2414,#2422,#2430,#2439,#2447,#2455,
    #2463,#2472,#2480,#2488,#2496,#2505,#2513,#2521));
#2395 = ORIENTED_EDGE('',*,*,#2396,.T.);
#2396 = EDGE_CURVE('',#2397,#2399,#2401,.T.);
#2397 = VERTEX_POINT('',#2398);
#2398 = CARTESIAN_POINT('',(6.566886,5.471761,1.56));
#2399 = VERTEX_POINT('',#2400);
#2400 = CARTESIAN_POINT('',(6.328872,5.709792,1.56));
#2401 = CIRCLE('',#2402,0.302983563782);
#2402 = AXIS2_PLACEMENT_3D('',#2403,#2404,#2405);
#2403 = CARTESIAN_POINT('',(6.269727073409,5.41263729689,1.56));
#2404 = DIRECTION('',(0.,0.,1.));
#2405 = DIRECTION('',(0.980775732127,0.195138318305,-0.));
#2406 = ORIENTED_EDGE('',*,*,#2407,.T.);
#2407 = EDGE_CURVE('',#2399,#2408,#2410,.T.);
#2408 = VERTEX_POINT('',#2409);
#2409 = CARTESIAN_POINT('',(6.269771,5.71266,1.56));
#2410 = LINE('',#2411,#2412);
#2411 = CARTESIAN_POINT('',(6.328872,5.709792,1.56));
#2412 = VECTOR('',#2413,1.);
#2413 = DIRECTION('',(-0.998824635869,4.847006067023E-02,0.));
#2414 = ORIENTED_EDGE('',*,*,#2415,.T.);
#2415 = EDGE_CURVE('',#2408,#2416,#2418,.T.);
#2416 = VERTEX_POINT('',#2417);
#2417 = CARTESIAN_POINT('',(-7.130229,5.71266,1.56));
#2418 = LINE('',#2419,#2420);
#2419 = CARTESIAN_POINT('',(6.269771,5.71266,1.56));
#2420 = VECTOR('',#2421,1.);
#2421 = DIRECTION('',(-1.,0.,0.));
#2422 = ORIENTED_EDGE('',*,*,#2423,.T.);
#2423 = EDGE_CURVE('',#2416,#2424,#2426,.T.);
#2424 = VERTEX_POINT('',#2425);
#2425 = CARTESIAN_POINT('',(-7.189323,5.709768,1.56));
#2426 = LINE('',#2427,#2428);
#2427 = CARTESIAN_POINT('',(-7.130229,5.71266,1.56));
#2428 = VECTOR('',#2429,1.);
#2429 = DIRECTION('',(-0.998804634956,-4.888047863219E-02,0.));
#2430 = ORIENTED_EDGE('',*,*,#2431,.T.);
#2431 = EDGE_CURVE('',#2424,#2432,#2434,.T.);
#2432 = VERTEX_POINT('',#2433);
#2433 = CARTESIAN_POINT('',(-7.427306,5.471754,1.56));
#2434 = CIRCLE('',#2435,0.30295688813);
#2435 = AXIS2_PLACEMENT_3D('',#2436,#2437,#2438);
#2436 = CARTESIAN_POINT('',(-7.130172002326,5.412641704396,1.56));
#2437 = DIRECTION('',(0.,0.,1.));
#2438 = DIRECTION('',(-0.195245594312,0.980754382046,0.));
#2439 = ORIENTED_EDGE('',*,*,#2440,.T.);
#2440 = EDGE_CURVE('',#2432,#2441,#2443,.T.);
#2441 = VERTEX_POINT('',#2442);
#2442 = CARTESIAN_POINT('',(-7.430229,5.41266,1.56));
#2443 = LINE('',#2444,#2445);
#2444 = CARTESIAN_POINT('',(-7.427306,5.471754,1.56));
#2445 = VECTOR('',#2446,1.);
#2446 = DIRECTION('',(-4.940316745052E-02,-0.998778918002,0.));
#2447 = ORIENTED_EDGE('',*,*,#2448,.T.);
#2448 = EDGE_CURVE('',#2441,#2449,#2451,.T.);
#2449 = VERTEX_POINT('',#2450);
#2450 = CARTESIAN_POINT('',(-7.430229,-7.98734,1.56));
#2451 = LINE('',#2452,#2453);
#2452 = CARTESIAN_POINT('',(-7.430229,5.41266,1.56));
#2453 = VECTOR('',#2454,1.);
#2454 = DIRECTION('',(0.,-1.,0.));
#2455 = ORIENTED_EDGE('',*,*,#2456,.T.);
#2456 = EDGE_CURVE('',#2449,#2457,#2459,.T.);
#2457 = VERTEX_POINT('',#2458);
#2458 = CARTESIAN_POINT('',(-7.427754,-8.04652,1.56));
#2459 = LINE('',#2460,#2461);
#2460 = CARTESIAN_POINT('',(-7.430229,-7.98734,1.56));
#2461 = VECTOR('',#2462,1.);
#2462 = DIRECTION('',(4.178503539099E-02,-0.999126624016,0.));
#2463 = ORIENTED_EDGE('',*,*,#2464,.T.);
#2464 = EDGE_CURVE('',#2457,#2465,#2467,.T.);
#2465 = VERTEX_POINT('',#2466);
#2466 = CARTESIAN_POINT('',(-7.18941,-8.284848,1.56));
#2467 = CIRCLE('',#2468,0.303309903249);
#2468 = AXIS2_PLACEMENT_3D('',#2469,#2470,#2471);
#2469 = CARTESIAN_POINT('',(-7.130269628485,-7.987359657596,1.56));
#2470 = DIRECTION('',(0.,0.,1.));
#2471 = DIRECTION('',(-0.980793466775,-0.195049161831,0.));
#2472 = ORIENTED_EDGE('',*,*,#2473,.T.);
#2473 = EDGE_CURVE('',#2465,#2474,#2476,.T.);
#2474 = VERTEX_POINT('',#2475);
#2475 = CARTESIAN_POINT('',(-7.130229,-8.28734,1.56));
#2476 = LINE('',#2477,#2478);
#2477 = CARTESIAN_POINT('',(-7.18941,-8.284848,1.56));
#2478 = VECTOR('',#2479,1.);
#2479 = DIRECTION('',(0.999114630785,-4.207082779804E-02,0.));
#2480 = ORIENTED_EDGE('',*,*,#2481,.T.);
#2481 = EDGE_CURVE('',#2474,#2482,#2484,.T.);
#2482 = VERTEX_POINT('',#2483);
#2483 = CARTESIAN_POINT('',(6.269771,-8.28734,1.56));
#2484 = LINE('',#2485,#2486);
#2485 = CARTESIAN_POINT('',(-7.130229,-8.28734,1.56));
#2486 = VECTOR('',#2487,1.);
#2487 = DIRECTION('',(1.,0.,0.));
#2488 = ORIENTED_EDGE('',*,*,#2489,.T.);
#2489 = EDGE_CURVE('',#2482,#2490,#2492,.T.);
#2490 = VERTEX_POINT('',#2491);
#2491 = CARTESIAN_POINT('',(6.328864,-8.28445,1.56));
#2492 = LINE('',#2493,#2494);
#2493 = CARTESIAN_POINT('',(6.269771,-8.28734,1.56));
#2494 = VECTOR('',#2495,1.);
#2495 = DIRECTION('',(0.998806244437,4.884758002509E-02,0.));
#2496 = ORIENTED_EDGE('',*,*,#2497,.T.);
#2497 = EDGE_CURVE('',#2490,#2498,#2500,.T.);
#2498 = VERTEX_POINT('',#2499);
#2499 = CARTESIAN_POINT('',(6.566832,-8.046434,1.56));
#2500 = CIRCLE('',#2501,0.302915881433);
#2501 = AXIS2_PLACEMENT_3D('',#2502,#2503,#2504);
#2502 = CARTESIAN_POINT('',(6.269731844725,-7.987361764896,1.56));
#2503 = DIRECTION('',(0.,0.,1.));
#2504 = DIRECTION('',(0.195209821931,-0.980761502824,0.));
#2505 = ORIENTED_EDGE('',*,*,#2506,.T.);
#2506 = EDGE_CURVE('',#2498,#2507,#2509,.T.);
#2507 = VERTEX_POINT('',#2508);
#2508 = CARTESIAN_POINT('',(6.569771,-7.98734,1.56));
#2509 = LINE('',#2510,#2511);
#2510 = CARTESIAN_POINT('',(6.566832,-8.046434,1.56));
#2511 = VECTOR('',#2512,1.);
#2512 = DIRECTION('',(4.967292647118E-02,0.99876553824,0.));
#2513 = ORIENTED_EDGE('',*,*,#2514,.T.);
#2514 = EDGE_CURVE('',#2507,#2515,#2517,.T.);
#2515 = VERTEX_POINT('',#2516);
#2516 = CARTESIAN_POINT('',(6.569771,5.41266,1.56));
#2517 = LINE('',#2518,#2519);
#2518 = CARTESIAN_POINT('',(6.569771,-7.98734,1.56));
#2519 = VECTOR('',#2520,1.);
#2520 = DIRECTION('',(0.,1.,0.));
#2521 = ORIENTED_EDGE('',*,*,#2522,.T.);
#2522 = EDGE_CURVE('',#2515,#2397,#2523,.T.);
#2523 = LINE('',#2524,#2525);
#2524 = CARTESIAN_POINT('',(6.569771,5.41266,1.56));
#2525 = VECTOR('',#2526,1.);
#2526 = DIRECTION('',(-4.875668479355E-02,0.99881068561,0.));
#2527 = FACE_BOUND('',#2528,.F.);
#2528 = EDGE_LOOP('',(#2529,#2540,#2548,#2556,#2564,#2573,#2581,#2589,
    #2597,#2606,#2614,#2622,#2630,#2639,#2647,#2655));
#2529 = ORIENTED_EDGE('',*,*,#2530,.T.);
#2530 = EDGE_CURVE('',#2531,#2533,#2535,.T.);
#2531 = VERTEX_POINT('',#2532);
#2532 = CARTESIAN_POINT('',(25.616886,5.471761,1.56));
#2533 = VERTEX_POINT('',#2534);
#2534 = CARTESIAN_POINT('',(25.378872,5.709792,1.56));
#2535 = CIRCLE('',#2536,0.302983563782);
#2536 = AXIS2_PLACEMENT_3D('',#2537,#2538,#2539);
#2537 = CARTESIAN_POINT('',(25.319727073409,5.41263729689,1.56));
#2538 = DIRECTION('',(0.,0.,1.));
#2539 = DIRECTION('',(0.980775732127,0.195138318305,-0.));
#2540 = ORIENTED_EDGE('',*,*,#2541,.T.);
#2541 = EDGE_CURVE('',#2533,#2542,#2544,.T.);
#2542 = VERTEX_POINT('',#2543);
#2543 = CARTESIAN_POINT('',(25.319771,5.71266,1.56));
#2544 = LINE('',#2545,#2546);
#2545 = CARTESIAN_POINT('',(25.378872,5.709792,1.56));
#2546 = VECTOR('',#2547,1.);
#2547 = DIRECTION('',(-0.998824635869,4.847006067023E-02,0.));
#2548 = ORIENTED_EDGE('',*,*,#2549,.T.);
#2549 = EDGE_CURVE('',#2542,#2550,#2552,.T.);
#2550 = VERTEX_POINT('',#2551);
#2551 = CARTESIAN_POINT('',(11.919771,5.71266,1.56));
#2552 = LINE('',#2553,#2554);
#2553 = CARTESIAN_POINT('',(25.319771,5.71266,1.56));
#2554 = VECTOR('',#2555,1.);
#2555 = DIRECTION('',(-1.,0.,0.));
#2556 = ORIENTED_EDGE('',*,*,#2557,.T.);
#2557 = EDGE_CURVE('',#2550,#2558,#2560,.T.);
#2558 = VERTEX_POINT('',#2559);
#2559 = CARTESIAN_POINT('',(11.860677,5.709768,1.56));
#2560 = LINE('',#2561,#2562);
#2561 = CARTESIAN_POINT('',(11.919771,5.71266,1.56));
#2562 = VECTOR('',#2563,1.);
#2563 = DIRECTION('',(-0.998804634956,-4.888047863219E-02,0.));
#2564 = ORIENTED_EDGE('',*,*,#2565,.T.);
#2565 = EDGE_CURVE('',#2558,#2566,#2568,.T.);
#2566 = VERTEX_POINT('',#2567);
#2567 = CARTESIAN_POINT('',(11.622694,5.471754,1.56));
#2568 = CIRCLE('',#2569,0.30295688813);
#2569 = AXIS2_PLACEMENT_3D('',#2570,#2571,#2572);
#2570 = CARTESIAN_POINT('',(11.919827997674,5.412641704396,1.56));
#2571 = DIRECTION('',(0.,0.,1.));
#2572 = DIRECTION('',(-0.195245594312,0.980754382046,0.));
#2573 = ORIENTED_EDGE('',*,*,#2574,.T.);
#2574 = EDGE_CURVE('',#2566,#2575,#2577,.T.);
#2575 = VERTEX_POINT('',#2576);
#2576 = CARTESIAN_POINT('',(11.619771,5.41266,1.56));
#2577 = LINE('',#2578,#2579);
#2578 = CARTESIAN_POINT('',(11.622694,5.471754,1.56));
#2579 = VECTOR('',#2580,1.);
#2580 = DIRECTION('',(-4.94031674505E-02,-0.998778918002,0.));
#2581 = ORIENTED_EDGE('',*,*,#2582,.T.);
#2582 = EDGE_CURVE('',#2575,#2583,#2585,.T.);
#2583 = VERTEX_POINT('',#2584);
#2584 = CARTESIAN_POINT('',(11.619771,-7.98734,1.56));
#2585 = LINE('',#2586,#2587);
#2586 = CARTESIAN_POINT('',(11.619771,5.41266,1.56));
#2587 = VECTOR('',#2588,1.);
#2588 = DIRECTION('',(0.,-1.,0.));
#2589 = ORIENTED_EDGE('',*,*,#2590,.T.);
#2590 = EDGE_CURVE('',#2583,#2591,#2593,.T.);
#2591 = VERTEX_POINT('',#2592);
#2592 = CARTESIAN_POINT('',(11.622246,-8.04652,1.56));
#2593 = LINE('',#2594,#2595);
#2594 = CARTESIAN_POINT('',(11.619771,-7.98734,1.56));
#2595 = VECTOR('',#2596,1.);
#2596 = DIRECTION('',(4.178503539101E-02,-0.999126624016,0.));
#2597 = ORIENTED_EDGE('',*,*,#2598,.T.);
#2598 = EDGE_CURVE('',#2591,#2599,#2601,.T.);
#2599 = VERTEX_POINT('',#2600);
#2600 = CARTESIAN_POINT('',(11.86059,-8.284848,1.56));
#2601 = CIRCLE('',#2602,0.303309903249);
#2602 = AXIS2_PLACEMENT_3D('',#2603,#2604,#2605);
#2603 = CARTESIAN_POINT('',(11.919730371515,-7.987359657596,1.56));
#2604 = DIRECTION('',(0.,0.,1.));
#2605 = DIRECTION('',(-0.980793466775,-0.195049161831,0.));
#2606 = ORIENTED_EDGE('',*,*,#2607,.T.);
#2607 = EDGE_CURVE('',#2599,#2608,#2610,.T.);
#2608 = VERTEX_POINT('',#2609);
#2609 = CARTESIAN_POINT('',(11.919771,-8.28734,1.56));
#2610 = LINE('',#2611,#2612);
#2611 = CARTESIAN_POINT('',(11.86059,-8.284848,1.56));
#2612 = VECTOR('',#2613,1.);
#2613 = DIRECTION('',(0.999114630785,-4.207082779804E-02,0.));
#2614 = ORIENTED_EDGE('',*,*,#2615,.T.);
#2615 = EDGE_CURVE('',#2608,#2616,#2618,.T.);
#2616 = VERTEX_POINT('',#2617);
#2617 = CARTESIAN_POINT('',(25.319771,-8.28734,1.56));
#2618 = LINE('',#2619,#2620);
#2619 = CARTESIAN_POINT('',(11.919771,-8.28734,1.56));
#2620 = VECTOR('',#2621,1.);
#2621 = DIRECTION('',(1.,0.,0.));
#2622 = ORIENTED_EDGE('',*,*,#2623,.T.);
#2623 = EDGE_CURVE('',#2616,#2624,#2626,.T.);
#2624 = VERTEX_POINT('',#2625);
#2625 = CARTESIAN_POINT('',(25.378864,-8.28445,1.56));
#2626 = LINE('',#2627,#2628);
#2627 = CARTESIAN_POINT('',(25.319771,-8.28734,1.56));
#2628 = VECTOR('',#2629,1.);
#2629 = DIRECTION('',(0.998806244437,4.884758002509E-02,0.));
#2630 = ORIENTED_EDGE('',*,*,#2631,.T.);
#2631 = EDGE_CURVE('',#2624,#2632,#2634,.T.);
#2632 = VERTEX_POINT('',#2633);
#2633 = CARTESIAN_POINT('',(25.616832,-8.046434,1.56));
#2634 = CIRCLE('',#2635,0.302915881433);
#2635 = AXIS2_PLACEMENT_3D('',#2636,#2637,#2638);
#2636 = CARTESIAN_POINT('',(25.319731844725,-7.987361764896,1.56));
#2637 = DIRECTION('',(0.,0.,1.));
#2638 = DIRECTION('',(0.195209821931,-0.980761502824,0.));
#2639 = ORIENTED_EDGE('',*,*,#2640,.T.);
#2640 = EDGE_CURVE('',#2632,#2641,#2643,.T.);
#2641 = VERTEX_POINT('',#2642);
#2642 = CARTESIAN_POINT('',(25.619771,-7.98734,1.56));
#2643 = LINE('',#2644,#2645);
#2644 = CARTESIAN_POINT('',(25.616832,-8.046434,1.56));
#2645 = VECTOR('',#2646,1.);
#2646 = DIRECTION('',(4.967292647119E-02,0.99876553824,0.));
#2647 = ORIENTED_EDGE('',*,*,#2648,.T.);
#2648 = EDGE_CURVE('',#2641,#2649,#2651,.T.);
#2649 = VERTEX_POINT('',#2650);
#2650 = CARTESIAN_POINT('',(25.619771,5.41266,1.56));
#2651 = LINE('',#2652,#2653);
#2652 = CARTESIAN_POINT('',(25.619771,-7.98734,1.56));
#2653 = VECTOR('',#2654,1.);
#2654 = DIRECTION('',(0.,1.,0.));
#2655 = ORIENTED_EDGE('',*,*,#2656,.T.);
#2656 = EDGE_CURVE('',#2649,#2531,#2657,.T.);
#2657 = LINE('',#2658,#2659);
#2658 = CARTESIAN_POINT('',(25.619771,5.41266,1.56));
#2659 = VECTOR('',#2660,1.);
#2660 = DIRECTION('',(-4.875668479354E-02,0.99881068561,0.));
#2661 = FACE_BOUND('',#2662,.F.);
#2662 = EDGE_LOOP('',(#2663,#2674,#2682,#2690,#2698,#2707,#2715,#2723,
    #2731,#2740,#2748,#2756,#2764,#2773,#2781,#2789));
#2663 = ORIENTED_EDGE('',*,*,#2664,.T.);
#2664 = EDGE_CURVE('',#2665,#2667,#2669,.T.);
#2665 = VERTEX_POINT('',#2666);
#2666 = CARTESIAN_POINT('',(-12.483114,24.521761,1.56));
#2667 = VERTEX_POINT('',#2668);
#2668 = CARTESIAN_POINT('',(-12.721128,24.759792,1.56));
#2669 = CIRCLE('',#2670,0.302983563782);
#2670 = AXIS2_PLACEMENT_3D('',#2671,#2672,#2673);
#2671 = CARTESIAN_POINT('',(-12.78027292659,24.46263729689,1.56));
#2672 = DIRECTION('',(0.,0.,1.));
#2673 = DIRECTION('',(0.980775732127,0.195138318305,-0.));
#2674 = ORIENTED_EDGE('',*,*,#2675,.T.);
#2675 = EDGE_CURVE('',#2667,#2676,#2678,.T.);
#2676 = VERTEX_POINT('',#2677);
#2677 = CARTESIAN_POINT('',(-12.780229,24.76266,1.56));
#2678 = LINE('',#2679,#2680);
#2679 = CARTESIAN_POINT('',(-12.721128,24.759792,1.56));
#2680 = VECTOR('',#2681,1.);
#2681 = DIRECTION('',(-0.998824635869,4.847006067023E-02,0.));
#2682 = ORIENTED_EDGE('',*,*,#2683,.T.);
#2683 = EDGE_CURVE('',#2676,#2684,#2686,.T.);
#2684 = VERTEX_POINT('',#2685);
#2685 = CARTESIAN_POINT('',(-26.180229,24.76266,1.56));
#2686 = LINE('',#2687,#2688);
#2687 = CARTESIAN_POINT('',(-12.780229,24.76266,1.56));
#2688 = VECTOR('',#2689,1.);
#2689 = DIRECTION('',(-1.,0.,0.));
#2690 = ORIENTED_EDGE('',*,*,#2691,.T.);
#2691 = EDGE_CURVE('',#2684,#2692,#2694,.T.);
#2692 = VERTEX_POINT('',#2693);
#2693 = CARTESIAN_POINT('',(-26.239323,24.759768,1.56));
#2694 = LINE('',#2695,#2696);
#2695 = CARTESIAN_POINT('',(-26.180229,24.76266,1.56));
#2696 = VECTOR('',#2697,1.);
#2697 = DIRECTION('',(-0.998804634956,-4.888047863219E-02,0.));
#2698 = ORIENTED_EDGE('',*,*,#2699,.T.);
#2699 = EDGE_CURVE('',#2692,#2700,#2702,.T.);
#2700 = VERTEX_POINT('',#2701);
#2701 = CARTESIAN_POINT('',(-26.477306,24.521754,1.56));
#2702 = CIRCLE('',#2703,0.30295688813);
#2703 = AXIS2_PLACEMENT_3D('',#2704,#2705,#2706);
#2704 = CARTESIAN_POINT('',(-26.18017200232,24.462641704396,1.56));
#2705 = DIRECTION('',(0.,0.,1.));
#2706 = DIRECTION('',(-0.195245594312,0.980754382046,0.));
#2707 = ORIENTED_EDGE('',*,*,#2708,.T.);
#2708 = EDGE_CURVE('',#2700,#2709,#2711,.T.);
#2709 = VERTEX_POINT('',#2710);
#2710 = CARTESIAN_POINT('',(-26.480229,24.46266,1.56));
#2711 = LINE('',#2712,#2713);
#2712 = CARTESIAN_POINT('',(-26.477306,24.521754,1.56));
#2713 = VECTOR('',#2714,1.);
#2714 = DIRECTION('',(-4.940316745056E-02,-0.998778918002,0.));
#2715 = ORIENTED_EDGE('',*,*,#2716,.T.);
#2716 = EDGE_CURVE('',#2709,#2717,#2719,.T.);
#2717 = VERTEX_POINT('',#2718);
#2718 = CARTESIAN_POINT('',(-26.480229,11.06266,1.56));
#2719 = LINE('',#2720,#2721);
#2720 = CARTESIAN_POINT('',(-26.480229,24.46266,1.56));
#2721 = VECTOR('',#2722,1.);
#2722 = DIRECTION('',(0.,-1.,0.));
#2723 = ORIENTED_EDGE('',*,*,#2724,.T.);
#2724 = EDGE_CURVE('',#2717,#2725,#2727,.T.);
#2725 = VERTEX_POINT('',#2726);
#2726 = CARTESIAN_POINT('',(-26.477754,11.00348,1.56));
#2727 = LINE('',#2728,#2729);
#2728 = CARTESIAN_POINT('',(-26.480229,11.06266,1.56));
#2729 = VECTOR('',#2730,1.);
#2730 = DIRECTION('',(4.178503539101E-02,-0.999126624016,0.));
#2731 = ORIENTED_EDGE('',*,*,#2732,.T.);
#2732 = EDGE_CURVE('',#2725,#2733,#2735,.T.);
#2733 = VERTEX_POINT('',#2734);
#2734 = CARTESIAN_POINT('',(-26.23941,10.765152,1.56));
#2735 = CIRCLE('',#2736,0.303309903249);
#2736 = AXIS2_PLACEMENT_3D('',#2737,#2738,#2739);
#2737 = CARTESIAN_POINT('',(-26.18026962848,11.062640342404,1.56));
#2738 = DIRECTION('',(0.,0.,1.));
#2739 = DIRECTION('',(-0.980793466775,-0.195049161831,0.));
#2740 = ORIENTED_EDGE('',*,*,#2741,.T.);
#2741 = EDGE_CURVE('',#2733,#2742,#2744,.T.);
#2742 = VERTEX_POINT('',#2743);
#2743 = CARTESIAN_POINT('',(-26.180229,10.76266,1.56));
#2744 = LINE('',#2745,#2746);
#2745 = CARTESIAN_POINT('',(-26.23941,10.765152,1.56));
#2746 = VECTOR('',#2747,1.);
#2747 = DIRECTION('',(0.999114630785,-4.207082779805E-02,0.));
#2748 = ORIENTED_EDGE('',*,*,#2749,.T.);
#2749 = EDGE_CURVE('',#2742,#2750,#2752,.T.);
#2750 = VERTEX_POINT('',#2751);
#2751 = CARTESIAN_POINT('',(-12.780229,10.76266,1.56));
#2752 = LINE('',#2753,#2754);
#2753 = CARTESIAN_POINT('',(-26.180229,10.76266,1.56));
#2754 = VECTOR('',#2755,1.);
#2755 = DIRECTION('',(1.,0.,0.));
#2756 = ORIENTED_EDGE('',*,*,#2757,.T.);
#2757 = EDGE_CURVE('',#2750,#2758,#2760,.T.);
#2758 = VERTEX_POINT('',#2759);
#2759 = CARTESIAN_POINT('',(-12.721136,10.76555,1.56));
#2760 = LINE('',#2761,#2762);
#2761 = CARTESIAN_POINT('',(-12.780229,10.76266,1.56));
#2762 = VECTOR('',#2763,1.);
#2763 = DIRECTION('',(0.998806244437,4.884758002506E-02,0.));
#2764 = ORIENTED_EDGE('',*,*,#2765,.T.);
#2765 = EDGE_CURVE('',#2758,#2766,#2768,.T.);
#2766 = VERTEX_POINT('',#2767);
#2767 = CARTESIAN_POINT('',(-12.483168,11.003566,1.56));
#2768 = CIRCLE('',#2769,0.302915881433);
#2769 = AXIS2_PLACEMENT_3D('',#2770,#2771,#2772);
#2770 = CARTESIAN_POINT('',(-12.78026815527,11.062638235104,1.56));
#2771 = DIRECTION('',(0.,0.,1.));
#2772 = DIRECTION('',(0.195209821931,-0.980761502824,0.));
#2773 = ORIENTED_EDGE('',*,*,#2774,.T.);
#2774 = EDGE_CURVE('',#2766,#2775,#2777,.T.);
#2775 = VERTEX_POINT('',#2776);
#2776 = CARTESIAN_POINT('',(-12.480229,11.06266,1.56));
#2777 = LINE('',#2778,#2779);
#2778 = CARTESIAN_POINT('',(-12.483168,11.003566,1.56));
#2779 = VECTOR('',#2780,1.);
#2780 = DIRECTION('',(4.967292647116E-02,0.99876553824,0.));
#2781 = ORIENTED_EDGE('',*,*,#2782,.T.);
#2782 = EDGE_CURVE('',#2775,#2783,#2785,.T.);
#2783 = VERTEX_POINT('',#2784);
#2784 = CARTESIAN_POINT('',(-12.480229,24.46266,1.56));
#2785 = LINE('',#2786,#2787);
#2786 = CARTESIAN_POINT('',(-12.480229,11.06266,1.56));
#2787 = VECTOR('',#2788,1.);
#2788 = DIRECTION('',(0.,1.,0.));
#2789 = ORIENTED_EDGE('',*,*,#2790,.T.);
#2790 = EDGE_CURVE('',#2783,#2665,#2791,.T.);
#2791 = LINE('',#2792,#2793);
#2792 = CARTESIAN_POINT('',(-12.480229,24.46266,1.56));
#2793 = VECTOR('',#2794,1.);
#2794 = DIRECTION('',(-4.875668479357E-02,0.99881068561,0.));
#2795 = FACE_BOUND('',#2796,.F.);
#2796 = EDGE_LOOP('',(#2797,#2808,#2816,#2824,#2832,#2841,#2849,#2857,
    #2865,#2874,#2882,#2890,#2898,#2907,#2915,#2923));
#2797 = ORIENTED_EDGE('',*,*,#2798,.T.);
#2798 = EDGE_CURVE('',#2799,#2801,#2803,.T.);
#2799 = VERTEX_POINT('',#2800);
#2800 = CARTESIAN_POINT('',(6.566886,24.521761,1.56));
#2801 = VERTEX_POINT('',#2802);
#2802 = CARTESIAN_POINT('',(6.328872,24.759792,1.56));
#2803 = CIRCLE('',#2804,0.302983563782);
#2804 = AXIS2_PLACEMENT_3D('',#2805,#2806,#2807);
#2805 = CARTESIAN_POINT('',(6.269727073409,24.46263729689,1.56));
#2806 = DIRECTION('',(0.,0.,1.));
#2807 = DIRECTION('',(0.980775732127,0.195138318305,-0.));
#2808 = ORIENTED_EDGE('',*,*,#2809,.T.);
#2809 = EDGE_CURVE('',#2801,#2810,#2812,.T.);
#2810 = VERTEX_POINT('',#2811);
#2811 = CARTESIAN_POINT('',(6.269771,24.76266,1.56));
#2812 = LINE('',#2813,#2814);
#2813 = CARTESIAN_POINT('',(6.328872,24.759792,1.56));
#2814 = VECTOR('',#2815,1.);
#2815 = DIRECTION('',(-0.998824635869,4.847006067023E-02,0.));
#2816 = ORIENTED_EDGE('',*,*,#2817,.T.);
#2817 = EDGE_CURVE('',#2810,#2818,#2820,.T.);
#2818 = VERTEX_POINT('',#2819);
#2819 = CARTESIAN_POINT('',(-7.130229,24.76266,1.56));
#2820 = LINE('',#2821,#2822);
#2821 = CARTESIAN_POINT('',(6.269771,24.76266,1.56));
#2822 = VECTOR('',#2823,1.);
#2823 = DIRECTION('',(-1.,0.,0.));
#2824 = ORIENTED_EDGE('',*,*,#2825,.T.);
#2825 = EDGE_CURVE('',#2818,#2826,#2828,.T.);
#2826 = VERTEX_POINT('',#2827);
#2827 = CARTESIAN_POINT('',(-7.189323,24.759768,1.56));
#2828 = LINE('',#2829,#2830);
#2829 = CARTESIAN_POINT('',(-7.130229,24.76266,1.56));
#2830 = VECTOR('',#2831,1.);
#2831 = DIRECTION('',(-0.998804634956,-4.888047863219E-02,0.));
#2832 = ORIENTED_EDGE('',*,*,#2833,.T.);
#2833 = EDGE_CURVE('',#2826,#2834,#2836,.T.);
#2834 = VERTEX_POINT('',#2835);
#2835 = CARTESIAN_POINT('',(-7.427306,24.521754,1.56));
#2836 = CIRCLE('',#2837,0.30295688813);
#2837 = AXIS2_PLACEMENT_3D('',#2838,#2839,#2840);
#2838 = CARTESIAN_POINT('',(-7.130172002326,24.462641704396,1.56));
#2839 = DIRECTION('',(0.,0.,1.));
#2840 = DIRECTION('',(-0.195245594312,0.980754382046,0.));
#2841 = ORIENTED_EDGE('',*,*,#2842,.T.);
#2842 = EDGE_CURVE('',#2834,#2843,#2845,.T.);
#2843 = VERTEX_POINT('',#2844);
#2844 = CARTESIAN_POINT('',(-7.430229,24.46266,1.56));
#2845 = LINE('',#2846,#2847);
#2846 = CARTESIAN_POINT('',(-7.427306,24.521754,1.56));
#2847 = VECTOR('',#2848,1.);
#2848 = DIRECTION('',(-4.940316745051E-02,-0.998778918002,0.));
#2849 = ORIENTED_EDGE('',*,*,#2850,.T.);
#2850 = EDGE_CURVE('',#2843,#2851,#2853,.T.);
#2851 = VERTEX_POINT('',#2852);
#2852 = CARTESIAN_POINT('',(-7.430229,11.06266,1.56));
#2853 = LINE('',#2854,#2855);
#2854 = CARTESIAN_POINT('',(-7.430229,24.46266,1.56));
#2855 = VECTOR('',#2856,1.);
#2856 = DIRECTION('',(0.,-1.,0.));
#2857 = ORIENTED_EDGE('',*,*,#2858,.T.);
#2858 = EDGE_CURVE('',#2851,#2859,#2861,.T.);
#2859 = VERTEX_POINT('',#2860);
#2860 = CARTESIAN_POINT('',(-7.427754,11.00348,1.56));
#2861 = LINE('',#2862,#2863);
#2862 = CARTESIAN_POINT('',(-7.430229,11.06266,1.56));
#2863 = VECTOR('',#2864,1.);
#2864 = DIRECTION('',(4.178503539099E-02,-0.999126624016,0.));
#2865 = ORIENTED_EDGE('',*,*,#2866,.T.);
#2866 = EDGE_CURVE('',#2859,#2867,#2869,.T.);
#2867 = VERTEX_POINT('',#2868);
#2868 = CARTESIAN_POINT('',(-7.18941,10.765152,1.56));
#2869 = CIRCLE('',#2870,0.303309903249);
#2870 = AXIS2_PLACEMENT_3D('',#2871,#2872,#2873);
#2871 = CARTESIAN_POINT('',(-7.130269628485,11.062640342404,1.56));
#2872 = DIRECTION('',(0.,0.,1.));
#2873 = DIRECTION('',(-0.980793466775,-0.195049161831,0.));
#2874 = ORIENTED_EDGE('',*,*,#2875,.T.);
#2875 = EDGE_CURVE('',#2867,#2876,#2878,.T.);
#2876 = VERTEX_POINT('',#2877);
#2877 = CARTESIAN_POINT('',(-7.130229,10.76266,1.56));
#2878 = LINE('',#2879,#2880);
#2879 = CARTESIAN_POINT('',(-7.18941,10.765152,1.56));
#2880 = VECTOR('',#2881,1.);
#2881 = DIRECTION('',(0.999114630785,-4.207082779804E-02,0.));
#2882 = ORIENTED_EDGE('',*,*,#2883,.T.);
#2883 = EDGE_CURVE('',#2876,#2884,#2886,.T.);
#2884 = VERTEX_POINT('',#2885);
#2885 = CARTESIAN_POINT('',(6.269771,10.76266,1.56));
#2886 = LINE('',#2887,#2888);
#2887 = CARTESIAN_POINT('',(-7.130229,10.76266,1.56));
#2888 = VECTOR('',#2889,1.);
#2889 = DIRECTION('',(1.,0.,0.));
#2890 = ORIENTED_EDGE('',*,*,#2891,.T.);
#2891 = EDGE_CURVE('',#2884,#2892,#2894,.T.);
#2892 = VERTEX_POINT('',#2893);
#2893 = CARTESIAN_POINT('',(6.328864,10.76555,1.56));
#2894 = LINE('',#2895,#2896);
#2895 = CARTESIAN_POINT('',(6.269771,10.76266,1.56));
#2896 = VECTOR('',#2897,1.);
#2897 = DIRECTION('',(0.998806244437,4.884758002506E-02,0.));
#2898 = ORIENTED_EDGE('',*,*,#2899,.T.);
#2899 = EDGE_CURVE('',#2892,#2900,#2902,.T.);
#2900 = VERTEX_POINT('',#2901);
#2901 = CARTESIAN_POINT('',(6.566832,11.003566,1.56));
#2902 = CIRCLE('',#2903,0.302915881433);
#2903 = AXIS2_PLACEMENT_3D('',#2904,#2905,#2906);
#2904 = CARTESIAN_POINT('',(6.269731844725,11.062638235104,1.56));
#2905 = DIRECTION('',(0.,0.,1.));
#2906 = DIRECTION('',(0.195209821931,-0.980761502824,0.));
#2907 = ORIENTED_EDGE('',*,*,#2908,.T.);
#2908 = EDGE_CURVE('',#2900,#2909,#2911,.T.);
#2909 = VERTEX_POINT('',#2910);
#2910 = CARTESIAN_POINT('',(6.569771,11.06266,1.56));
#2911 = LINE('',#2912,#2913);
#2912 = CARTESIAN_POINT('',(6.566832,11.003566,1.56));
#2913 = VECTOR('',#2914,1.);
#2914 = DIRECTION('',(4.967292647118E-02,0.99876553824,0.));
#2915 = ORIENTED_EDGE('',*,*,#2916,.T.);
#2916 = EDGE_CURVE('',#2909,#2917,#2919,.T.);
#2917 = VERTEX_POINT('',#2918);
#2918 = CARTESIAN_POINT('',(6.569771,24.46266,1.56));
#2919 = LINE('',#2920,#2921);
#2920 = CARTESIAN_POINT('',(6.569771,11.06266,1.56));
#2921 = VECTOR('',#2922,1.);
#2922 = DIRECTION('',(0.,1.,0.));
#2923 = ORIENTED_EDGE('',*,*,#2924,.T.);
#2924 = EDGE_CURVE('',#2917,#2799,#2925,.T.);
#2925 = LINE('',#2926,#2927);
#2926 = CARTESIAN_POINT('',(6.569771,24.46266,1.56));
#2927 = VECTOR('',#2928,1.);
#2928 = DIRECTION('',(-4.875668479355E-02,0.99881068561,0.));
#2929 = FACE_BOUND('',#2930,.F.);
#2930 = EDGE_LOOP('',(#2931,#2942,#2950,#2958,#2966,#2975,#2983,#2991,
    #2999,#3008,#3016,#3024,#3032,#3041,#3049,#3057));
#2931 = ORIENTED_EDGE('',*,*,#2932,.T.);
#2932 = EDGE_CURVE('',#2933,#2935,#2937,.T.);
#2933 = VERTEX_POINT('',#2934);
#2934 = CARTESIAN_POINT('',(25.616886,24.521761,1.56));
#2935 = VERTEX_POINT('',#2936);
#2936 = CARTESIAN_POINT('',(25.378872,24.759792,1.56));
#2937 = CIRCLE('',#2938,0.302983563782);
#2938 = AXIS2_PLACEMENT_3D('',#2939,#2940,#2941);
#2939 = CARTESIAN_POINT('',(25.319727073409,24.46263729689,1.56));
#2940 = DIRECTION('',(0.,0.,1.));
#2941 = DIRECTION('',(0.980775732127,0.195138318305,-0.));
#2942 = ORIENTED_EDGE('',*,*,#2943,.T.);
#2943 = EDGE_CURVE('',#2935,#2944,#2946,.T.);
#2944 = VERTEX_POINT('',#2945);
#2945 = CARTESIAN_POINT('',(25.319771,24.76266,1.56));
#2946 = LINE('',#2947,#2948);
#2947 = CARTESIAN_POINT('',(25.378872,24.759792,1.56));
#2948 = VECTOR('',#2949,1.);
#2949 = DIRECTION('',(-0.998824635869,4.847006067023E-02,0.));
#2950 = ORIENTED_EDGE('',*,*,#2951,.T.);
#2951 = EDGE_CURVE('',#2944,#2952,#2954,.T.);
#2952 = VERTEX_POINT('',#2953);
#2953 = CARTESIAN_POINT('',(11.919771,24.76266,1.56));
#2954 = LINE('',#2955,#2956);
#2955 = CARTESIAN_POINT('',(25.319771,24.76266,1.56));
#2956 = VECTOR('',#2957,1.);
#2957 = DIRECTION('',(-1.,0.,0.));
#2958 = ORIENTED_EDGE('',*,*,#2959,.T.);
#2959 = EDGE_CURVE('',#2952,#2960,#2962,.T.);
#2960 = VERTEX_POINT('',#2961);
#2961 = CARTESIAN_POINT('',(11.860677,24.759768,1.56));
#2962 = LINE('',#2963,#2964);
#2963 = CARTESIAN_POINT('',(11.919771,24.76266,1.56));
#2964 = VECTOR('',#2965,1.);
#2965 = DIRECTION('',(-0.998804634956,-4.888047863219E-02,0.));
#2966 = ORIENTED_EDGE('',*,*,#2967,.T.);
#2967 = EDGE_CURVE('',#2960,#2968,#2970,.T.);
#2968 = VERTEX_POINT('',#2969);
#2969 = CARTESIAN_POINT('',(11.622694,24.521754,1.56));
#2970 = CIRCLE('',#2971,0.30295688813);
#2971 = AXIS2_PLACEMENT_3D('',#2972,#2973,#2974);
#2972 = CARTESIAN_POINT('',(11.919827997674,24.462641704396,1.56));
#2973 = DIRECTION('',(0.,0.,1.));
#2974 = DIRECTION('',(-0.195245594312,0.980754382046,0.));
#2975 = ORIENTED_EDGE('',*,*,#2976,.T.);
#2976 = EDGE_CURVE('',#2968,#2977,#2979,.T.);
#2977 = VERTEX_POINT('',#2978);
#2978 = CARTESIAN_POINT('',(11.619771,24.46266,1.56));
#2979 = LINE('',#2980,#2981);
#2980 = CARTESIAN_POINT('',(11.622694,24.521754,1.56));
#2981 = VECTOR('',#2982,1.);
#2982 = DIRECTION('',(-4.94031674505E-02,-0.998778918002,0.));
#2983 = ORIENTED_EDGE('',*,*,#2984,.T.);
#2984 = EDGE_CURVE('',#2977,#2985,#2987,.T.);
#2985 = VERTEX_POINT('',#2986);
#2986 = CARTESIAN_POINT('',(11.619771,11.06266,1.56));
#2987 = LINE('',#2988,#2989);
#2988 = CARTESIAN_POINT('',(11.619771,24.46266,1.56));
#2989 = VECTOR('',#2990,1.);
#2990 = DIRECTION('',(0.,-1.,0.));
#2991 = ORIENTED_EDGE('',*,*,#2992,.T.);
#2992 = EDGE_CURVE('',#2985,#2993,#2995,.T.);
#2993 = VERTEX_POINT('',#2994);
#2994 = CARTESIAN_POINT('',(11.622246,11.00348,1.56));
#2995 = LINE('',#2996,#2997);
#2996 = CARTESIAN_POINT('',(11.619771,11.06266,1.56));
#2997 = VECTOR('',#2998,1.);
#2998 = DIRECTION('',(4.178503539101E-02,-0.999126624016,0.));
#2999 = ORIENTED_EDGE('',*,*,#3000,.T.);
#3000 = EDGE_CURVE('',#2993,#3001,#3003,.T.);
#3001 = VERTEX_POINT('',#3002);
#3002 = CARTESIAN_POINT('',(11.86059,10.765152,1.56));
#3003 = CIRCLE('',#3004,0.303309903249);
#3004 = AXIS2_PLACEMENT_3D('',#3005,#3006,#3007);
#3005 = CARTESIAN_POINT('',(11.919730371515,11.062640342404,1.56));
#3006 = DIRECTION('',(0.,0.,1.));
#3007 = DIRECTION('',(-0.980793466775,-0.195049161831,0.));
#3008 = ORIENTED_EDGE('',*,*,#3009,.T.);
#3009 = EDGE_CURVE('',#3001,#3010,#3012,.T.);
#3010 = VERTEX_POINT('',#3011);
#3011 = CARTESIAN_POINT('',(11.919771,10.76266,1.56));
#3012 = LINE('',#3013,#3014);
#3013 = CARTESIAN_POINT('',(11.86059,10.765152,1.56));
#3014 = VECTOR('',#3015,1.);
#3015 = DIRECTION('',(0.999114630785,-4.207082779804E-02,0.));
#3016 = ORIENTED_EDGE('',*,*,#3017,.T.);
#3017 = EDGE_CURVE('',#3010,#3018,#3020,.T.);
#3018 = VERTEX_POINT('',#3019);
#3019 = CARTESIAN_POINT('',(25.319771,10.76266,1.56));
#3020 = LINE('',#3021,#3022);
#3021 = CARTESIAN_POINT('',(11.919771,10.76266,1.56));
#3022 = VECTOR('',#3023,1.);
#3023 = DIRECTION('',(1.,0.,0.));
#3024 = ORIENTED_EDGE('',*,*,#3025,.T.);
#3025 = EDGE_CURVE('',#3018,#3026,#3028,.T.);
#3026 = VERTEX_POINT('',#3027);
#3027 = CARTESIAN_POINT('',(25.378958,10.765128,1.56));
#3028 = LINE('',#3029,#3030);
#3029 = CARTESIAN_POINT('',(25.319771,10.76266,1.56));
#3030 = VECTOR('',#3031,1.);
#3031 = DIRECTION('',(0.999131756056,4.166214158422E-02,0.));
#3032 = ORIENTED_EDGE('',*,*,#3033,.T.);
#3033 = EDGE_CURVE('',#3026,#3034,#3036,.T.);
#3034 = VERTEX_POINT('',#3035);
#3035 = CARTESIAN_POINT('',(25.617335,11.003473,1.56));
#3036 = CIRCLE('',#3037,0.303330674188);
#3037 = AXIS2_PLACEMENT_3D('',#3038,#3039,#3040);
#3038 = CARTESIAN_POINT('',(25.319830802286,11.06264013823,1.56));
#3039 = DIRECTION('',(0.,0.,1.));
#3040 = DIRECTION('',(0.194926536433,-0.980817845165,0.));
#3041 = ORIENTED_EDGE('',*,*,#3042,.T.);
#3042 = EDGE_CURVE('',#3034,#3043,#3045,.T.);
#3043 = VERTEX_POINT('',#3044);
#3044 = CARTESIAN_POINT('',(25.619771,11.06266,1.56));
#3045 = LINE('',#3046,#3047);
#3046 = CARTESIAN_POINT('',(25.617335,11.003473,1.56));
#3047 = VECTOR('',#3048,1.);
#3048 = DIRECTION('',(4.112287124167E-02,0.999154096954,0.));
#3049 = ORIENTED_EDGE('',*,*,#3050,.T.);
#3050 = EDGE_CURVE('',#3043,#3051,#3053,.T.);
#3051 = VERTEX_POINT('',#3052);
#3052 = CARTESIAN_POINT('',(25.619771,24.46266,1.56));
#3053 = LINE('',#3054,#3055);
#3054 = CARTESIAN_POINT('',(25.619771,11.06266,1.56));
#3055 = VECTOR('',#3056,1.);
#3056 = DIRECTION('',(0.,1.,0.));
#3057 = ORIENTED_EDGE('',*,*,#3058,.T.);
#3058 = EDGE_CURVE('',#3051,#2933,#3059,.T.);
#3059 = LINE('',#3060,#3061);
#3060 = CARTESIAN_POINT('',(25.619771,24.46266,1.56));
#3061 = VECTOR('',#3062,1.);
#3062 = DIRECTION('',(-4.875668479354E-02,0.99881068561,0.));
#3063 = FACE_BOUND('',#3064,.F.);
#3064 = EDGE_LOOP('',(#3065,#3076,#3084,#3092,#3100,#3109,#3117,#3125,
    #3133,#3142,#3150,#3158,#3166,#3175,#3183,#3191));
#3065 = ORIENTED_EDGE('',*,*,#3066,.T.);
#3066 = EDGE_CURVE('',#3067,#3069,#3071,.T.);
#3067 = VERTEX_POINT('',#3068);
#3068 = CARTESIAN_POINT('',(9.857348,41.43794,1.56));
#3069 = VERTEX_POINT('',#3070);
#3070 = CARTESIAN_POINT('',(9.61933,41.675958,1.56));
#3071 = CIRCLE('',#3072,0.302939994261);
#3072 = AXIS2_PLACEMENT_3D('',#3073,#3074,#3075);
#3073 = CARTESIAN_POINT('',(9.560228983492,41.378838983492,1.56));
#3074 = DIRECTION('',(0.,0.,1.));
#3075 = DIRECTION('',(0.980785046995,0.195091495436,-0.));
#3076 = ORIENTED_EDGE('',*,*,#3077,.T.);
#3077 = EDGE_CURVE('',#3069,#3078,#3080,.T.);
#3078 = VERTEX_POINT('',#3079);
#3079 = CARTESIAN_POINT('',(9.56023,41.67884,1.56));
#3080 = LINE('',#3081,#3082);
#3081 = CARTESIAN_POINT('',(9.61933,41.675958,1.56));
#3082 = VECTOR('',#3083,1.);
#3083 = DIRECTION('',(-0.998813113275,4.870692711438E-02,0.));
#3084 = ORIENTED_EDGE('',*,*,#3085,.T.);
#3085 = EDGE_CURVE('',#3078,#3086,#3088,.T.);
#3086 = VERTEX_POINT('',#3087);
#3087 = CARTESIAN_POINT('',(-28.83977,41.67884,1.56));
#3088 = LINE('',#3089,#3090);
#3089 = CARTESIAN_POINT('',(9.56023,41.67884,1.56));
#3090 = VECTOR('',#3091,1.);
#3091 = DIRECTION('',(-1.,0.,0.));
#3092 = ORIENTED_EDGE('',*,*,#3093,.T.);
#3093 = EDGE_CURVE('',#3086,#3094,#3096,.T.);
#3094 = VERTEX_POINT('',#3095);
#3095 = CARTESIAN_POINT('',(-28.89887,41.675958,1.56));
#3096 = LINE('',#3097,#3098);
#3097 = CARTESIAN_POINT('',(-28.83977,41.67884,1.56));
#3098 = VECTOR('',#3099,1.);
#3099 = DIRECTION('',(-0.998813113275,-4.870692711438E-02,0.));
#3100 = ORIENTED_EDGE('',*,*,#3101,.T.);
#3101 = EDGE_CURVE('',#3094,#3102,#3104,.T.);
#3102 = VERTEX_POINT('',#3103);
#3103 = CARTESIAN_POINT('',(-29.136888,41.43794,1.56));
#3104 = CIRCLE('',#3105,0.302939994261);
#3105 = AXIS2_PLACEMENT_3D('',#3106,#3107,#3108);
#3106 = CARTESIAN_POINT('',(-28.83976898349,41.378838983492,1.56));
#3107 = DIRECTION('',(0.,0.,1.));
#3108 = DIRECTION('',(-0.195091495436,0.980785046995,0.));
#3109 = ORIENTED_EDGE('',*,*,#3110,.T.);
#3110 = EDGE_CURVE('',#3102,#3111,#3113,.T.);
#3111 = VERTEX_POINT('',#3112);
#3112 = CARTESIAN_POINT('',(-29.13977,41.37884,1.56));
#3113 = LINE('',#3114,#3115);
#3114 = CARTESIAN_POINT('',(-29.136888,41.43794,1.56));
#3115 = VECTOR('',#3116,1.);
#3116 = DIRECTION('',(-4.870692711437E-02,-0.998813113275,0.));
#3117 = ORIENTED_EDGE('',*,*,#3118,.T.);
#3118 = EDGE_CURVE('',#3111,#3119,#3121,.T.);
#3119 = VERTEX_POINT('',#3120);
#3120 = CARTESIAN_POINT('',(-29.13977,28.97884,1.56));
#3121 = LINE('',#3122,#3123);
#3122 = CARTESIAN_POINT('',(-29.13977,41.37884,1.56));
#3123 = VECTOR('',#3124,1.);
#3124 = DIRECTION('',(0.,-1.,0.));
#3125 = ORIENTED_EDGE('',*,*,#3126,.T.);
#3126 = EDGE_CURVE('',#3119,#3127,#3129,.T.);
#3127 = VERTEX_POINT('',#3128);
#3128 = CARTESIAN_POINT('',(-29.136888,28.91974,1.56));
#3129 = LINE('',#3130,#3131);
#3130 = CARTESIAN_POINT('',(-29.13977,28.97884,1.56));
#3131 = VECTOR('',#3132,1.);
#3132 = DIRECTION('',(4.870692711437E-02,-0.998813113275,0.));
#3133 = ORIENTED_EDGE('',*,*,#3134,.T.);
#3134 = EDGE_CURVE('',#3127,#3135,#3137,.T.);
#3135 = VERTEX_POINT('',#3136);
#3136 = CARTESIAN_POINT('',(-28.89887,28.681722,1.56));
#3137 = CIRCLE('',#3138,0.302939994261);
#3138 = AXIS2_PLACEMENT_3D('',#3139,#3140,#3141);
#3139 = CARTESIAN_POINT('',(-28.83976898349,28.978841016508,1.56));
#3140 = DIRECTION('',(0.,0.,1.));
#3141 = DIRECTION('',(-0.980785046995,-0.195091495436,0.));
#3142 = ORIENTED_EDGE('',*,*,#3143,.T.);
#3143 = EDGE_CURVE('',#3135,#3144,#3146,.T.);
#3144 = VERTEX_POINT('',#3145);
#3145 = CARTESIAN_POINT('',(-28.83977,28.67884,1.56));
#3146 = LINE('',#3147,#3148);
#3147 = CARTESIAN_POINT('',(-28.89887,28.681722,1.56));
#3148 = VECTOR('',#3149,1.);
#3149 = DIRECTION('',(0.998813113275,-4.870692711438E-02,0.));
#3150 = ORIENTED_EDGE('',*,*,#3151,.T.);
#3151 = EDGE_CURVE('',#3144,#3152,#3154,.T.);
#3152 = VERTEX_POINT('',#3153);
#3153 = CARTESIAN_POINT('',(9.56023,28.67884,1.56));
#3154 = LINE('',#3155,#3156);
#3155 = CARTESIAN_POINT('',(-28.83977,28.67884,1.56));
#3156 = VECTOR('',#3157,1.);
#3157 = DIRECTION('',(1.,0.,0.));
#3158 = ORIENTED_EDGE('',*,*,#3159,.T.);
#3159 = EDGE_CURVE('',#3152,#3160,#3162,.T.);
#3160 = VERTEX_POINT('',#3161);
#3161 = CARTESIAN_POINT('',(9.61933,28.681722,1.56));
#3162 = LINE('',#3163,#3164);
#3163 = CARTESIAN_POINT('',(9.56023,28.67884,1.56));
#3164 = VECTOR('',#3165,1.);
#3165 = DIRECTION('',(0.998813113275,4.870692711438E-02,0.));
#3166 = ORIENTED_EDGE('',*,*,#3167,.T.);
#3167 = EDGE_CURVE('',#3160,#3168,#3170,.T.);
#3168 = VERTEX_POINT('',#3169);
#3169 = CARTESIAN_POINT('',(9.857348,28.91974,1.56));
#3170 = CIRCLE('',#3171,0.302939994261);
#3171 = AXIS2_PLACEMENT_3D('',#3172,#3173,#3174);
#3172 = CARTESIAN_POINT('',(9.560228983492,28.978841016508,1.56));
#3173 = DIRECTION('',(0.,0.,1.));
#3174 = DIRECTION('',(0.195091495436,-0.980785046995,0.));
#3175 = ORIENTED_EDGE('',*,*,#3176,.T.);
#3176 = EDGE_CURVE('',#3168,#3177,#3179,.T.);
#3177 = VERTEX_POINT('',#3178);
#3178 = CARTESIAN_POINT('',(9.86023,28.97884,1.56));
#3179 = LINE('',#3180,#3181);
#3180 = CARTESIAN_POINT('',(9.857348,28.91974,1.56));
#3181 = VECTOR('',#3182,1.);
#3182 = DIRECTION('',(4.870692711437E-02,0.998813113275,0.));
#3183 = ORIENTED_EDGE('',*,*,#3184,.T.);
#3184 = EDGE_CURVE('',#3177,#3185,#3187,.T.);
#3185 = VERTEX_POINT('',#3186);
#3186 = CARTESIAN_POINT('',(9.86023,41.37884,1.56));
#3187 = LINE('',#3188,#3189);
#3188 = CARTESIAN_POINT('',(9.86023,28.97884,1.56));
#3189 = VECTOR('',#3190,1.);
#3190 = DIRECTION('',(0.,1.,0.));
#3191 = ORIENTED_EDGE('',*,*,#3192,.T.);
#3192 = EDGE_CURVE('',#3185,#3067,#3193,.T.);
#3193 = LINE('',#3194,#3195);
#3194 = CARTESIAN_POINT('',(9.86023,41.37884,1.56));
#3195 = VECTOR('',#3196,1.);
#3196 = DIRECTION('',(-4.870692711437E-02,0.998813113275,0.));
#3197 = FACE_BOUND('',#3198,.F.);
#3198 = EDGE_LOOP('',(#3199,#3210,#3218,#3226,#3234,#3243,#3251,#3259,
    #3267,#3276,#3284,#3292,#3300,#3309,#3317,#3325));
#3199 = ORIENTED_EDGE('',*,*,#3200,.T.);
#3200 = EDGE_CURVE('',#3201,#3203,#3205,.T.);
#3201 = VERTEX_POINT('',#3202);
#3202 = CARTESIAN_POINT('',(26.216886,41.609261,1.56));
#3203 = VERTEX_POINT('',#3204);
#3204 = CARTESIAN_POINT('',(25.978872,41.847292,1.56));
#3205 = CIRCLE('',#3206,0.302983563782);
#3206 = AXIS2_PLACEMENT_3D('',#3207,#3208,#3209);
#3207 = CARTESIAN_POINT('',(25.919727073409,41.55013729689,1.56));
#3208 = DIRECTION('',(0.,0.,1.));
#3209 = DIRECTION('',(0.980775732127,0.195138318305,-0.));
#3210 = ORIENTED_EDGE('',*,*,#3211,.T.);
#3211 = EDGE_CURVE('',#3203,#3212,#3214,.T.);
#3212 = VERTEX_POINT('',#3213);
#3213 = CARTESIAN_POINT('',(25.919771,41.85016,1.56));
#3214 = LINE('',#3215,#3216);
#3215 = CARTESIAN_POINT('',(25.978872,41.847292,1.56));
#3216 = VECTOR('',#3217,1.);
#3217 = DIRECTION('',(-0.998824635869,4.847006067023E-02,0.));
#3218 = ORIENTED_EDGE('',*,*,#3219,.T.);
#3219 = EDGE_CURVE('',#3212,#3220,#3222,.T.);
#3220 = VERTEX_POINT('',#3221);
#3221 = CARTESIAN_POINT('',(14.019771,41.85016,1.56));
#3222 = LINE('',#3223,#3224);
#3223 = CARTESIAN_POINT('',(25.919771,41.85016,1.56));
#3224 = VECTOR('',#3225,1.);
#3225 = DIRECTION('',(-1.,0.,0.));
#3226 = ORIENTED_EDGE('',*,*,#3227,.T.);
#3227 = EDGE_CURVE('',#3220,#3228,#3230,.T.);
#3228 = VERTEX_POINT('',#3229);
#3229 = CARTESIAN_POINT('',(13.960677,41.847268,1.56));
#3230 = LINE('',#3231,#3232);
#3231 = CARTESIAN_POINT('',(14.019771,41.85016,1.56));
#3232 = VECTOR('',#3233,1.);
#3233 = DIRECTION('',(-0.998804634956,-4.888047863225E-02,0.));
#3234 = ORIENTED_EDGE('',*,*,#3235,.T.);
#3235 = EDGE_CURVE('',#3228,#3236,#3238,.T.);
#3236 = VERTEX_POINT('',#3237);
#3237 = CARTESIAN_POINT('',(13.722694,41.609254,1.56));
#3238 = CIRCLE('',#3239,0.30295688813);
#3239 = AXIS2_PLACEMENT_3D('',#3240,#3241,#3242);
#3240 = CARTESIAN_POINT('',(14.019827997674,41.550141704396,1.56));
#3241 = DIRECTION('',(0.,0.,1.));
#3242 = DIRECTION('',(-0.195245594312,0.980754382046,0.));
#3243 = ORIENTED_EDGE('',*,*,#3244,.T.);
#3244 = EDGE_CURVE('',#3236,#3245,#3247,.T.);
#3245 = VERTEX_POINT('',#3246);
#3246 = CARTESIAN_POINT('',(13.719771,41.55016,1.56));
#3247 = LINE('',#3248,#3249);
#3248 = CARTESIAN_POINT('',(13.722694,41.609254,1.56));
#3249 = VECTOR('',#3250,1.);
#3250 = DIRECTION('',(-4.940316745053E-02,-0.998778918002,0.));
#3251 = ORIENTED_EDGE('',*,*,#3252,.T.);
#3252 = EDGE_CURVE('',#3245,#3253,#3255,.T.);
#3253 = VERTEX_POINT('',#3254);
#3254 = CARTESIAN_POINT('',(13.719771,29.40016,1.56));
#3255 = LINE('',#3256,#3257);
#3256 = CARTESIAN_POINT('',(13.719771,41.55016,1.56));
#3257 = VECTOR('',#3258,1.);
#3258 = DIRECTION('',(0.,-1.,0.));
#3259 = ORIENTED_EDGE('',*,*,#3260,.T.);
#3260 = EDGE_CURVE('',#3253,#3261,#3263,.T.);
#3261 = VERTEX_POINT('',#3262);
#3262 = CARTESIAN_POINT('',(13.722246,29.34098,1.56));
#3263 = LINE('',#3264,#3265);
#3264 = CARTESIAN_POINT('',(13.719771,29.40016,1.56));
#3265 = VECTOR('',#3266,1.);
#3266 = DIRECTION('',(4.178503539101E-02,-0.999126624016,0.));
#3267 = ORIENTED_EDGE('',*,*,#3268,.T.);
#3268 = EDGE_CURVE('',#3261,#3269,#3271,.T.);
#3269 = VERTEX_POINT('',#3270);
#3270 = CARTESIAN_POINT('',(13.96059,29.102652,1.56));
#3271 = CIRCLE('',#3272,0.303309903249);
#3272 = AXIS2_PLACEMENT_3D('',#3273,#3274,#3275);
#3273 = CARTESIAN_POINT('',(14.019730371515,29.400140342404,1.56));
#3274 = DIRECTION('',(0.,0.,1.));
#3275 = DIRECTION('',(-0.980793466775,-0.195049161831,0.));
#3276 = ORIENTED_EDGE('',*,*,#3277,.T.);
#3277 = EDGE_CURVE('',#3269,#3278,#3280,.T.);
#3278 = VERTEX_POINT('',#3279);
#3279 = CARTESIAN_POINT('',(14.019771,29.10016,1.56));
#3280 = LINE('',#3281,#3282);
#3281 = CARTESIAN_POINT('',(13.96059,29.102652,1.56));
#3282 = VECTOR('',#3283,1.);
#3283 = DIRECTION('',(0.999114630785,-4.207082779804E-02,0.));
#3284 = ORIENTED_EDGE('',*,*,#3285,.T.);
#3285 = EDGE_CURVE('',#3278,#3286,#3288,.T.);
#3286 = VERTEX_POINT('',#3287);
#3287 = CARTESIAN_POINT('',(25.919771,29.10016,1.56));
#3288 = LINE('',#3289,#3290);
#3289 = CARTESIAN_POINT('',(14.019771,29.10016,1.56));
#3290 = VECTOR('',#3291,1.);
#3291 = DIRECTION('',(1.,0.,0.));
#3292 = ORIENTED_EDGE('',*,*,#3293,.T.);
#3293 = EDGE_CURVE('',#3286,#3294,#3296,.T.);
#3294 = VERTEX_POINT('',#3295);
#3295 = CARTESIAN_POINT('',(25.978864,29.10305,1.56));
#3296 = LINE('',#3297,#3298);
#3297 = CARTESIAN_POINT('',(25.919771,29.10016,1.56));
#3298 = VECTOR('',#3299,1.);
#3299 = DIRECTION('',(0.998806244437,4.884758002509E-02,0.));
#3300 = ORIENTED_EDGE('',*,*,#3301,.T.);
#3301 = EDGE_CURVE('',#3294,#3302,#3304,.T.);
#3302 = VERTEX_POINT('',#3303);
#3303 = CARTESIAN_POINT('',(26.216832,29.341066,1.56));
#3304 = CIRCLE('',#3305,0.302915881433);
#3305 = AXIS2_PLACEMENT_3D('',#3306,#3307,#3308);
#3306 = CARTESIAN_POINT('',(25.919731844725,29.400138235104,1.56));
#3307 = DIRECTION('',(0.,0.,1.));
#3308 = DIRECTION('',(0.195209821931,-0.980761502824,0.));
#3309 = ORIENTED_EDGE('',*,*,#3310,.T.);
#3310 = EDGE_CURVE('',#3302,#3311,#3313,.T.);
#3311 = VERTEX_POINT('',#3312);
#3312 = CARTESIAN_POINT('',(26.219771,29.40016,1.56));
#3313 = LINE('',#3314,#3315);
#3314 = CARTESIAN_POINT('',(26.216832,29.341066,1.56));
#3315 = VECTOR('',#3316,1.);
#3316 = DIRECTION('',(4.967292647119E-02,0.99876553824,0.));
#3317 = ORIENTED_EDGE('',*,*,#3318,.T.);
#3318 = EDGE_CURVE('',#3311,#3319,#3321,.T.);
#3319 = VERTEX_POINT('',#3320);
#3320 = CARTESIAN_POINT('',(26.219771,41.55016,1.56));
#3321 = LINE('',#3322,#3323);
#3322 = CARTESIAN_POINT('',(26.219771,29.40016,1.56));
#3323 = VECTOR('',#3324,1.);
#3324 = DIRECTION('',(0.,1.,0.));
#3325 = ORIENTED_EDGE('',*,*,#3326,.T.);
#3326 = EDGE_CURVE('',#3319,#3201,#3327,.T.);
#3327 = LINE('',#3328,#3329);
#3328 = CARTESIAN_POINT('',(26.219771,41.55016,1.56));
#3329 = VECTOR('',#3330,1.);
#3330 = DIRECTION('',(-4.87566847936E-02,0.99881068561,0.));
#3331 = FACE_BOUND('',#3332,.F.);
#3332 = EDGE_LOOP('',(#3333));
#3333 = ORIENTED_EDGE('',*,*,#3334,.T.);
#3334 = EDGE_CURVE('',#3335,#3335,#3337,.T.);
#3335 = VERTEX_POINT('',#3336);
#3336 = CARTESIAN_POINT('',(-27.1,56.5,1.56));
#3337 = CIRCLE('',#3338,1.9);
#3338 = AXIS2_PLACEMENT_3D('',#3339,#3340,#3341);
#3339 = CARTESIAN_POINT('',(-29.,56.5,1.56));
#3340 = DIRECTION('',(0.,0.,1.));
#3341 = DIRECTION('',(1.,0.,-0.));
#3342 = FACE_BOUND('',#3343,.F.);
#3343 = EDGE_LOOP('',(#3344));
#3344 = ORIENTED_EDGE('',*,*,#3345,.T.);
#3345 = EDGE_CURVE('',#3346,#3346,#3348,.T.);
#3346 = VERTEX_POINT('',#3347);
#3347 = CARTESIAN_POINT('',(30.9,56.5,1.56));
#3348 = CIRCLE('',#3349,1.9);
#3349 = AXIS2_PLACEMENT_3D('',#3350,#3351,#3352);
#3350 = CARTESIAN_POINT('',(29.,56.5,1.56));
#3351 = DIRECTION('',(0.,0.,1.));
#3352 = DIRECTION('',(1.,0.,-0.));
#3353 = PLANE('',#3354);
#3354 = AXIS2_PLACEMENT_3D('',#3355,#3356,#3357);
#3355 = CARTESIAN_POINT('',(0.,0.,1.56));
#3356 = DIRECTION('',(0.,0.,1.));
#3357 = DIRECTION('',(1.,0.,-0.));
#3358 = SHELL_BASED_SURFACE_MODEL('',(#3359));
#3359 = OPEN_SHELL('',(#3360));
#3360 = ADVANCED_FACE('',(#3361,#3627,#3638,#3649,#3783,#3917,#4051,
    #4185,#4319,#4453,#4587,#4721,#4855,#4989,#5123,#5257,#5391,#5525,
    #5536),#5547,.T.);
#3361 = FACE_BOUND('',#3362,.T.);
#3362 = EDGE_LOOP('',(#3363,#3374,#3382,#3390,#3398,#3407,#3415,#3423,
    #3431,#3440,#3448,#3456,#3464,#3473,#3481,#3489,#3497,#3506,#3514,
    #3522,#3530,#3539,#3547,#3555,#3563,#3572,#3580,#3588,#3596,#3605,
    #3613,#3621));
#3363 = ORIENTED_EDGE('',*,*,#3364,.T.);
#3364 = EDGE_CURVE('',#3365,#3367,#3369,.T.);
#3365 = VERTEX_POINT('',#3366);
#3366 = CARTESIAN_POINT('',(-32.497616,56.683304,-5.E-02));
#3367 = VERTEX_POINT('',#3368);
#3368 = CARTESIAN_POINT('',(-29.183304,59.997682,-5.E-02));
#3369 = CIRCLE('',#3370,3.502442548353);
#3370 = AXIS2_PLACEMENT_3D('',#3371,#3372,#3373);
#3371 = CARTESIAN_POINT('',(-28.99997129842,56.500040948513,-5.E-02));
#3372 = DIRECTION('',(0.,0.,-1.));
#3373 = DIRECTION('',(-0.998630142619,5.232435620491E-02,0.));
#3374 = ORIENTED_EDGE('',*,*,#3375,.T.);
#3375 = EDGE_CURVE('',#3367,#3376,#3378,.T.);
#3376 = VERTEX_POINT('',#3377);
#3377 = CARTESIAN_POINT('',(-29.,60.,-5.E-02));
#3378 = LINE('',#3379,#3380);
#3379 = CARTESIAN_POINT('',(-29.183304,59.997682,-5.E-02));
#3380 = VECTOR('',#3381,1.);
#3381 = DIRECTION('',(0.999920053234,1.26446486896E-02,0.));
#3382 = ORIENTED_EDGE('',*,*,#3383,.T.);
#3383 = EDGE_CURVE('',#3376,#3384,#3386,.T.);
#3384 = VERTEX_POINT('',#3385);
#3385 = CARTESIAN_POINT('',(29.,60.,-5.E-02));
#3386 = LINE('',#3387,#3388);
#3387 = CARTESIAN_POINT('',(-29.,60.,-5.E-02));
#3388 = VECTOR('',#3389,1.);
#3389 = DIRECTION('',(1.,0.,0.));
#3390 = ORIENTED_EDGE('',*,*,#3391,.T.);
#3391 = EDGE_CURVE('',#3384,#3392,#3394,.T.);
#3392 = VERTEX_POINT('',#3393);
#3393 = CARTESIAN_POINT('',(29.183307,59.997695,-5.E-02));
#3394 = LINE('',#3395,#3396);
#3395 = CARTESIAN_POINT('',(29.,60.,-5.E-02));
#3396 = VECTOR('',#3397,1.);
#3397 = DIRECTION('',(0.999920949929,-1.257353941522E-02,0.));
#3398 = ORIENTED_EDGE('',*,*,#3399,.T.);
#3399 = EDGE_CURVE('',#3392,#3400,#3402,.T.);
#3400 = VERTEX_POINT('',#3401);
#3401 = CARTESIAN_POINT('',(32.497686,56.683307,-5.E-02));
#3402 = CIRCLE('',#3403,3.502453116635);
#3403 = AXIS2_PLACEMENT_3D('',#3404,#3405,#3406);
#3404 = CARTESIAN_POINT('',(29.000030901611,56.500040399273,-5.E-02));
#3405 = DIRECTION('',(0.,0.,-1.));
#3406 = DIRECTION('',(5.232792339692E-02,0.998629955706,0.));
#3407 = ORIENTED_EDGE('',*,*,#3408,.T.);
#3408 = EDGE_CURVE('',#3400,#3409,#3411,.T.);
#3409 = VERTEX_POINT('',#3410);
#3410 = CARTESIAN_POINT('',(32.5,56.5,-5.E-02));
#3411 = LINE('',#3412,#3413);
#3412 = CARTESIAN_POINT('',(32.497686,56.683307,-5.E-02));
#3413 = VECTOR('',#3414,1.);
#3414 = DIRECTION('',(1.262262568837E-02,-0.999920331487,0.));
#3415 = ORIENTED_EDGE('',*,*,#3416,.T.);
#3416 = EDGE_CURVE('',#3409,#3417,#3419,.T.);
#3417 = VERTEX_POINT('',#3418);
#3418 = CARTESIAN_POINT('',(32.5,-56.5,-5.E-02));
#3419 = LINE('',#3420,#3421);
#3420 = CARTESIAN_POINT('',(32.5,56.5,-5.E-02));
#3421 = VECTOR('',#3422,1.);
#3422 = DIRECTION('',(0.,-1.,0.));
#3423 = ORIENTED_EDGE('',*,*,#3424,.T.);
#3424 = EDGE_CURVE('',#3417,#3425,#3427,.T.);
#3425 = VERTEX_POINT('',#3426);
#3426 = CARTESIAN_POINT('',(32.497669,-56.683303,-5.E-02));
#3427 = LINE('',#3428,#3429);
#3428 = CARTESIAN_POINT('',(32.5,-56.5,-5.E-02));
#3429 = VECTOR('',#3430,1.);
#3430 = DIRECTION('',(-1.271562138181E-02,-0.999919153218,0.));
#3431 = ORIENTED_EDGE('',*,*,#3432,.T.);
#3432 = EDGE_CURVE('',#3425,#3433,#3435,.T.);
#3433 = VERTEX_POINT('',#3434);
#3434 = CARTESIAN_POINT('',(29.183303,-59.997603,-5.E-02));
#3435 = CIRCLE('',#3436,3.502440901759);
#3436 = AXIS2_PLACEMENT_3D('',#3437,#3438,#3439);
#3437 = CARTESIAN_POINT('',(29.000030112936,-56.49996046263,-5.E-02));
#3438 = DIRECTION('',(0.,0.,-1.));
#3439 = DIRECTION('',(0.998628951971,-5.234707522747E-02,0.));
#3440 = ORIENTED_EDGE('',*,*,#3441,.T.);
#3441 = EDGE_CURVE('',#3433,#3442,#3444,.T.);
#3442 = VERTEX_POINT('',#3443);
#3443 = CARTESIAN_POINT('',(29.,-60.,-5.E-02));
#3444 = LINE('',#3445,#3446);
#3445 = CARTESIAN_POINT('',(29.183303,-59.997603,-5.E-02));
#3446 = VECTOR('',#3447,1.);
#3447 = DIRECTION('',(-0.999914510804,-1.307559113817E-02,0.));
#3448 = ORIENTED_EDGE('',*,*,#3449,.T.);
#3449 = EDGE_CURVE('',#3442,#3450,#3452,.T.);
#3450 = VERTEX_POINT('',#3451);
#3451 = CARTESIAN_POINT('',(-29.,-60.,-5.E-02));
#3452 = LINE('',#3453,#3454);
#3453 = CARTESIAN_POINT('',(29.,-60.,-5.E-02));
#3454 = VECTOR('',#3455,1.);
#3455 = DIRECTION('',(-1.,0.,0.));
#3456 = ORIENTED_EDGE('',*,*,#3457,.T.);
#3457 = EDGE_CURVE('',#3450,#3458,#3460,.T.);
#3458 = VERTEX_POINT('',#3459);
#3459 = CARTESIAN_POINT('',(-29.183302,-59.997602,-5.E-02));
#3460 = LINE('',#3461,#3462);
#3461 = CARTESIAN_POINT('',(-29.,-60.,-5.E-02));
#3462 = VECTOR('',#3463,1.);
#3463 = DIRECTION('',(-0.999914438535,1.308111653777E-02,0.));
#3464 = ORIENTED_EDGE('',*,*,#3465,.T.);
#3465 = EDGE_CURVE('',#3458,#3466,#3468,.T.);
#3466 = VERTEX_POINT('',#3467);
#3467 = CARTESIAN_POINT('',(-32.497602,-56.683302,-5.E-02));
#3468 = CIRCLE('',#3469,3.502402617231);
#3469 = AXIS2_PLACEMENT_3D('',#3470,#3471,#3472);
#3470 = CARTESIAN_POINT('',(-28.99999935891,-56.49999935891,-5.E-02));
#3471 = DIRECTION('',(0.,0.,-1.));
#3472 = DIRECTION('',(-5.233625631386E-02,-0.998629519028,-0.));
#3473 = ORIENTED_EDGE('',*,*,#3474,.T.);
#3474 = EDGE_CURVE('',#3466,#3475,#3477,.T.);
#3475 = VERTEX_POINT('',#3476);
#3476 = CARTESIAN_POINT('',(-32.5,-56.5,-5.E-02));
#3477 = LINE('',#3478,#3479);
#3478 = CARTESIAN_POINT('',(-32.497602,-56.683302,-5.E-02));
#3479 = VECTOR('',#3480,1.);
#3480 = DIRECTION('',(-1.308111653777E-02,0.999914438535,0.));
#3481 = ORIENTED_EDGE('',*,*,#3482,.T.);
#3482 = EDGE_CURVE('',#3475,#3483,#3485,.T.);
#3483 = VERTEX_POINT('',#3484);
#3484 = CARTESIAN_POINT('',(-32.5,42.57884,-5.E-02));
#3485 = LINE('',#3486,#3487);
#3486 = CARTESIAN_POINT('',(-32.5,-56.5,-5.E-02));
#3487 = VECTOR('',#3488,1.);
#3488 = DIRECTION('',(0.,1.,0.));
#3489 = ORIENTED_EDGE('',*,*,#3490,.T.);
#3490 = EDGE_CURVE('',#3483,#3491,#3493,.T.);
#3491 = VERTEX_POINT('',#3492);
#3492 = CARTESIAN_POINT('',(-32.497088,42.637937,-5.E-02));
#3493 = LINE('',#3494,#3495);
#3494 = CARTESIAN_POINT('',(-32.5,42.57884,-5.E-02));
#3495 = VECTOR('',#3496,1.);
#3496 = DIRECTION('',(4.921520941301E-02,0.998788197348,0.));
#3497 = ORIENTED_EDGE('',*,*,#3498,.T.);
#3498 = EDGE_CURVE('',#3491,#3499,#3501,.T.);
#3499 = VERTEX_POINT('',#3500);
#3500 = CARTESIAN_POINT('',(-32.259096,42.875952,-5.E-02));
#3501 = CIRCLE('',#3502,0.302938784449);
#3502 = AXIS2_PLACEMENT_3D('',#3503,#3504,#3505);
#3503 = CARTESIAN_POINT('',(-32.19996956234,42.578839274771,-5.E-02));
#3504 = DIRECTION('',(0.,0.,-1.));
#3505 = DIRECTION('',(-0.980787053061,0.195081410051,0.));
#3506 = ORIENTED_EDGE('',*,*,#3507,.T.);
#3507 = EDGE_CURVE('',#3499,#3508,#3510,.T.);
#3508 = VERTEX_POINT('',#3509);
#3509 = CARTESIAN_POINT('',(-32.2,42.87884,-5.E-02));
#3510 = LINE('',#3511,#3512);
#3511 = CARTESIAN_POINT('',(-32.259096,42.875952,-5.E-02));
#3512 = VECTOR('',#3513,1.);
#3513 = DIRECTION('',(0.998808013984,4.881138392422E-02,0.));
#3514 = ORIENTED_EDGE('',*,*,#3515,.T.);
#3515 = EDGE_CURVE('',#3508,#3516,#3518,.T.);
#3516 = VERTEX_POINT('',#3517);
#3517 = CARTESIAN_POINT('',(-24.93977,42.87884,-5.E-02));
#3518 = LINE('',#3519,#3520);
#3519 = CARTESIAN_POINT('',(-32.2,42.87884,-5.E-02));
#3520 = VECTOR('',#3521,1.);
#3521 = DIRECTION('',(1.,0.,0.));
#3522 = ORIENTED_EDGE('',*,*,#3523,.T.);
#3523 = EDGE_CURVE('',#3516,#3524,#3526,.T.);
#3524 = VERTEX_POINT('',#3525);
#3525 = CARTESIAN_POINT('',(-24.88067,42.881722,-5.E-02));
#3526 = LINE('',#3527,#3528);
#3527 = CARTESIAN_POINT('',(-24.93977,42.87884,-5.E-02));
#3528 = VECTOR('',#3529,1.);
#3529 = DIRECTION('',(0.998813113275,4.870692711449E-02,0.));
#3530 = ORIENTED_EDGE('',*,*,#3531,.T.);
#3531 = EDGE_CURVE('',#3524,#3532,#3534,.T.);
#3532 = VERTEX_POINT('',#3533);
#3533 = CARTESIAN_POINT('',(-24.642652,43.11974,-5.E-02));
#3534 = CIRCLE('',#3535,0.302939994261);
#3535 = AXIS2_PLACEMENT_3D('',#3536,#3537,#3538);
#3536 = CARTESIAN_POINT('',(-24.9397710165,43.178841016508,-5.E-02));
#3537 = DIRECTION('',(0.,0.,1.));
#3538 = DIRECTION('',(0.195091495436,-0.980785046995,0.));
#3539 = ORIENTED_EDGE('',*,*,#3540,.T.);
#3540 = EDGE_CURVE('',#3532,#3541,#3543,.T.);
#3541 = VERTEX_POINT('',#3542);
#3542 = CARTESIAN_POINT('',(-24.63977,43.17884,-5.E-02));
#3543 = LINE('',#3544,#3545);
#3544 = CARTESIAN_POINT('',(-24.642652,43.11974,-5.E-02));
#3545 = VECTOR('',#3546,1.);
#3546 = DIRECTION('',(4.870692711437E-02,0.998813113275,0.));
#3547 = ORIENTED_EDGE('',*,*,#3548,.T.);
#3548 = EDGE_CURVE('',#3541,#3549,#3551,.T.);
#3549 = VERTEX_POINT('',#3550);
#3550 = CARTESIAN_POINT('',(-24.63977,51.57884,-5.E-02));
#3551 = LINE('',#3552,#3553);
#3552 = CARTESIAN_POINT('',(-24.63977,43.17884,-5.E-02));
#3553 = VECTOR('',#3554,1.);
#3554 = DIRECTION('',(0.,1.,0.));
#3555 = ORIENTED_EDGE('',*,*,#3556,.T.);
#3556 = EDGE_CURVE('',#3549,#3557,#3559,.T.);
#3557 = VERTEX_POINT('',#3558);
#3558 = CARTESIAN_POINT('',(-24.642652,51.63794,-5.E-02));
#3559 = LINE('',#3560,#3561);
#3560 = CARTESIAN_POINT('',(-24.63977,51.57884,-5.E-02));
#3561 = VECTOR('',#3562,1.);
#3562 = DIRECTION('',(-4.870692711437E-02,0.998813113275,0.));
#3563 = ORIENTED_EDGE('',*,*,#3564,.T.);
#3564 = EDGE_CURVE('',#3557,#3565,#3567,.T.);
#3565 = VERTEX_POINT('',#3566);
#3566 = CARTESIAN_POINT('',(-24.88067,51.875958,-5.E-02));
#3567 = CIRCLE('',#3568,0.302939994261);
#3568 = AXIS2_PLACEMENT_3D('',#3569,#3570,#3571);
#3569 = CARTESIAN_POINT('',(-24.9397710165,51.578838983492,-5.E-02));
#3570 = DIRECTION('',(0.,0.,1.));
#3571 = DIRECTION('',(0.980785046995,0.195091495436,-0.));
#3572 = ORIENTED_EDGE('',*,*,#3573,.T.);
#3573 = EDGE_CURVE('',#3565,#3574,#3576,.T.);
#3574 = VERTEX_POINT('',#3575);
#3575 = CARTESIAN_POINT('',(-24.93977,51.87884,-5.E-02));
#3576 = LINE('',#3577,#3578);
#3577 = CARTESIAN_POINT('',(-24.88067,51.875958,-5.E-02));
#3578 = VECTOR('',#3579,1.);
#3579 = DIRECTION('',(-0.998813113275,4.870692711437E-02,0.));
#3580 = ORIENTED_EDGE('',*,*,#3581,.T.);
#3581 = EDGE_CURVE('',#3574,#3582,#3584,.T.);
#3582 = VERTEX_POINT('',#3583);
#3583 = CARTESIAN_POINT('',(-32.2,51.87884,-5.E-02));
#3584 = LINE('',#3585,#3586);
#3585 = CARTESIAN_POINT('',(-24.93977,51.87884,-5.E-02));
#3586 = VECTOR('',#3587,1.);
#3587 = DIRECTION('',(-1.,0.,0.));
#3588 = ORIENTED_EDGE('',*,*,#3589,.T.);
#3589 = EDGE_CURVE('',#3582,#3590,#3592,.T.);
#3590 = VERTEX_POINT('',#3591);
#3591 = CARTESIAN_POINT('',(-32.25909,51.881795,-5.E-02));
#3592 = LINE('',#3593,#3594);
#3593 = CARTESIAN_POINT('',(-32.2,51.87884,-5.E-02));
#3594 = VECTOR('',#3595,1.);
#3595 = DIRECTION('',(-0.998751917341,4.994604697481E-02,0.));
#3596 = ORIENTED_EDGE('',*,*,#3597,.T.);
#3597 = EDGE_CURVE('',#3590,#3598,#3600,.T.);
#3598 = VERTEX_POINT('',#3599);
#3599 = CARTESIAN_POINT('',(-32.497101,52.119751,-5.E-02));
#3600 = CIRCLE('',#3601,0.302969193024);
#3601 = AXIS2_PLACEMENT_3D('',#3602,#3603,#3604);
#3602 = CARTESIAN_POINT('',(-32.19996971658,52.178939954544,-5.E-02));
#3603 = DIRECTION('',(0.,0.,-1.));
#3604 = DIRECTION('',(-0.19513628703,-0.980776136274,-0.));
#3605 = ORIENTED_EDGE('',*,*,#3606,.T.);
#3606 = EDGE_CURVE('',#3598,#3607,#3609,.T.);
#3607 = VERTEX_POINT('',#3608);
#3608 = CARTESIAN_POINT('',(-32.5,52.17884,-5.E-02));
#3609 = LINE('',#3610,#3611);
#3610 = CARTESIAN_POINT('',(-32.497101,52.119751,-5.E-02));
#3611 = VECTOR('',#3612,1.);
#3612 = DIRECTION('',(-4.900264487128E-02,0.998798648775,0.));
#3613 = ORIENTED_EDGE('',*,*,#3614,.T.);
#3614 = EDGE_CURVE('',#3607,#3615,#3617,.T.);
#3615 = VERTEX_POINT('',#3616);
#3616 = CARTESIAN_POINT('',(-32.5,56.5,-5.E-02));
#3617 = LINE('',#3618,#3619);
#3618 = CARTESIAN_POINT('',(-32.5,52.17884,-5.E-02));
#3619 = VECTOR('',#3620,1.);
#3620 = DIRECTION('',(0.,1.,0.));
#3621 = ORIENTED_EDGE('',*,*,#3622,.T.);
#3622 = EDGE_CURVE('',#3615,#3365,#3623,.T.);
#3623 = LINE('',#3624,#3625);
#3624 = CARTESIAN_POINT('',(-32.5,56.5,-5.E-02));
#3625 = VECTOR('',#3626,1.);
#3626 = DIRECTION('',(1.300461746795E-02,0.999915436387,0.));
#3627 = FACE_BOUND('',#3628,.T.);
#3628 = EDGE_LOOP('',(#3629));
#3629 = ORIENTED_EDGE('',*,*,#3630,.T.);
#3630 = EDGE_CURVE('',#3631,#3631,#3633,.T.);
#3631 = VERTEX_POINT('',#3632);
#3632 = CARTESIAN_POINT('',(-27.1,-56.5,-5.E-02));
#3633 = CIRCLE('',#3634,1.9);
#3634 = AXIS2_PLACEMENT_3D('',#3635,#3636,#3637);
#3635 = CARTESIAN_POINT('',(-29.,-56.5,-5.E-02));
#3636 = DIRECTION('',(0.,0.,1.));
#3637 = DIRECTION('',(1.,0.,-0.));
#3638 = FACE_BOUND('',#3639,.T.);
#3639 = EDGE_LOOP('',(#3640));
#3640 = ORIENTED_EDGE('',*,*,#3641,.T.);
#3641 = EDGE_CURVE('',#3642,#3642,#3644,.T.);
#3642 = VERTEX_POINT('',#3643);
#3643 = CARTESIAN_POINT('',(30.9,-56.5,-5.E-02));
#3644 = CIRCLE('',#3645,1.9);
#3645 = AXIS2_PLACEMENT_3D('',#3646,#3647,#3648);
#3646 = CARTESIAN_POINT('',(29.,-56.5,-5.E-02));
#3647 = DIRECTION('',(0.,0.,1.));
#3648 = DIRECTION('',(1.,0.,-0.));
#3649 = FACE_BOUND('',#3650,.T.);
#3650 = EDGE_LOOP('',(#3651,#3662,#3670,#3678,#3686,#3695,#3703,#3711,
    #3719,#3728,#3736,#3744,#3752,#3761,#3769,#3777));
#3651 = ORIENTED_EDGE('',*,*,#3652,.T.);
#3652 = EDGE_CURVE('',#3653,#3655,#3657,.T.);
#3653 = VERTEX_POINT('',#3654);
#3654 = CARTESIAN_POINT('',(-12.483114,-32.628239,-5.E-02));
#3655 = VERTEX_POINT('',#3656);
#3656 = CARTESIAN_POINT('',(-12.721128,-32.390208,-5.E-02));
#3657 = CIRCLE('',#3658,0.302983563782);
#3658 = AXIS2_PLACEMENT_3D('',#3659,#3660,#3661);
#3659 = CARTESIAN_POINT('',(-12.78027292659,-32.68736270311,-5.E-02));
#3660 = DIRECTION('',(0.,0.,1.));
#3661 = DIRECTION('',(0.980775732127,0.195138318305,-0.));
#3662 = ORIENTED_EDGE('',*,*,#3663,.T.);
#3663 = EDGE_CURVE('',#3655,#3664,#3666,.T.);
#3664 = VERTEX_POINT('',#3665);
#3665 = CARTESIAN_POINT('',(-12.780229,-32.38734,-5.E-02));
#3666 = LINE('',#3667,#3668);
#3667 = CARTESIAN_POINT('',(-12.721128,-32.390208,-5.E-02));
#3668 = VECTOR('',#3669,1.);
#3669 = DIRECTION('',(-0.998824635869,4.847006067023E-02,0.));
#3670 = ORIENTED_EDGE('',*,*,#3671,.T.);
#3671 = EDGE_CURVE('',#3664,#3672,#3674,.T.);
#3672 = VERTEX_POINT('',#3673);
#3673 = CARTESIAN_POINT('',(-26.180229,-32.38734,-5.E-02));
#3674 = LINE('',#3675,#3676);
#3675 = CARTESIAN_POINT('',(-12.780229,-32.38734,-5.E-02));
#3676 = VECTOR('',#3677,1.);
#3677 = DIRECTION('',(-1.,0.,0.));
#3678 = ORIENTED_EDGE('',*,*,#3679,.T.);
#3679 = EDGE_CURVE('',#3672,#3680,#3682,.T.);
#3680 = VERTEX_POINT('',#3681);
#3681 = CARTESIAN_POINT('',(-26.239323,-32.390232,-5.E-02));
#3682 = LINE('',#3683,#3684);
#3683 = CARTESIAN_POINT('',(-26.180229,-32.38734,-5.E-02));
#3684 = VECTOR('',#3685,1.);
#3685 = DIRECTION('',(-0.998804634956,-4.888047863213E-02,0.));
#3686 = ORIENTED_EDGE('',*,*,#3687,.T.);
#3687 = EDGE_CURVE('',#3680,#3688,#3690,.T.);
#3688 = VERTEX_POINT('',#3689);
#3689 = CARTESIAN_POINT('',(-26.477306,-32.628246,-5.E-02));
#3690 = CIRCLE('',#3691,0.30295688813);
#3691 = AXIS2_PLACEMENT_3D('',#3692,#3693,#3694);
#3692 = CARTESIAN_POINT('',(-26.18017200232,-32.6873582956,-5.E-02));
#3693 = DIRECTION('',(0.,0.,1.));
#3694 = DIRECTION('',(-0.195245594312,0.980754382046,0.));
#3695 = ORIENTED_EDGE('',*,*,#3696,.T.);
#3696 = EDGE_CURVE('',#3688,#3697,#3699,.T.);
#3697 = VERTEX_POINT('',#3698);
#3698 = CARTESIAN_POINT('',(-26.480229,-32.68734,-5.E-02));
#3699 = LINE('',#3700,#3701);
#3700 = CARTESIAN_POINT('',(-26.477306,-32.628246,-5.E-02));
#3701 = VECTOR('',#3702,1.);
#3702 = DIRECTION('',(-4.940316745056E-02,-0.998778918002,0.));
#3703 = ORIENTED_EDGE('',*,*,#3704,.T.);
#3704 = EDGE_CURVE('',#3697,#3705,#3707,.T.);
#3705 = VERTEX_POINT('',#3706);
#3706 = CARTESIAN_POINT('',(-26.480229,-46.08734,-5.E-02));
#3707 = LINE('',#3708,#3709);
#3708 = CARTESIAN_POINT('',(-26.480229,-32.68734,-5.E-02));
#3709 = VECTOR('',#3710,1.);
#3710 = DIRECTION('',(0.,-1.,0.));
#3711 = ORIENTED_EDGE('',*,*,#3712,.T.);
#3712 = EDGE_CURVE('',#3705,#3713,#3715,.T.);
#3713 = VERTEX_POINT('',#3714);
#3714 = CARTESIAN_POINT('',(-26.477754,-46.14652,-5.E-02));
#3715 = LINE('',#3716,#3717);
#3716 = CARTESIAN_POINT('',(-26.480229,-46.08734,-5.E-02));
#3717 = VECTOR('',#3718,1.);
#3718 = DIRECTION('',(4.1785035391E-02,-0.999126624016,0.));
#3719 = ORIENTED_EDGE('',*,*,#3720,.T.);
#3720 = EDGE_CURVE('',#3713,#3721,#3723,.T.);
#3721 = VERTEX_POINT('',#3722);
#3722 = CARTESIAN_POINT('',(-26.23941,-46.384848,-5.E-02));
#3723 = CIRCLE('',#3724,0.303309903249);
#3724 = AXIS2_PLACEMENT_3D('',#3725,#3726,#3727);
#3725 = CARTESIAN_POINT('',(-26.18026962848,-46.08735965759,-5.E-02));
#3726 = DIRECTION('',(0.,0.,1.));
#3727 = DIRECTION('',(-0.980793466775,-0.195049161831,0.));
#3728 = ORIENTED_EDGE('',*,*,#3729,.T.);
#3729 = EDGE_CURVE('',#3721,#3730,#3732,.T.);
#3730 = VERTEX_POINT('',#3731);
#3731 = CARTESIAN_POINT('',(-26.180229,-46.38734,-5.E-02));
#3732 = LINE('',#3733,#3734);
#3733 = CARTESIAN_POINT('',(-26.23941,-46.384848,-5.E-02));
#3734 = VECTOR('',#3735,1.);
#3735 = DIRECTION('',(0.999114630785,-4.20708277981E-02,0.));
#3736 = ORIENTED_EDGE('',*,*,#3737,.T.);
#3737 = EDGE_CURVE('',#3730,#3738,#3740,.T.);
#3738 = VERTEX_POINT('',#3739);
#3739 = CARTESIAN_POINT('',(-12.780229,-46.38734,-5.E-02));
#3740 = LINE('',#3741,#3742);
#3741 = CARTESIAN_POINT('',(-26.180229,-46.38734,-5.E-02));
#3742 = VECTOR('',#3743,1.);
#3743 = DIRECTION('',(1.,0.,0.));
#3744 = ORIENTED_EDGE('',*,*,#3745,.T.);
#3745 = EDGE_CURVE('',#3738,#3746,#3748,.T.);
#3746 = VERTEX_POINT('',#3747);
#3747 = CARTESIAN_POINT('',(-12.721136,-46.38445,-5.E-02));
#3748 = LINE('',#3749,#3750);
#3749 = CARTESIAN_POINT('',(-12.780229,-46.38734,-5.E-02));
#3750 = VECTOR('',#3751,1.);
#3751 = DIRECTION('',(0.998806244437,4.884758002509E-02,0.));
#3752 = ORIENTED_EDGE('',*,*,#3753,.T.);
#3753 = EDGE_CURVE('',#3746,#3754,#3756,.T.);
#3754 = VERTEX_POINT('',#3755);
#3755 = CARTESIAN_POINT('',(-12.483168,-46.146434,-5.E-02));
#3756 = CIRCLE('',#3757,0.302915881433);
#3757 = AXIS2_PLACEMENT_3D('',#3758,#3759,#3760);
#3758 = CARTESIAN_POINT('',(-12.78026815527,-46.08736176489,-5.E-02));
#3759 = DIRECTION('',(0.,0.,1.));
#3760 = DIRECTION('',(0.195209821931,-0.980761502824,0.));
#3761 = ORIENTED_EDGE('',*,*,#3762,.T.);
#3762 = EDGE_CURVE('',#3754,#3763,#3765,.T.);
#3763 = VERTEX_POINT('',#3764);
#3764 = CARTESIAN_POINT('',(-12.480229,-46.08734,-5.E-02));
#3765 = LINE('',#3766,#3767);
#3766 = CARTESIAN_POINT('',(-12.483168,-46.146434,-5.E-02));
#3767 = VECTOR('',#3768,1.);
#3768 = DIRECTION('',(4.967292647116E-02,0.99876553824,0.));
#3769 = ORIENTED_EDGE('',*,*,#3770,.T.);
#3770 = EDGE_CURVE('',#3763,#3771,#3773,.T.);
#3771 = VERTEX_POINT('',#3772);
#3772 = CARTESIAN_POINT('',(-12.480229,-32.68734,-5.E-02));
#3773 = LINE('',#3774,#3775);
#3774 = CARTESIAN_POINT('',(-12.480229,-46.08734,-5.E-02));
#3775 = VECTOR('',#3776,1.);
#3776 = DIRECTION('',(0.,1.,0.));
#3777 = ORIENTED_EDGE('',*,*,#3778,.T.);
#3778 = EDGE_CURVE('',#3771,#3653,#3779,.T.);
#3779 = LINE('',#3780,#3781);
#3780 = CARTESIAN_POINT('',(-12.480229,-32.68734,-5.E-02));
#3781 = VECTOR('',#3782,1.);
#3782 = DIRECTION('',(-4.875668479357E-02,0.99881068561,0.));
#3783 = FACE_BOUND('',#3784,.T.);
#3784 = EDGE_LOOP('',(#3785,#3796,#3804,#3812,#3820,#3829,#3837,#3845,
    #3853,#3862,#3870,#3878,#3886,#3895,#3903,#3911));
#3785 = ORIENTED_EDGE('',*,*,#3786,.T.);
#3786 = EDGE_CURVE('',#3787,#3789,#3791,.T.);
#3787 = VERTEX_POINT('',#3788);
#3788 = CARTESIAN_POINT('',(6.566886,-32.628239,-5.E-02));
#3789 = VERTEX_POINT('',#3790);
#3790 = CARTESIAN_POINT('',(6.328872,-32.390208,-5.E-02));
#3791 = CIRCLE('',#3792,0.302983563782);
#3792 = AXIS2_PLACEMENT_3D('',#3793,#3794,#3795);
#3793 = CARTESIAN_POINT('',(6.269727073409,-32.68736270311,-5.E-02));
#3794 = DIRECTION('',(0.,0.,1.));
#3795 = DIRECTION('',(0.980775732127,0.195138318305,-0.));
#3796 = ORIENTED_EDGE('',*,*,#3797,.T.);
#3797 = EDGE_CURVE('',#3789,#3798,#3800,.T.);
#3798 = VERTEX_POINT('',#3799);
#3799 = CARTESIAN_POINT('',(6.269771,-32.38734,-5.E-02));
#3800 = LINE('',#3801,#3802);
#3801 = CARTESIAN_POINT('',(6.328872,-32.390208,-5.E-02));
#3802 = VECTOR('',#3803,1.);
#3803 = DIRECTION('',(-0.998824635869,4.847006067023E-02,0.));
#3804 = ORIENTED_EDGE('',*,*,#3805,.T.);
#3805 = EDGE_CURVE('',#3798,#3806,#3808,.T.);
#3806 = VERTEX_POINT('',#3807);
#3807 = CARTESIAN_POINT('',(-7.130229,-32.38734,-5.E-02));
#3808 = LINE('',#3809,#3810);
#3809 = CARTESIAN_POINT('',(6.269771,-32.38734,-5.E-02));
#3810 = VECTOR('',#3811,1.);
#3811 = DIRECTION('',(-1.,0.,0.));
#3812 = ORIENTED_EDGE('',*,*,#3813,.T.);
#3813 = EDGE_CURVE('',#3806,#3814,#3816,.T.);
#3814 = VERTEX_POINT('',#3815);
#3815 = CARTESIAN_POINT('',(-7.189417,-32.38981,-5.E-02));
#3816 = LINE('',#3817,#3818);
#3817 = CARTESIAN_POINT('',(-7.130229,-32.38734,-5.E-02));
#3818 = VECTOR('',#3819,1.);
#3819 = DIRECTION('',(-0.999130379466,-4.169514153674E-02,0.));
#3820 = ORIENTED_EDGE('',*,*,#3821,.T.);
#3821 = EDGE_CURVE('',#3814,#3822,#3824,.T.);
#3822 = VERTEX_POINT('',#3823);
#3823 = CARTESIAN_POINT('',(-7.427808,-32.628153,-5.E-02));
#3824 = CIRCLE('',#3825,0.303372497591);
#3825 = AXIS2_PLACEMENT_3D('',#3826,#3827,#3828);
#3826 = CARTESIAN_POINT('',(-7.130269226516,-32.68736069011,-5.E-02));
#3827 = DIRECTION('',(0.,0.,1.));
#3828 = DIRECTION('',(-0.194967487011,0.980809705809,0.));
#3829 = ORIENTED_EDGE('',*,*,#3830,.T.);
#3830 = EDGE_CURVE('',#3822,#3831,#3833,.T.);
#3831 = VERTEX_POINT('',#3832);
#3832 = CARTESIAN_POINT('',(-7.430229,-32.68734,-5.E-02));
#3833 = LINE('',#3834,#3835);
#3834 = CARTESIAN_POINT('',(-7.427808,-32.628153,-5.E-02));
#3835 = VECTOR('',#3836,1.);
#3836 = DIRECTION('',(-4.087007586804E-02,-0.999164469394,0.));
#3837 = ORIENTED_EDGE('',*,*,#3838,.T.);
#3838 = EDGE_CURVE('',#3831,#3839,#3841,.T.);
#3839 = VERTEX_POINT('',#3840);
#3840 = CARTESIAN_POINT('',(-7.430229,-46.08734,-5.E-02));
#3841 = LINE('',#3842,#3843);
#3842 = CARTESIAN_POINT('',(-7.430229,-32.68734,-5.E-02));
#3843 = VECTOR('',#3844,1.);
#3844 = DIRECTION('',(0.,-1.,0.));
#3845 = ORIENTED_EDGE('',*,*,#3846,.T.);
#3846 = EDGE_CURVE('',#3839,#3847,#3849,.T.);
#3847 = VERTEX_POINT('',#3848);
#3848 = CARTESIAN_POINT('',(-7.427754,-46.14652,-5.E-02));
#3849 = LINE('',#3850,#3851);
#3850 = CARTESIAN_POINT('',(-7.430229,-46.08734,-5.E-02));
#3851 = VECTOR('',#3852,1.);
#3852 = DIRECTION('',(4.178503539099E-02,-0.999126624016,0.));
#3853 = ORIENTED_EDGE('',*,*,#3854,.T.);
#3854 = EDGE_CURVE('',#3847,#3855,#3857,.T.);
#3855 = VERTEX_POINT('',#3856);
#3856 = CARTESIAN_POINT('',(-7.18941,-46.384848,-5.E-02));
#3857 = CIRCLE('',#3858,0.303309903249);
#3858 = AXIS2_PLACEMENT_3D('',#3859,#3860,#3861);
#3859 = CARTESIAN_POINT('',(-7.130269628485,-46.08735965759,-5.E-02));
#3860 = DIRECTION('',(0.,0.,1.));
#3861 = DIRECTION('',(-0.980793466775,-0.195049161831,0.));
#3862 = ORIENTED_EDGE('',*,*,#3863,.T.);
#3863 = EDGE_CURVE('',#3855,#3864,#3866,.T.);
#3864 = VERTEX_POINT('',#3865);
#3865 = CARTESIAN_POINT('',(-7.130229,-46.38734,-5.E-02));
#3866 = LINE('',#3867,#3868);
#3867 = CARTESIAN_POINT('',(-7.18941,-46.384848,-5.E-02));
#3868 = VECTOR('',#3869,1.);
#3869 = DIRECTION('',(0.999114630785,-4.20708277981E-02,0.));
#3870 = ORIENTED_EDGE('',*,*,#3871,.T.);
#3871 = EDGE_CURVE('',#3864,#3872,#3874,.T.);
#3872 = VERTEX_POINT('',#3873);
#3873 = CARTESIAN_POINT('',(6.269771,-46.38734,-5.E-02));
#3874 = LINE('',#3875,#3876);
#3875 = CARTESIAN_POINT('',(-7.130229,-46.38734,-5.E-02));
#3876 = VECTOR('',#3877,1.);
#3877 = DIRECTION('',(1.,0.,0.));
#3878 = ORIENTED_EDGE('',*,*,#3879,.T.);
#3879 = EDGE_CURVE('',#3872,#3880,#3882,.T.);
#3880 = VERTEX_POINT('',#3881);
#3881 = CARTESIAN_POINT('',(6.328864,-46.38445,-5.E-02));
#3882 = LINE('',#3883,#3884);
#3883 = CARTESIAN_POINT('',(6.269771,-46.38734,-5.E-02));
#3884 = VECTOR('',#3885,1.);
#3885 = DIRECTION('',(0.998806244437,4.884758002509E-02,0.));
#3886 = ORIENTED_EDGE('',*,*,#3887,.T.);
#3887 = EDGE_CURVE('',#3880,#3888,#3890,.T.);
#3888 = VERTEX_POINT('',#3889);
#3889 = CARTESIAN_POINT('',(6.566832,-46.146434,-5.E-02));
#3890 = CIRCLE('',#3891,0.302915881433);
#3891 = AXIS2_PLACEMENT_3D('',#3892,#3893,#3894);
#3892 = CARTESIAN_POINT('',(6.269731844725,-46.08736176489,-5.E-02));
#3893 = DIRECTION('',(0.,0.,1.));
#3894 = DIRECTION('',(0.195209821931,-0.980761502824,0.));
#3895 = ORIENTED_EDGE('',*,*,#3896,.T.);
#3896 = EDGE_CURVE('',#3888,#3897,#3899,.T.);
#3897 = VERTEX_POINT('',#3898);
#3898 = CARTESIAN_POINT('',(6.569771,-46.08734,-5.E-02));
#3899 = LINE('',#3900,#3901);
#3900 = CARTESIAN_POINT('',(6.566832,-46.146434,-5.E-02));
#3901 = VECTOR('',#3902,1.);
#3902 = DIRECTION('',(4.967292647118E-02,0.99876553824,0.));
#3903 = ORIENTED_EDGE('',*,*,#3904,.T.);
#3904 = EDGE_CURVE('',#3897,#3905,#3907,.T.);
#3905 = VERTEX_POINT('',#3906);
#3906 = CARTESIAN_POINT('',(6.569771,-32.68734,-5.E-02));
#3907 = LINE('',#3908,#3909);
#3908 = CARTESIAN_POINT('',(6.569771,-46.08734,-5.E-02));
#3909 = VECTOR('',#3910,1.);
#3910 = DIRECTION('',(0.,1.,0.));
#3911 = ORIENTED_EDGE('',*,*,#3912,.T.);
#3912 = EDGE_CURVE('',#3905,#3787,#3913,.T.);
#3913 = LINE('',#3914,#3915);
#3914 = CARTESIAN_POINT('',(6.569771,-32.68734,-5.E-02));
#3915 = VECTOR('',#3916,1.);
#3916 = DIRECTION('',(-4.875668479355E-02,0.99881068561,0.));
#3917 = FACE_BOUND('',#3918,.T.);
#3918 = EDGE_LOOP('',(#3919,#3930,#3938,#3946,#3954,#3963,#3971,#3979,
    #3987,#3996,#4004,#4012,#4020,#4029,#4037,#4045));
#3919 = ORIENTED_EDGE('',*,*,#3920,.T.);
#3920 = EDGE_CURVE('',#3921,#3923,#3925,.T.);
#3921 = VERTEX_POINT('',#3922);
#3922 = CARTESIAN_POINT('',(25.616886,-32.628239,-5.E-02));
#3923 = VERTEX_POINT('',#3924);
#3924 = CARTESIAN_POINT('',(25.378872,-32.390208,-5.E-02));
#3925 = CIRCLE('',#3926,0.302983563782);
#3926 = AXIS2_PLACEMENT_3D('',#3927,#3928,#3929);
#3927 = CARTESIAN_POINT('',(25.319727073409,-32.68736270311,-5.E-02));
#3928 = DIRECTION('',(0.,0.,1.));
#3929 = DIRECTION('',(0.980775732127,0.195138318305,-0.));
#3930 = ORIENTED_EDGE('',*,*,#3931,.T.);
#3931 = EDGE_CURVE('',#3923,#3932,#3934,.T.);
#3932 = VERTEX_POINT('',#3933);
#3933 = CARTESIAN_POINT('',(25.319771,-32.38734,-5.E-02));
#3934 = LINE('',#3935,#3936);
#3935 = CARTESIAN_POINT('',(25.378872,-32.390208,-5.E-02));
#3936 = VECTOR('',#3937,1.);
#3937 = DIRECTION('',(-0.998824635869,4.847006067023E-02,0.));
#3938 = ORIENTED_EDGE('',*,*,#3939,.T.);
#3939 = EDGE_CURVE('',#3932,#3940,#3942,.T.);
#3940 = VERTEX_POINT('',#3941);
#3941 = CARTESIAN_POINT('',(11.919771,-32.38734,-5.E-02));
#3942 = LINE('',#3943,#3944);
#3943 = CARTESIAN_POINT('',(25.319771,-32.38734,-5.E-02));
#3944 = VECTOR('',#3945,1.);
#3945 = DIRECTION('',(-1.,0.,0.));
#3946 = ORIENTED_EDGE('',*,*,#3947,.T.);
#3947 = EDGE_CURVE('',#3940,#3948,#3950,.T.);
#3948 = VERTEX_POINT('',#3949);
#3949 = CARTESIAN_POINT('',(11.860677,-32.390232,-5.E-02));
#3950 = LINE('',#3951,#3952);
#3951 = CARTESIAN_POINT('',(11.919771,-32.38734,-5.E-02));
#3952 = VECTOR('',#3953,1.);
#3953 = DIRECTION('',(-0.998804634956,-4.888047863213E-02,0.));
#3954 = ORIENTED_EDGE('',*,*,#3955,.T.);
#3955 = EDGE_CURVE('',#3948,#3956,#3958,.T.);
#3956 = VERTEX_POINT('',#3957);
#3957 = CARTESIAN_POINT('',(11.622694,-32.628246,-5.E-02));
#3958 = CIRCLE('',#3959,0.30295688813);
#3959 = AXIS2_PLACEMENT_3D('',#3960,#3961,#3962);
#3960 = CARTESIAN_POINT('',(11.919827997674,-32.6873582956,-5.E-02));
#3961 = DIRECTION('',(0.,0.,1.));
#3962 = DIRECTION('',(-0.195245594312,0.980754382046,0.));
#3963 = ORIENTED_EDGE('',*,*,#3964,.T.);
#3964 = EDGE_CURVE('',#3956,#3965,#3967,.T.);
#3965 = VERTEX_POINT('',#3966);
#3966 = CARTESIAN_POINT('',(11.619771,-32.68734,-5.E-02));
#3967 = LINE('',#3968,#3969);
#3968 = CARTESIAN_POINT('',(11.622694,-32.628246,-5.E-02));
#3969 = VECTOR('',#3970,1.);
#3970 = DIRECTION('',(-4.94031674505E-02,-0.998778918002,0.));
#3971 = ORIENTED_EDGE('',*,*,#3972,.T.);
#3972 = EDGE_CURVE('',#3965,#3973,#3975,.T.);
#3973 = VERTEX_POINT('',#3974);
#3974 = CARTESIAN_POINT('',(11.619771,-46.08734,-5.E-02));
#3975 = LINE('',#3976,#3977);
#3976 = CARTESIAN_POINT('',(11.619771,-32.68734,-5.E-02));
#3977 = VECTOR('',#3978,1.);
#3978 = DIRECTION('',(0.,-1.,0.));
#3979 = ORIENTED_EDGE('',*,*,#3980,.T.);
#3980 = EDGE_CURVE('',#3973,#3981,#3983,.T.);
#3981 = VERTEX_POINT('',#3982);
#3982 = CARTESIAN_POINT('',(11.622246,-46.14652,-5.E-02));
#3983 = LINE('',#3984,#3985);
#3984 = CARTESIAN_POINT('',(11.619771,-46.08734,-5.E-02));
#3985 = VECTOR('',#3986,1.);
#3986 = DIRECTION('',(4.1785035391E-02,-0.999126624016,0.));
#3987 = ORIENTED_EDGE('',*,*,#3988,.T.);
#3988 = EDGE_CURVE('',#3981,#3989,#3991,.T.);
#3989 = VERTEX_POINT('',#3990);
#3990 = CARTESIAN_POINT('',(11.86059,-46.384848,-5.E-02));
#3991 = CIRCLE('',#3992,0.303309903249);
#3992 = AXIS2_PLACEMENT_3D('',#3993,#3994,#3995);
#3993 = CARTESIAN_POINT('',(11.919730371515,-46.08735965759,-5.E-02));
#3994 = DIRECTION('',(0.,0.,1.));
#3995 = DIRECTION('',(-0.980793466775,-0.195049161831,0.));
#3996 = ORIENTED_EDGE('',*,*,#3997,.T.);
#3997 = EDGE_CURVE('',#3989,#3998,#4000,.T.);
#3998 = VERTEX_POINT('',#3999);
#3999 = CARTESIAN_POINT('',(11.919771,-46.38734,-5.E-02));
#4000 = LINE('',#4001,#4002);
#4001 = CARTESIAN_POINT('',(11.86059,-46.384848,-5.E-02));
#4002 = VECTOR('',#4003,1.);
#4003 = DIRECTION('',(0.999114630785,-4.20708277981E-02,0.));
#4004 = ORIENTED_EDGE('',*,*,#4005,.T.);
#4005 = EDGE_CURVE('',#3998,#4006,#4008,.T.);
#4006 = VERTEX_POINT('',#4007);
#4007 = CARTESIAN_POINT('',(25.319771,-46.38734,-5.E-02));
#4008 = LINE('',#4009,#4010);
#4009 = CARTESIAN_POINT('',(11.919771,-46.38734,-5.E-02));
#4010 = VECTOR('',#4011,1.);
#4011 = DIRECTION('',(1.,0.,0.));
#4012 = ORIENTED_EDGE('',*,*,#4013,.T.);
#4013 = EDGE_CURVE('',#4006,#4014,#4016,.T.);
#4014 = VERTEX_POINT('',#4015);
#4015 = CARTESIAN_POINT('',(25.378958,-46.384872,-5.E-02));
#4016 = LINE('',#4017,#4018);
#4017 = CARTESIAN_POINT('',(25.319771,-46.38734,-5.E-02));
#4018 = VECTOR('',#4019,1.);
#4019 = DIRECTION('',(0.999131756056,4.166214158422E-02,0.));
#4020 = ORIENTED_EDGE('',*,*,#4021,.T.);
#4021 = EDGE_CURVE('',#4014,#4022,#4024,.T.);
#4022 = VERTEX_POINT('',#4023);
#4023 = CARTESIAN_POINT('',(25.617335,-46.146527,-5.E-02));
#4024 = CIRCLE('',#4025,0.303330674188);
#4025 = AXIS2_PLACEMENT_3D('',#4026,#4027,#4028);
#4026 = CARTESIAN_POINT('',(25.319830802286,-46.08735986177,-5.E-02));
#4027 = DIRECTION('',(0.,0.,1.));
#4028 = DIRECTION('',(0.194926536433,-0.980817845165,0.));
#4029 = ORIENTED_EDGE('',*,*,#4030,.T.);
#4030 = EDGE_CURVE('',#4022,#4031,#4033,.T.);
#4031 = VERTEX_POINT('',#4032);
#4032 = CARTESIAN_POINT('',(25.619771,-46.08734,-5.E-02));
#4033 = LINE('',#4034,#4035);
#4034 = CARTESIAN_POINT('',(25.617335,-46.146527,-5.E-02));
#4035 = VECTOR('',#4036,1.);
#4036 = DIRECTION('',(4.112287124166E-02,0.999154096954,0.));
#4037 = ORIENTED_EDGE('',*,*,#4038,.T.);
#4038 = EDGE_CURVE('',#4031,#4039,#4041,.T.);
#4039 = VERTEX_POINT('',#4040);
#4040 = CARTESIAN_POINT('',(25.619771,-32.68734,-5.E-02));
#4041 = LINE('',#4042,#4043);
#4042 = CARTESIAN_POINT('',(25.619771,-46.08734,-5.E-02));
#4043 = VECTOR('',#4044,1.);
#4044 = DIRECTION('',(0.,1.,0.));
#4045 = ORIENTED_EDGE('',*,*,#4046,.T.);
#4046 = EDGE_CURVE('',#4039,#3921,#4047,.T.);
#4047 = LINE('',#4048,#4049);
#4048 = CARTESIAN_POINT('',(25.619771,-32.68734,-5.E-02));
#4049 = VECTOR('',#4050,1.);
#4050 = DIRECTION('',(-4.875668479354E-02,0.99881068561,0.));
#4051 = FACE_BOUND('',#4052,.T.);
#4052 = EDGE_LOOP('',(#4053,#4064,#4072,#4080,#4088,#4097,#4105,#4113,
    #4121,#4130,#4138,#4146,#4154,#4163,#4171,#4179));
#4053 = ORIENTED_EDGE('',*,*,#4054,.T.);
#4054 = EDGE_CURVE('',#4055,#4057,#4059,.T.);
#4055 = VERTEX_POINT('',#4056);
#4056 = CARTESIAN_POINT('',(-12.483114,-13.578239,-5.E-02));
#4057 = VERTEX_POINT('',#4058);
#4058 = CARTESIAN_POINT('',(-12.721128,-13.340208,-5.E-02));
#4059 = CIRCLE('',#4060,0.302983563782);
#4060 = AXIS2_PLACEMENT_3D('',#4061,#4062,#4063);
#4061 = CARTESIAN_POINT('',(-12.78027292659,-13.63736270311,-5.E-02));
#4062 = DIRECTION('',(0.,0.,1.));
#4063 = DIRECTION('',(0.980775732127,0.195138318304,-0.));
#4064 = ORIENTED_EDGE('',*,*,#4065,.T.);
#4065 = EDGE_CURVE('',#4057,#4066,#4068,.T.);
#4066 = VERTEX_POINT('',#4067);
#4067 = CARTESIAN_POINT('',(-12.780229,-13.33734,-5.E-02));
#4068 = LINE('',#4069,#4070);
#4069 = CARTESIAN_POINT('',(-12.721128,-13.340208,-5.E-02));
#4070 = VECTOR('',#4071,1.);
#4071 = DIRECTION('',(-0.998824635869,4.847006067026E-02,0.));
#4072 = ORIENTED_EDGE('',*,*,#4073,.T.);
#4073 = EDGE_CURVE('',#4066,#4074,#4076,.T.);
#4074 = VERTEX_POINT('',#4075);
#4075 = CARTESIAN_POINT('',(-26.180229,-13.33734,-5.E-02));
#4076 = LINE('',#4077,#4078);
#4077 = CARTESIAN_POINT('',(-12.780229,-13.33734,-5.E-02));
#4078 = VECTOR('',#4079,1.);
#4079 = DIRECTION('',(-1.,0.,0.));
#4080 = ORIENTED_EDGE('',*,*,#4081,.T.);
#4081 = EDGE_CURVE('',#4074,#4082,#4084,.T.);
#4082 = VERTEX_POINT('',#4083);
#4083 = CARTESIAN_POINT('',(-26.239417,-13.33981,-5.E-02));
#4084 = LINE('',#4085,#4086);
#4085 = CARTESIAN_POINT('',(-26.180229,-13.33734,-5.E-02));
#4086 = VECTOR('',#4087,1.);
#4087 = DIRECTION('',(-0.999130379466,-4.169514153683E-02,0.));
#4088 = ORIENTED_EDGE('',*,*,#4089,.T.);
#4089 = EDGE_CURVE('',#4082,#4090,#4092,.T.);
#4090 = VERTEX_POINT('',#4091);
#4091 = CARTESIAN_POINT('',(-26.477808,-13.578153,-5.E-02));
#4092 = CIRCLE('',#4093,0.303372497591);
#4093 = AXIS2_PLACEMENT_3D('',#4094,#4095,#4096);
#4094 = CARTESIAN_POINT('',(-26.18026922651,-13.63736069011,-5.E-02));
#4095 = DIRECTION('',(0.,0.,1.));
#4096 = DIRECTION('',(-0.194967487011,0.980809705809,0.));
#4097 = ORIENTED_EDGE('',*,*,#4098,.T.);
#4098 = EDGE_CURVE('',#4090,#4099,#4101,.T.);
#4099 = VERTEX_POINT('',#4100);
#4100 = CARTESIAN_POINT('',(-26.480229,-13.63734,-5.E-02));
#4101 = LINE('',#4102,#4103);
#4102 = CARTESIAN_POINT('',(-26.477808,-13.578153,-5.E-02));
#4103 = VECTOR('',#4104,1.);
#4104 = DIRECTION('',(-4.087007586807E-02,-0.999164469394,0.));
#4105 = ORIENTED_EDGE('',*,*,#4106,.T.);
#4106 = EDGE_CURVE('',#4099,#4107,#4109,.T.);
#4107 = VERTEX_POINT('',#4108);
#4108 = CARTESIAN_POINT('',(-26.480229,-27.03734,-5.E-02));
#4109 = LINE('',#4110,#4111);
#4110 = CARTESIAN_POINT('',(-26.480229,-13.63734,-5.E-02));
#4111 = VECTOR('',#4112,1.);
#4112 = DIRECTION('',(0.,-1.,0.));
#4113 = ORIENTED_EDGE('',*,*,#4114,.T.);
#4114 = EDGE_CURVE('',#4107,#4115,#4117,.T.);
#4115 = VERTEX_POINT('',#4116);
#4116 = CARTESIAN_POINT('',(-26.477754,-27.09652,-5.E-02));
#4117 = LINE('',#4118,#4119);
#4118 = CARTESIAN_POINT('',(-26.480229,-27.03734,-5.E-02));
#4119 = VECTOR('',#4120,1.);
#4120 = DIRECTION('',(4.178503539101E-02,-0.999126624016,0.));
#4121 = ORIENTED_EDGE('',*,*,#4122,.T.);
#4122 = EDGE_CURVE('',#4115,#4123,#4125,.T.);
#4123 = VERTEX_POINT('',#4124);
#4124 = CARTESIAN_POINT('',(-26.23941,-27.334848,-5.E-02));
#4125 = CIRCLE('',#4126,0.303309903249);
#4126 = AXIS2_PLACEMENT_3D('',#4127,#4128,#4129);
#4127 = CARTESIAN_POINT('',(-26.18026962848,-27.03735965759,-5.E-02));
#4128 = DIRECTION('',(0.,0.,1.));
#4129 = DIRECTION('',(-0.980793466775,-0.195049161831,0.));
#4130 = ORIENTED_EDGE('',*,*,#4131,.T.);
#4131 = EDGE_CURVE('',#4123,#4132,#4134,.T.);
#4132 = VERTEX_POINT('',#4133);
#4133 = CARTESIAN_POINT('',(-26.180229,-27.33734,-5.E-02));
#4134 = LINE('',#4135,#4136);
#4135 = CARTESIAN_POINT('',(-26.23941,-27.334848,-5.E-02));
#4136 = VECTOR('',#4137,1.);
#4137 = DIRECTION('',(0.999114630785,-4.207082779805E-02,0.));
#4138 = ORIENTED_EDGE('',*,*,#4139,.T.);
#4139 = EDGE_CURVE('',#4132,#4140,#4142,.T.);
#4140 = VERTEX_POINT('',#4141);
#4141 = CARTESIAN_POINT('',(-12.780229,-27.33734,-5.E-02));
#4142 = LINE('',#4143,#4144);
#4143 = CARTESIAN_POINT('',(-26.180229,-27.33734,-5.E-02));
#4144 = VECTOR('',#4145,1.);
#4145 = DIRECTION('',(1.,0.,0.));
#4146 = ORIENTED_EDGE('',*,*,#4147,.T.);
#4147 = EDGE_CURVE('',#4140,#4148,#4150,.T.);
#4148 = VERTEX_POINT('',#4149);
#4149 = CARTESIAN_POINT('',(-12.721042,-27.334872,-5.E-02));
#4150 = LINE('',#4151,#4152);
#4151 = CARTESIAN_POINT('',(-12.780229,-27.33734,-5.E-02));
#4152 = VECTOR('',#4153,1.);
#4153 = DIRECTION('',(0.999131756056,4.166214158422E-02,0.));
#4154 = ORIENTED_EDGE('',*,*,#4155,.T.);
#4155 = EDGE_CURVE('',#4148,#4156,#4158,.T.);
#4156 = VERTEX_POINT('',#4157);
#4157 = CARTESIAN_POINT('',(-12.482665,-27.096527,-5.E-02));
#4158 = CIRCLE('',#4159,0.303330674188);
#4159 = AXIS2_PLACEMENT_3D('',#4160,#4161,#4162);
#4160 = CARTESIAN_POINT('',(-12.78016919771,-27.03735986177,-5.E-02));
#4161 = DIRECTION('',(0.,0.,1.));
#4162 = DIRECTION('',(0.194926536433,-0.980817845165,0.));
#4163 = ORIENTED_EDGE('',*,*,#4164,.T.);
#4164 = EDGE_CURVE('',#4156,#4165,#4167,.T.);
#4165 = VERTEX_POINT('',#4166);
#4166 = CARTESIAN_POINT('',(-12.480229,-27.03734,-5.E-02));
#4167 = LINE('',#4168,#4169);
#4168 = CARTESIAN_POINT('',(-12.482665,-27.096527,-5.E-02));
#4169 = VECTOR('',#4170,1.);
#4170 = DIRECTION('',(4.11228712417E-02,0.999154096954,0.));
#4171 = ORIENTED_EDGE('',*,*,#4172,.T.);
#4172 = EDGE_CURVE('',#4165,#4173,#4175,.T.);
#4173 = VERTEX_POINT('',#4174);
#4174 = CARTESIAN_POINT('',(-12.480229,-13.63734,-5.E-02));
#4175 = LINE('',#4176,#4177);
#4176 = CARTESIAN_POINT('',(-12.480229,-27.03734,-5.E-02));
#4177 = VECTOR('',#4178,1.);
#4178 = DIRECTION('',(0.,1.,0.));
#4179 = ORIENTED_EDGE('',*,*,#4180,.T.);
#4180 = EDGE_CURVE('',#4173,#4055,#4181,.T.);
#4181 = LINE('',#4182,#4183);
#4182 = CARTESIAN_POINT('',(-12.480229,-13.63734,-5.E-02));
#4183 = VECTOR('',#4184,1.);
#4184 = DIRECTION('',(-4.875668479357E-02,0.99881068561,0.));
#4185 = FACE_BOUND('',#4186,.T.);
#4186 = EDGE_LOOP('',(#4187,#4198,#4206,#4214,#4222,#4231,#4239,#4247,
    #4255,#4264,#4272,#4280,#4288,#4297,#4305,#4313));
#4187 = ORIENTED_EDGE('',*,*,#4188,.T.);
#4188 = EDGE_CURVE('',#4189,#4191,#4193,.T.);
#4189 = VERTEX_POINT('',#4190);
#4190 = CARTESIAN_POINT('',(6.566886,-13.578239,-5.E-02));
#4191 = VERTEX_POINT('',#4192);
#4192 = CARTESIAN_POINT('',(6.328872,-13.340208,-5.E-02));
#4193 = CIRCLE('',#4194,0.302983563782);
#4194 = AXIS2_PLACEMENT_3D('',#4195,#4196,#4197);
#4195 = CARTESIAN_POINT('',(6.269727073409,-13.63736270311,-5.E-02));
#4196 = DIRECTION('',(0.,0.,1.));
#4197 = DIRECTION('',(0.980775732127,0.195138318305,-0.));
#4198 = ORIENTED_EDGE('',*,*,#4199,.T.);
#4199 = EDGE_CURVE('',#4191,#4200,#4202,.T.);
#4200 = VERTEX_POINT('',#4201);
#4201 = CARTESIAN_POINT('',(6.269771,-13.33734,-5.E-02));
#4202 = LINE('',#4203,#4204);
#4203 = CARTESIAN_POINT('',(6.328872,-13.340208,-5.E-02));
#4204 = VECTOR('',#4205,1.);
#4205 = DIRECTION('',(-0.998824635869,4.847006067026E-02,0.));
#4206 = ORIENTED_EDGE('',*,*,#4207,.T.);
#4207 = EDGE_CURVE('',#4200,#4208,#4210,.T.);
#4208 = VERTEX_POINT('',#4209);
#4209 = CARTESIAN_POINT('',(-7.130229,-13.33734,-5.E-02));
#4210 = LINE('',#4211,#4212);
#4211 = CARTESIAN_POINT('',(6.269771,-13.33734,-5.E-02));
#4212 = VECTOR('',#4213,1.);
#4213 = DIRECTION('',(-1.,0.,0.));
#4214 = ORIENTED_EDGE('',*,*,#4215,.T.);
#4215 = EDGE_CURVE('',#4208,#4216,#4218,.T.);
#4216 = VERTEX_POINT('',#4217);
#4217 = CARTESIAN_POINT('',(-7.189323,-13.340232,-5.E-02));
#4218 = LINE('',#4219,#4220);
#4219 = CARTESIAN_POINT('',(-7.130229,-13.33734,-5.E-02));
#4220 = VECTOR('',#4221,1.);
#4221 = DIRECTION('',(-0.998804634956,-4.888047863222E-02,0.));
#4222 = ORIENTED_EDGE('',*,*,#4223,.T.);
#4223 = EDGE_CURVE('',#4216,#4224,#4226,.T.);
#4224 = VERTEX_POINT('',#4225);
#4225 = CARTESIAN_POINT('',(-7.427306,-13.578246,-5.E-02));
#4226 = CIRCLE('',#4227,0.30295688813);
#4227 = AXIS2_PLACEMENT_3D('',#4228,#4229,#4230);
#4228 = CARTESIAN_POINT('',(-7.130172002326,-13.6373582956,-5.E-02));
#4229 = DIRECTION('',(0.,0.,1.));
#4230 = DIRECTION('',(-0.195245594312,0.980754382046,0.));
#4231 = ORIENTED_EDGE('',*,*,#4232,.T.);
#4232 = EDGE_CURVE('',#4224,#4233,#4235,.T.);
#4233 = VERTEX_POINT('',#4234);
#4234 = CARTESIAN_POINT('',(-7.430229,-13.63734,-5.E-02));
#4235 = LINE('',#4236,#4237);
#4236 = CARTESIAN_POINT('',(-7.427306,-13.578246,-5.E-02));
#4237 = VECTOR('',#4238,1.);
#4238 = DIRECTION('',(-4.940316745052E-02,-0.998778918002,0.));
#4239 = ORIENTED_EDGE('',*,*,#4240,.T.);
#4240 = EDGE_CURVE('',#4233,#4241,#4243,.T.);
#4241 = VERTEX_POINT('',#4242);
#4242 = CARTESIAN_POINT('',(-7.430229,-27.03734,-5.E-02));
#4243 = LINE('',#4244,#4245);
#4244 = CARTESIAN_POINT('',(-7.430229,-13.63734,-5.E-02));
#4245 = VECTOR('',#4246,1.);
#4246 = DIRECTION('',(0.,-1.,0.));
#4247 = ORIENTED_EDGE('',*,*,#4248,.T.);
#4248 = EDGE_CURVE('',#4241,#4249,#4251,.T.);
#4249 = VERTEX_POINT('',#4250);
#4250 = CARTESIAN_POINT('',(-7.427754,-27.09652,-5.E-02));
#4251 = LINE('',#4252,#4253);
#4252 = CARTESIAN_POINT('',(-7.430229,-27.03734,-5.E-02));
#4253 = VECTOR('',#4254,1.);
#4254 = DIRECTION('',(4.178503539099E-02,-0.999126624016,0.));
#4255 = ORIENTED_EDGE('',*,*,#4256,.T.);
#4256 = EDGE_CURVE('',#4249,#4257,#4259,.T.);
#4257 = VERTEX_POINT('',#4258);
#4258 = CARTESIAN_POINT('',(-7.18941,-27.334848,-5.E-02));
#4259 = CIRCLE('',#4260,0.303309903249);
#4260 = AXIS2_PLACEMENT_3D('',#4261,#4262,#4263);
#4261 = CARTESIAN_POINT('',(-7.130269628485,-27.03735965759,-5.E-02));
#4262 = DIRECTION('',(0.,0.,1.));
#4263 = DIRECTION('',(-0.980793466775,-0.195049161831,0.));
#4264 = ORIENTED_EDGE('',*,*,#4265,.T.);
#4265 = EDGE_CURVE('',#4257,#4266,#4268,.T.);
#4266 = VERTEX_POINT('',#4267);
#4267 = CARTESIAN_POINT('',(-7.130229,-27.33734,-5.E-02));
#4268 = LINE('',#4269,#4270);
#4269 = CARTESIAN_POINT('',(-7.18941,-27.334848,-5.E-02));
#4270 = VECTOR('',#4271,1.);
#4271 = DIRECTION('',(0.999114630785,-4.207082779804E-02,0.));
#4272 = ORIENTED_EDGE('',*,*,#4273,.T.);
#4273 = EDGE_CURVE('',#4266,#4274,#4276,.T.);
#4274 = VERTEX_POINT('',#4275);
#4275 = CARTESIAN_POINT('',(6.269771,-27.33734,-5.E-02));
#4276 = LINE('',#4277,#4278);
#4277 = CARTESIAN_POINT('',(-7.130229,-27.33734,-5.E-02));
#4278 = VECTOR('',#4279,1.);
#4279 = DIRECTION('',(1.,0.,0.));
#4280 = ORIENTED_EDGE('',*,*,#4281,.T.);
#4281 = EDGE_CURVE('',#4274,#4282,#4284,.T.);
#4282 = VERTEX_POINT('',#4283);
#4283 = CARTESIAN_POINT('',(6.328864,-27.33445,-5.E-02));
#4284 = LINE('',#4285,#4286);
#4285 = CARTESIAN_POINT('',(6.269771,-27.33734,-5.E-02));
#4286 = VECTOR('',#4287,1.);
#4287 = DIRECTION('',(0.998806244437,4.884758002509E-02,0.));
#4288 = ORIENTED_EDGE('',*,*,#4289,.T.);
#4289 = EDGE_CURVE('',#4282,#4290,#4292,.T.);
#4290 = VERTEX_POINT('',#4291);
#4291 = CARTESIAN_POINT('',(6.566832,-27.096434,-5.E-02));
#4292 = CIRCLE('',#4293,0.302915881433);
#4293 = AXIS2_PLACEMENT_3D('',#4294,#4295,#4296);
#4294 = CARTESIAN_POINT('',(6.269731844725,-27.03736176489,-5.E-02));
#4295 = DIRECTION('',(0.,0.,1.));
#4296 = DIRECTION('',(0.195209821931,-0.980761502824,0.));
#4297 = ORIENTED_EDGE('',*,*,#4298,.T.);
#4298 = EDGE_CURVE('',#4290,#4299,#4301,.T.);
#4299 = VERTEX_POINT('',#4300);
#4300 = CARTESIAN_POINT('',(6.569771,-27.03734,-5.E-02));
#4301 = LINE('',#4302,#4303);
#4302 = CARTESIAN_POINT('',(6.566832,-27.096434,-5.E-02));
#4303 = VECTOR('',#4304,1.);
#4304 = DIRECTION('',(4.967292647118E-02,0.99876553824,0.));
#4305 = ORIENTED_EDGE('',*,*,#4306,.T.);
#4306 = EDGE_CURVE('',#4299,#4307,#4309,.T.);
#4307 = VERTEX_POINT('',#4308);
#4308 = CARTESIAN_POINT('',(6.569771,-13.63734,-5.E-02));
#4309 = LINE('',#4310,#4311);
#4310 = CARTESIAN_POINT('',(6.569771,-27.03734,-5.E-02));
#4311 = VECTOR('',#4312,1.);
#4312 = DIRECTION('',(0.,1.,0.));
#4313 = ORIENTED_EDGE('',*,*,#4314,.T.);
#4314 = EDGE_CURVE('',#4307,#4189,#4315,.T.);
#4315 = LINE('',#4316,#4317);
#4316 = CARTESIAN_POINT('',(6.569771,-13.63734,-5.E-02));
#4317 = VECTOR('',#4318,1.);
#4318 = DIRECTION('',(-4.875668479355E-02,0.99881068561,0.));
#4319 = FACE_BOUND('',#4320,.T.);
#4320 = EDGE_LOOP('',(#4321,#4332,#4340,#4348,#4356,#4365,#4373,#4381,
    #4389,#4398,#4406,#4414,#4422,#4431,#4439,#4447));
#4321 = ORIENTED_EDGE('',*,*,#4322,.T.);
#4322 = EDGE_CURVE('',#4323,#4325,#4327,.T.);
#4323 = VERTEX_POINT('',#4324);
#4324 = CARTESIAN_POINT('',(25.616886,-13.578239,-5.E-02));
#4325 = VERTEX_POINT('',#4326);
#4326 = CARTESIAN_POINT('',(25.378872,-13.340208,-5.E-02));
#4327 = CIRCLE('',#4328,0.302983563782);
#4328 = AXIS2_PLACEMENT_3D('',#4329,#4330,#4331);
#4329 = CARTESIAN_POINT('',(25.319727073409,-13.63736270311,-5.E-02));
#4330 = DIRECTION('',(0.,0.,1.));
#4331 = DIRECTION('',(0.980775732127,0.195138318304,-0.));
#4332 = ORIENTED_EDGE('',*,*,#4333,.T.);
#4333 = EDGE_CURVE('',#4325,#4334,#4336,.T.);
#4334 = VERTEX_POINT('',#4335);
#4335 = CARTESIAN_POINT('',(25.319771,-13.33734,-5.E-02));
#4336 = LINE('',#4337,#4338);
#4337 = CARTESIAN_POINT('',(25.378872,-13.340208,-5.E-02));
#4338 = VECTOR('',#4339,1.);
#4339 = DIRECTION('',(-0.998824635869,4.847006067026E-02,0.));
#4340 = ORIENTED_EDGE('',*,*,#4341,.T.);
#4341 = EDGE_CURVE('',#4334,#4342,#4344,.T.);
#4342 = VERTEX_POINT('',#4343);
#4343 = CARTESIAN_POINT('',(11.919771,-13.33734,-5.E-02));
#4344 = LINE('',#4345,#4346);
#4345 = CARTESIAN_POINT('',(25.319771,-13.33734,-5.E-02));
#4346 = VECTOR('',#4347,1.);
#4347 = DIRECTION('',(-1.,0.,0.));
#4348 = ORIENTED_EDGE('',*,*,#4349,.T.);
#4349 = EDGE_CURVE('',#4342,#4350,#4352,.T.);
#4350 = VERTEX_POINT('',#4351);
#4351 = CARTESIAN_POINT('',(11.860583,-13.33981,-5.E-02));
#4352 = LINE('',#4353,#4354);
#4353 = CARTESIAN_POINT('',(11.919771,-13.33734,-5.E-02));
#4354 = VECTOR('',#4355,1.);
#4355 = DIRECTION('',(-0.999130379466,-4.169514153683E-02,0.));
#4356 = ORIENTED_EDGE('',*,*,#4357,.T.);
#4357 = EDGE_CURVE('',#4350,#4358,#4360,.T.);
#4358 = VERTEX_POINT('',#4359);
#4359 = CARTESIAN_POINT('',(11.622192,-13.578153,-5.E-02));
#4360 = CIRCLE('',#4361,0.303372497591);
#4361 = AXIS2_PLACEMENT_3D('',#4362,#4363,#4364);
#4362 = CARTESIAN_POINT('',(11.919730773484,-13.63736069011,-5.E-02));
#4363 = DIRECTION('',(0.,0.,1.));
#4364 = DIRECTION('',(-0.194967487011,0.980809705809,0.));
#4365 = ORIENTED_EDGE('',*,*,#4366,.T.);
#4366 = EDGE_CURVE('',#4358,#4367,#4369,.T.);
#4367 = VERTEX_POINT('',#4368);
#4368 = CARTESIAN_POINT('',(11.619771,-13.63734,-5.E-02));
#4369 = LINE('',#4370,#4371);
#4370 = CARTESIAN_POINT('',(11.622192,-13.578153,-5.E-02));
#4371 = VECTOR('',#4372,1.);
#4372 = DIRECTION('',(-4.087007586804E-02,-0.999164469394,0.));
#4373 = ORIENTED_EDGE('',*,*,#4374,.T.);
#4374 = EDGE_CURVE('',#4367,#4375,#4377,.T.);
#4375 = VERTEX_POINT('',#4376);
#4376 = CARTESIAN_POINT('',(11.619771,-27.03734,-5.E-02));
#4377 = LINE('',#4378,#4379);
#4378 = CARTESIAN_POINT('',(11.619771,-13.63734,-5.E-02));
#4379 = VECTOR('',#4380,1.);
#4380 = DIRECTION('',(0.,-1.,0.));
#4381 = ORIENTED_EDGE('',*,*,#4382,.T.);
#4382 = EDGE_CURVE('',#4375,#4383,#4385,.T.);
#4383 = VERTEX_POINT('',#4384);
#4384 = CARTESIAN_POINT('',(11.622246,-27.09652,-5.E-02));
#4385 = LINE('',#4386,#4387);
#4386 = CARTESIAN_POINT('',(11.619771,-27.03734,-5.E-02));
#4387 = VECTOR('',#4388,1.);
#4388 = DIRECTION('',(4.178503539101E-02,-0.999126624016,0.));
#4389 = ORIENTED_EDGE('',*,*,#4390,.T.);
#4390 = EDGE_CURVE('',#4383,#4391,#4393,.T.);
#4391 = VERTEX_POINT('',#4392);
#4392 = CARTESIAN_POINT('',(11.86059,-27.334848,-5.E-02));
#4393 = CIRCLE('',#4394,0.303309903249);
#4394 = AXIS2_PLACEMENT_3D('',#4395,#4396,#4397);
#4395 = CARTESIAN_POINT('',(11.919730371515,-27.03735965759,-5.E-02));
#4396 = DIRECTION('',(0.,0.,1.));
#4397 = DIRECTION('',(-0.980793466775,-0.195049161831,0.));
#4398 = ORIENTED_EDGE('',*,*,#4399,.T.);
#4399 = EDGE_CURVE('',#4391,#4400,#4402,.T.);
#4400 = VERTEX_POINT('',#4401);
#4401 = CARTESIAN_POINT('',(11.919771,-27.33734,-5.E-02));
#4402 = LINE('',#4403,#4404);
#4403 = CARTESIAN_POINT('',(11.86059,-27.334848,-5.E-02));
#4404 = VECTOR('',#4405,1.);
#4405 = DIRECTION('',(0.999114630785,-4.207082779804E-02,0.));
#4406 = ORIENTED_EDGE('',*,*,#4407,.T.);
#4407 = EDGE_CURVE('',#4400,#4408,#4410,.T.);
#4408 = VERTEX_POINT('',#4409);
#4409 = CARTESIAN_POINT('',(25.319771,-27.33734,-5.E-02));
#4410 = LINE('',#4411,#4412);
#4411 = CARTESIAN_POINT('',(11.919771,-27.33734,-5.E-02));
#4412 = VECTOR('',#4413,1.);
#4413 = DIRECTION('',(1.,0.,0.));
#4414 = ORIENTED_EDGE('',*,*,#4415,.T.);
#4415 = EDGE_CURVE('',#4408,#4416,#4418,.T.);
#4416 = VERTEX_POINT('',#4417);
#4417 = CARTESIAN_POINT('',(25.378864,-27.33445,-5.E-02));
#4418 = LINE('',#4419,#4420);
#4419 = CARTESIAN_POINT('',(25.319771,-27.33734,-5.E-02));
#4420 = VECTOR('',#4421,1.);
#4421 = DIRECTION('',(0.998806244437,4.884758002509E-02,0.));
#4422 = ORIENTED_EDGE('',*,*,#4423,.T.);
#4423 = EDGE_CURVE('',#4416,#4424,#4426,.T.);
#4424 = VERTEX_POINT('',#4425);
#4425 = CARTESIAN_POINT('',(25.616832,-27.096434,-5.E-02));
#4426 = CIRCLE('',#4427,0.302915881433);
#4427 = AXIS2_PLACEMENT_3D('',#4428,#4429,#4430);
#4428 = CARTESIAN_POINT('',(25.319731844725,-27.03736176489,-5.E-02));
#4429 = DIRECTION('',(0.,0.,1.));
#4430 = DIRECTION('',(0.195209821931,-0.980761502824,0.));
#4431 = ORIENTED_EDGE('',*,*,#4432,.T.);
#4432 = EDGE_CURVE('',#4424,#4433,#4435,.T.);
#4433 = VERTEX_POINT('',#4434);
#4434 = CARTESIAN_POINT('',(25.619771,-27.03734,-5.E-02));
#4435 = LINE('',#4436,#4437);
#4436 = CARTESIAN_POINT('',(25.616832,-27.096434,-5.E-02));
#4437 = VECTOR('',#4438,1.);
#4438 = DIRECTION('',(4.967292647119E-02,0.99876553824,0.));
#4439 = ORIENTED_EDGE('',*,*,#4440,.T.);
#4440 = EDGE_CURVE('',#4433,#4441,#4443,.T.);
#4441 = VERTEX_POINT('',#4442);
#4442 = CARTESIAN_POINT('',(25.619771,-13.63734,-5.E-02));
#4443 = LINE('',#4444,#4445);
#4444 = CARTESIAN_POINT('',(25.619771,-27.03734,-5.E-02));
#4445 = VECTOR('',#4446,1.);
#4446 = DIRECTION('',(0.,1.,0.));
#4447 = ORIENTED_EDGE('',*,*,#4448,.T.);
#4448 = EDGE_CURVE('',#4441,#4323,#4449,.T.);
#4449 = LINE('',#4450,#4451);
#4450 = CARTESIAN_POINT('',(25.619771,-13.63734,-5.E-02));
#4451 = VECTOR('',#4452,1.);
#4452 = DIRECTION('',(-4.875668479354E-02,0.99881068561,0.));
#4453 = FACE_BOUND('',#4454,.T.);
#4454 = EDGE_LOOP('',(#4455,#4466,#4474,#4482,#4490,#4499,#4507,#4515,
    #4523,#4532,#4540,#4548,#4556,#4565,#4573,#4581));
#4455 = ORIENTED_EDGE('',*,*,#4456,.T.);
#4456 = EDGE_CURVE('',#4457,#4459,#4461,.T.);
#4457 = VERTEX_POINT('',#4458);
#4458 = CARTESIAN_POINT('',(-12.483114,5.471761,-5.E-02));
#4459 = VERTEX_POINT('',#4460);
#4460 = CARTESIAN_POINT('',(-12.721128,5.709792,-5.E-02));
#4461 = CIRCLE('',#4462,0.302983563782);
#4462 = AXIS2_PLACEMENT_3D('',#4463,#4464,#4465);
#4463 = CARTESIAN_POINT('',(-12.78027292659,5.41263729689,-5.E-02));
#4464 = DIRECTION('',(0.,0.,1.));
#4465 = DIRECTION('',(0.980775732127,0.195138318305,-0.));
#4466 = ORIENTED_EDGE('',*,*,#4467,.T.);
#4467 = EDGE_CURVE('',#4459,#4468,#4470,.T.);
#4468 = VERTEX_POINT('',#4469);
#4469 = CARTESIAN_POINT('',(-12.780229,5.71266,-5.E-02));
#4470 = LINE('',#4471,#4472);
#4471 = CARTESIAN_POINT('',(-12.721128,5.709792,-5.E-02));
#4472 = VECTOR('',#4473,1.);
#4473 = DIRECTION('',(-0.998824635869,4.847006067023E-02,0.));
#4474 = ORIENTED_EDGE('',*,*,#4475,.T.);
#4475 = EDGE_CURVE('',#4468,#4476,#4478,.T.);
#4476 = VERTEX_POINT('',#4477);
#4477 = CARTESIAN_POINT('',(-26.180229,5.71266,-5.E-02));
#4478 = LINE('',#4479,#4480);
#4479 = CARTESIAN_POINT('',(-12.780229,5.71266,-5.E-02));
#4480 = VECTOR('',#4481,1.);
#4481 = DIRECTION('',(-1.,0.,0.));
#4482 = ORIENTED_EDGE('',*,*,#4483,.T.);
#4483 = EDGE_CURVE('',#4476,#4484,#4486,.T.);
#4484 = VERTEX_POINT('',#4485);
#4485 = CARTESIAN_POINT('',(-26.239417,5.71019,-5.E-02));
#4486 = LINE('',#4487,#4488);
#4487 = CARTESIAN_POINT('',(-26.180229,5.71266,-5.E-02));
#4488 = VECTOR('',#4489,1.);
#4489 = DIRECTION('',(-0.999130379466,-4.169514153682E-02,0.));
#4490 = ORIENTED_EDGE('',*,*,#4491,.T.);
#4491 = EDGE_CURVE('',#4484,#4492,#4494,.T.);
#4492 = VERTEX_POINT('',#4493);
#4493 = CARTESIAN_POINT('',(-26.477808,5.471847,-5.E-02));
#4494 = CIRCLE('',#4495,0.303372497591);
#4495 = AXIS2_PLACEMENT_3D('',#4496,#4497,#4498);
#4496 = CARTESIAN_POINT('',(-26.18026922651,5.412639309887,-5.E-02));
#4497 = DIRECTION('',(0.,0.,1.));
#4498 = DIRECTION('',(-0.194967487011,0.980809705809,0.));
#4499 = ORIENTED_EDGE('',*,*,#4500,.T.);
#4500 = EDGE_CURVE('',#4492,#4501,#4503,.T.);
#4501 = VERTEX_POINT('',#4502);
#4502 = CARTESIAN_POINT('',(-26.480229,5.41266,-5.E-02));
#4503 = LINE('',#4504,#4505);
#4504 = CARTESIAN_POINT('',(-26.477808,5.471847,-5.E-02));
#4505 = VECTOR('',#4506,1.);
#4506 = DIRECTION('',(-4.087007586807E-02,-0.999164469394,0.));
#4507 = ORIENTED_EDGE('',*,*,#4508,.T.);
#4508 = EDGE_CURVE('',#4501,#4509,#4511,.T.);
#4509 = VERTEX_POINT('',#4510);
#4510 = CARTESIAN_POINT('',(-26.480229,-7.98734,-5.E-02));
#4511 = LINE('',#4512,#4513);
#4512 = CARTESIAN_POINT('',(-26.480229,5.41266,-5.E-02));
#4513 = VECTOR('',#4514,1.);
#4514 = DIRECTION('',(0.,-1.,0.));
#4515 = ORIENTED_EDGE('',*,*,#4516,.T.);
#4516 = EDGE_CURVE('',#4509,#4517,#4519,.T.);
#4517 = VERTEX_POINT('',#4518);
#4518 = CARTESIAN_POINT('',(-26.477754,-8.04652,-5.E-02));
#4519 = LINE('',#4520,#4521);
#4520 = CARTESIAN_POINT('',(-26.480229,-7.98734,-5.E-02));
#4521 = VECTOR('',#4522,1.);
#4522 = DIRECTION('',(4.178503539101E-02,-0.999126624016,0.));
#4523 = ORIENTED_EDGE('',*,*,#4524,.T.);
#4524 = EDGE_CURVE('',#4517,#4525,#4527,.T.);
#4525 = VERTEX_POINT('',#4526);
#4526 = CARTESIAN_POINT('',(-26.23941,-8.284848,-5.E-02));
#4527 = CIRCLE('',#4528,0.303309903249);
#4528 = AXIS2_PLACEMENT_3D('',#4529,#4530,#4531);
#4529 = CARTESIAN_POINT('',(-26.18026962848,-7.987359657596,-5.E-02));
#4530 = DIRECTION('',(0.,0.,1.));
#4531 = DIRECTION('',(-0.980793466775,-0.195049161831,0.));
#4532 = ORIENTED_EDGE('',*,*,#4533,.T.);
#4533 = EDGE_CURVE('',#4525,#4534,#4536,.T.);
#4534 = VERTEX_POINT('',#4535);
#4535 = CARTESIAN_POINT('',(-26.180229,-8.28734,-5.E-02));
#4536 = LINE('',#4537,#4538);
#4537 = CARTESIAN_POINT('',(-26.23941,-8.284848,-5.E-02));
#4538 = VECTOR('',#4539,1.);
#4539 = DIRECTION('',(0.999114630785,-4.207082779805E-02,0.));
#4540 = ORIENTED_EDGE('',*,*,#4541,.T.);
#4541 = EDGE_CURVE('',#4534,#4542,#4544,.T.);
#4542 = VERTEX_POINT('',#4543);
#4543 = CARTESIAN_POINT('',(-12.780229,-8.28734,-5.E-02));
#4544 = LINE('',#4545,#4546);
#4545 = CARTESIAN_POINT('',(-26.180229,-8.28734,-5.E-02));
#4546 = VECTOR('',#4547,1.);
#4547 = DIRECTION('',(1.,0.,0.));
#4548 = ORIENTED_EDGE('',*,*,#4549,.T.);
#4549 = EDGE_CURVE('',#4542,#4550,#4552,.T.);
#4550 = VERTEX_POINT('',#4551);
#4551 = CARTESIAN_POINT('',(-12.721136,-8.28445,-5.E-02));
#4552 = LINE('',#4553,#4554);
#4553 = CARTESIAN_POINT('',(-12.780229,-8.28734,-5.E-02));
#4554 = VECTOR('',#4555,1.);
#4555 = DIRECTION('',(0.998806244437,4.884758002509E-02,0.));
#4556 = ORIENTED_EDGE('',*,*,#4557,.T.);
#4557 = EDGE_CURVE('',#4550,#4558,#4560,.T.);
#4558 = VERTEX_POINT('',#4559);
#4559 = CARTESIAN_POINT('',(-12.483168,-8.046434,-5.E-02));
#4560 = CIRCLE('',#4561,0.302915881433);
#4561 = AXIS2_PLACEMENT_3D('',#4562,#4563,#4564);
#4562 = CARTESIAN_POINT('',(-12.78026815527,-7.987361764896,-5.E-02));
#4563 = DIRECTION('',(0.,0.,1.));
#4564 = DIRECTION('',(0.195209821931,-0.980761502824,0.));
#4565 = ORIENTED_EDGE('',*,*,#4566,.T.);
#4566 = EDGE_CURVE('',#4558,#4567,#4569,.T.);
#4567 = VERTEX_POINT('',#4568);
#4568 = CARTESIAN_POINT('',(-12.480229,-7.98734,-5.E-02));
#4569 = LINE('',#4570,#4571);
#4570 = CARTESIAN_POINT('',(-12.483168,-8.046434,-5.E-02));
#4571 = VECTOR('',#4572,1.);
#4572 = DIRECTION('',(4.967292647116E-02,0.99876553824,0.));
#4573 = ORIENTED_EDGE('',*,*,#4574,.T.);
#4574 = EDGE_CURVE('',#4567,#4575,#4577,.T.);
#4575 = VERTEX_POINT('',#4576);
#4576 = CARTESIAN_POINT('',(-12.480229,5.41266,-5.E-02));
#4577 = LINE('',#4578,#4579);
#4578 = CARTESIAN_POINT('',(-12.480229,-7.98734,-5.E-02));
#4579 = VECTOR('',#4580,1.);
#4580 = DIRECTION('',(0.,1.,0.));
#4581 = ORIENTED_EDGE('',*,*,#4582,.T.);
#4582 = EDGE_CURVE('',#4575,#4457,#4583,.T.);
#4583 = LINE('',#4584,#4585);
#4584 = CARTESIAN_POINT('',(-12.480229,5.41266,-5.E-02));
#4585 = VECTOR('',#4586,1.);
#4586 = DIRECTION('',(-4.875668479357E-02,0.99881068561,0.));
#4587 = FACE_BOUND('',#4588,.T.);
#4588 = EDGE_LOOP('',(#4589,#4600,#4608,#4616,#4624,#4633,#4641,#4649,
    #4657,#4666,#4674,#4682,#4690,#4699,#4707,#4715));
#4589 = ORIENTED_EDGE('',*,*,#4590,.T.);
#4590 = EDGE_CURVE('',#4591,#4593,#4595,.T.);
#4591 = VERTEX_POINT('',#4592);
#4592 = CARTESIAN_POINT('',(6.566886,5.471761,-5.E-02));
#4593 = VERTEX_POINT('',#4594);
#4594 = CARTESIAN_POINT('',(6.328872,5.709792,-5.E-02));
#4595 = CIRCLE('',#4596,0.302983563782);
#4596 = AXIS2_PLACEMENT_3D('',#4597,#4598,#4599);
#4597 = CARTESIAN_POINT('',(6.269727073409,5.41263729689,-5.E-02));
#4598 = DIRECTION('',(0.,0.,1.));
#4599 = DIRECTION('',(0.980775732127,0.195138318305,-0.));
#4600 = ORIENTED_EDGE('',*,*,#4601,.T.);
#4601 = EDGE_CURVE('',#4593,#4602,#4604,.T.);
#4602 = VERTEX_POINT('',#4603);
#4603 = CARTESIAN_POINT('',(6.269771,5.71266,-5.E-02));
#4604 = LINE('',#4605,#4606);
#4605 = CARTESIAN_POINT('',(6.328872,5.709792,-5.E-02));
#4606 = VECTOR('',#4607,1.);
#4607 = DIRECTION('',(-0.998824635869,4.847006067023E-02,0.));
#4608 = ORIENTED_EDGE('',*,*,#4609,.T.);
#4609 = EDGE_CURVE('',#4602,#4610,#4612,.T.);
#4610 = VERTEX_POINT('',#4611);
#4611 = CARTESIAN_POINT('',(-7.130229,5.71266,-5.E-02));
#4612 = LINE('',#4613,#4614);
#4613 = CARTESIAN_POINT('',(6.269771,5.71266,-5.E-02));
#4614 = VECTOR('',#4615,1.);
#4615 = DIRECTION('',(-1.,0.,0.));
#4616 = ORIENTED_EDGE('',*,*,#4617,.T.);
#4617 = EDGE_CURVE('',#4610,#4618,#4620,.T.);
#4618 = VERTEX_POINT('',#4619);
#4619 = CARTESIAN_POINT('',(-7.189323,5.709768,-5.E-02));
#4620 = LINE('',#4621,#4622);
#4621 = CARTESIAN_POINT('',(-7.130229,5.71266,-5.E-02));
#4622 = VECTOR('',#4623,1.);
#4623 = DIRECTION('',(-0.998804634956,-4.888047863219E-02,0.));
#4624 = ORIENTED_EDGE('',*,*,#4625,.T.);
#4625 = EDGE_CURVE('',#4618,#4626,#4628,.T.);
#4626 = VERTEX_POINT('',#4627);
#4627 = CARTESIAN_POINT('',(-7.427306,5.471754,-5.E-02));
#4628 = CIRCLE('',#4629,0.30295688813);
#4629 = AXIS2_PLACEMENT_3D('',#4630,#4631,#4632);
#4630 = CARTESIAN_POINT('',(-7.130172002326,5.412641704396,-5.E-02));
#4631 = DIRECTION('',(0.,0.,1.));
#4632 = DIRECTION('',(-0.195245594312,0.980754382046,0.));
#4633 = ORIENTED_EDGE('',*,*,#4634,.T.);
#4634 = EDGE_CURVE('',#4626,#4635,#4637,.T.);
#4635 = VERTEX_POINT('',#4636);
#4636 = CARTESIAN_POINT('',(-7.430229,5.41266,-5.E-02));
#4637 = LINE('',#4638,#4639);
#4638 = CARTESIAN_POINT('',(-7.427306,5.471754,-5.E-02));
#4639 = VECTOR('',#4640,1.);
#4640 = DIRECTION('',(-4.940316745052E-02,-0.998778918002,0.));
#4641 = ORIENTED_EDGE('',*,*,#4642,.T.);
#4642 = EDGE_CURVE('',#4635,#4643,#4645,.T.);
#4643 = VERTEX_POINT('',#4644);
#4644 = CARTESIAN_POINT('',(-7.430229,-7.98734,-5.E-02));
#4645 = LINE('',#4646,#4647);
#4646 = CARTESIAN_POINT('',(-7.430229,5.41266,-5.E-02));
#4647 = VECTOR('',#4648,1.);
#4648 = DIRECTION('',(0.,-1.,0.));
#4649 = ORIENTED_EDGE('',*,*,#4650,.T.);
#4650 = EDGE_CURVE('',#4643,#4651,#4653,.T.);
#4651 = VERTEX_POINT('',#4652);
#4652 = CARTESIAN_POINT('',(-7.427754,-8.04652,-5.E-02));
#4653 = LINE('',#4654,#4655);
#4654 = CARTESIAN_POINT('',(-7.430229,-7.98734,-5.E-02));
#4655 = VECTOR('',#4656,1.);
#4656 = DIRECTION('',(4.178503539099E-02,-0.999126624016,0.));
#4657 = ORIENTED_EDGE('',*,*,#4658,.T.);
#4658 = EDGE_CURVE('',#4651,#4659,#4661,.T.);
#4659 = VERTEX_POINT('',#4660);
#4660 = CARTESIAN_POINT('',(-7.18941,-8.284848,-5.E-02));
#4661 = CIRCLE('',#4662,0.303309903249);
#4662 = AXIS2_PLACEMENT_3D('',#4663,#4664,#4665);
#4663 = CARTESIAN_POINT('',(-7.130269628485,-7.987359657596,-5.E-02));
#4664 = DIRECTION('',(0.,0.,1.));
#4665 = DIRECTION('',(-0.980793466775,-0.195049161831,0.));
#4666 = ORIENTED_EDGE('',*,*,#4667,.T.);
#4667 = EDGE_CURVE('',#4659,#4668,#4670,.T.);
#4668 = VERTEX_POINT('',#4669);
#4669 = CARTESIAN_POINT('',(-7.130229,-8.28734,-5.E-02));
#4670 = LINE('',#4671,#4672);
#4671 = CARTESIAN_POINT('',(-7.18941,-8.284848,-5.E-02));
#4672 = VECTOR('',#4673,1.);
#4673 = DIRECTION('',(0.999114630785,-4.207082779804E-02,0.));
#4674 = ORIENTED_EDGE('',*,*,#4675,.T.);
#4675 = EDGE_CURVE('',#4668,#4676,#4678,.T.);
#4676 = VERTEX_POINT('',#4677);
#4677 = CARTESIAN_POINT('',(6.269771,-8.28734,-5.E-02));
#4678 = LINE('',#4679,#4680);
#4679 = CARTESIAN_POINT('',(-7.130229,-8.28734,-5.E-02));
#4680 = VECTOR('',#4681,1.);
#4681 = DIRECTION('',(1.,0.,0.));
#4682 = ORIENTED_EDGE('',*,*,#4683,.T.);
#4683 = EDGE_CURVE('',#4676,#4684,#4686,.T.);
#4684 = VERTEX_POINT('',#4685);
#4685 = CARTESIAN_POINT('',(6.328864,-8.28445,-5.E-02));
#4686 = LINE('',#4687,#4688);
#4687 = CARTESIAN_POINT('',(6.269771,-8.28734,-5.E-02));
#4688 = VECTOR('',#4689,1.);
#4689 = DIRECTION('',(0.998806244437,4.884758002509E-02,0.));
#4690 = ORIENTED_EDGE('',*,*,#4691,.T.);
#4691 = EDGE_CURVE('',#4684,#4692,#4694,.T.);
#4692 = VERTEX_POINT('',#4693);
#4693 = CARTESIAN_POINT('',(6.566832,-8.046434,-5.E-02));
#4694 = CIRCLE('',#4695,0.302915881433);
#4695 = AXIS2_PLACEMENT_3D('',#4696,#4697,#4698);
#4696 = CARTESIAN_POINT('',(6.269731844725,-7.987361764896,-5.E-02));
#4697 = DIRECTION('',(0.,0.,1.));
#4698 = DIRECTION('',(0.195209821931,-0.980761502824,0.));
#4699 = ORIENTED_EDGE('',*,*,#4700,.T.);
#4700 = EDGE_CURVE('',#4692,#4701,#4703,.T.);
#4701 = VERTEX_POINT('',#4702);
#4702 = CARTESIAN_POINT('',(6.569771,-7.98734,-5.E-02));
#4703 = LINE('',#4704,#4705);
#4704 = CARTESIAN_POINT('',(6.566832,-8.046434,-5.E-02));
#4705 = VECTOR('',#4706,1.);
#4706 = DIRECTION('',(4.967292647118E-02,0.99876553824,0.));
#4707 = ORIENTED_EDGE('',*,*,#4708,.T.);
#4708 = EDGE_CURVE('',#4701,#4709,#4711,.T.);
#4709 = VERTEX_POINT('',#4710);
#4710 = CARTESIAN_POINT('',(6.569771,5.41266,-5.E-02));
#4711 = LINE('',#4712,#4713);
#4712 = CARTESIAN_POINT('',(6.569771,-7.98734,-5.E-02));
#4713 = VECTOR('',#4714,1.);
#4714 = DIRECTION('',(0.,1.,0.));
#4715 = ORIENTED_EDGE('',*,*,#4716,.T.);
#4716 = EDGE_CURVE('',#4709,#4591,#4717,.T.);
#4717 = LINE('',#4718,#4719);
#4718 = CARTESIAN_POINT('',(6.569771,5.41266,-5.E-02));
#4719 = VECTOR('',#4720,1.);
#4720 = DIRECTION('',(-4.875668479355E-02,0.99881068561,0.));
#4721 = FACE_BOUND('',#4722,.T.);
#4722 = EDGE_LOOP('',(#4723,#4734,#4742,#4750,#4758,#4767,#4775,#4783,
    #4791,#4800,#4808,#4816,#4824,#4833,#4841,#4849));
#4723 = ORIENTED_EDGE('',*,*,#4724,.T.);
#4724 = EDGE_CURVE('',#4725,#4727,#4729,.T.);
#4725 = VERTEX_POINT('',#4726);
#4726 = CARTESIAN_POINT('',(25.616886,5.471761,-5.E-02));
#4727 = VERTEX_POINT('',#4728);
#4728 = CARTESIAN_POINT('',(25.378872,5.709792,-5.E-02));
#4729 = CIRCLE('',#4730,0.302983563782);
#4730 = AXIS2_PLACEMENT_3D('',#4731,#4732,#4733);
#4731 = CARTESIAN_POINT('',(25.319727073409,5.41263729689,-5.E-02));
#4732 = DIRECTION('',(0.,0.,1.));
#4733 = DIRECTION('',(0.980775732127,0.195138318305,-0.));
#4734 = ORIENTED_EDGE('',*,*,#4735,.T.);
#4735 = EDGE_CURVE('',#4727,#4736,#4738,.T.);
#4736 = VERTEX_POINT('',#4737);
#4737 = CARTESIAN_POINT('',(25.319771,5.71266,-5.E-02));
#4738 = LINE('',#4739,#4740);
#4739 = CARTESIAN_POINT('',(25.378872,5.709792,-5.E-02));
#4740 = VECTOR('',#4741,1.);
#4741 = DIRECTION('',(-0.998824635869,4.847006067023E-02,0.));
#4742 = ORIENTED_EDGE('',*,*,#4743,.T.);
#4743 = EDGE_CURVE('',#4736,#4744,#4746,.T.);
#4744 = VERTEX_POINT('',#4745);
#4745 = CARTESIAN_POINT('',(11.919771,5.71266,-5.E-02));
#4746 = LINE('',#4747,#4748);
#4747 = CARTESIAN_POINT('',(25.319771,5.71266,-5.E-02));
#4748 = VECTOR('',#4749,1.);
#4749 = DIRECTION('',(-1.,0.,0.));
#4750 = ORIENTED_EDGE('',*,*,#4751,.T.);
#4751 = EDGE_CURVE('',#4744,#4752,#4754,.T.);
#4752 = VERTEX_POINT('',#4753);
#4753 = CARTESIAN_POINT('',(11.860677,5.709768,-5.E-02));
#4754 = LINE('',#4755,#4756);
#4755 = CARTESIAN_POINT('',(11.919771,5.71266,-5.E-02));
#4756 = VECTOR('',#4757,1.);
#4757 = DIRECTION('',(-0.998804634956,-4.888047863219E-02,0.));
#4758 = ORIENTED_EDGE('',*,*,#4759,.T.);
#4759 = EDGE_CURVE('',#4752,#4760,#4762,.T.);
#4760 = VERTEX_POINT('',#4761);
#4761 = CARTESIAN_POINT('',(11.622694,5.471754,-5.E-02));
#4762 = CIRCLE('',#4763,0.30295688813);
#4763 = AXIS2_PLACEMENT_3D('',#4764,#4765,#4766);
#4764 = CARTESIAN_POINT('',(11.919827997674,5.412641704396,-5.E-02));
#4765 = DIRECTION('',(0.,0.,1.));
#4766 = DIRECTION('',(-0.195245594312,0.980754382046,0.));
#4767 = ORIENTED_EDGE('',*,*,#4768,.T.);
#4768 = EDGE_CURVE('',#4760,#4769,#4771,.T.);
#4769 = VERTEX_POINT('',#4770);
#4770 = CARTESIAN_POINT('',(11.619771,5.41266,-5.E-02));
#4771 = LINE('',#4772,#4773);
#4772 = CARTESIAN_POINT('',(11.622694,5.471754,-5.E-02));
#4773 = VECTOR('',#4774,1.);
#4774 = DIRECTION('',(-4.94031674505E-02,-0.998778918002,0.));
#4775 = ORIENTED_EDGE('',*,*,#4776,.T.);
#4776 = EDGE_CURVE('',#4769,#4777,#4779,.T.);
#4777 = VERTEX_POINT('',#4778);
#4778 = CARTESIAN_POINT('',(11.619771,-7.98734,-5.E-02));
#4779 = LINE('',#4780,#4781);
#4780 = CARTESIAN_POINT('',(11.619771,5.41266,-5.E-02));
#4781 = VECTOR('',#4782,1.);
#4782 = DIRECTION('',(0.,-1.,0.));
#4783 = ORIENTED_EDGE('',*,*,#4784,.T.);
#4784 = EDGE_CURVE('',#4777,#4785,#4787,.T.);
#4785 = VERTEX_POINT('',#4786);
#4786 = CARTESIAN_POINT('',(11.622246,-8.04652,-5.E-02));
#4787 = LINE('',#4788,#4789);
#4788 = CARTESIAN_POINT('',(11.619771,-7.98734,-5.E-02));
#4789 = VECTOR('',#4790,1.);
#4790 = DIRECTION('',(4.178503539101E-02,-0.999126624016,0.));
#4791 = ORIENTED_EDGE('',*,*,#4792,.T.);
#4792 = EDGE_CURVE('',#4785,#4793,#4795,.T.);
#4793 = VERTEX_POINT('',#4794);
#4794 = CARTESIAN_POINT('',(11.86059,-8.284848,-5.E-02));
#4795 = CIRCLE('',#4796,0.303309903249);
#4796 = AXIS2_PLACEMENT_3D('',#4797,#4798,#4799);
#4797 = CARTESIAN_POINT('',(11.919730371515,-7.987359657596,-5.E-02));
#4798 = DIRECTION('',(0.,0.,1.));
#4799 = DIRECTION('',(-0.980793466775,-0.195049161831,0.));
#4800 = ORIENTED_EDGE('',*,*,#4801,.T.);
#4801 = EDGE_CURVE('',#4793,#4802,#4804,.T.);
#4802 = VERTEX_POINT('',#4803);
#4803 = CARTESIAN_POINT('',(11.919771,-8.28734,-5.E-02));
#4804 = LINE('',#4805,#4806);
#4805 = CARTESIAN_POINT('',(11.86059,-8.284848,-5.E-02));
#4806 = VECTOR('',#4807,1.);
#4807 = DIRECTION('',(0.999114630785,-4.207082779804E-02,0.));
#4808 = ORIENTED_EDGE('',*,*,#4809,.T.);
#4809 = EDGE_CURVE('',#4802,#4810,#4812,.T.);
#4810 = VERTEX_POINT('',#4811);
#4811 = CARTESIAN_POINT('',(25.319771,-8.28734,-5.E-02));
#4812 = LINE('',#4813,#4814);
#4813 = CARTESIAN_POINT('',(11.919771,-8.28734,-5.E-02));
#4814 = VECTOR('',#4815,1.);
#4815 = DIRECTION('',(1.,0.,0.));
#4816 = ORIENTED_EDGE('',*,*,#4817,.T.);
#4817 = EDGE_CURVE('',#4810,#4818,#4820,.T.);
#4818 = VERTEX_POINT('',#4819);
#4819 = CARTESIAN_POINT('',(25.378864,-8.28445,-5.E-02));
#4820 = LINE('',#4821,#4822);
#4821 = CARTESIAN_POINT('',(25.319771,-8.28734,-5.E-02));
#4822 = VECTOR('',#4823,1.);
#4823 = DIRECTION('',(0.998806244437,4.884758002509E-02,0.));
#4824 = ORIENTED_EDGE('',*,*,#4825,.T.);
#4825 = EDGE_CURVE('',#4818,#4826,#4828,.T.);
#4826 = VERTEX_POINT('',#4827);
#4827 = CARTESIAN_POINT('',(25.616832,-8.046434,-5.E-02));
#4828 = CIRCLE('',#4829,0.302915881433);
#4829 = AXIS2_PLACEMENT_3D('',#4830,#4831,#4832);
#4830 = CARTESIAN_POINT('',(25.319731844725,-7.987361764896,-5.E-02));
#4831 = DIRECTION('',(0.,0.,1.));
#4832 = DIRECTION('',(0.195209821931,-0.980761502824,0.));
#4833 = ORIENTED_EDGE('',*,*,#4834,.T.);
#4834 = EDGE_CURVE('',#4826,#4835,#4837,.T.);
#4835 = VERTEX_POINT('',#4836);
#4836 = CARTESIAN_POINT('',(25.619771,-7.98734,-5.E-02));
#4837 = LINE('',#4838,#4839);
#4838 = CARTESIAN_POINT('',(25.616832,-8.046434,-5.E-02));
#4839 = VECTOR('',#4840,1.);
#4840 = DIRECTION('',(4.967292647119E-02,0.99876553824,0.));
#4841 = ORIENTED_EDGE('',*,*,#4842,.T.);
#4842 = EDGE_CURVE('',#4835,#4843,#4845,.T.);
#4843 = VERTEX_POINT('',#4844);
#4844 = CARTESIAN_POINT('',(25.619771,5.41266,-5.E-02));
#4845 = LINE('',#4846,#4847);
#4846 = CARTESIAN_POINT('',(25.619771,-7.98734,-5.E-02));
#4847 = VECTOR('',#4848,1.);
#4848 = DIRECTION('',(0.,1.,0.));
#4849 = ORIENTED_EDGE('',*,*,#4850,.T.);
#4850 = EDGE_CURVE('',#4843,#4725,#4851,.T.);
#4851 = LINE('',#4852,#4853);
#4852 = CARTESIAN_POINT('',(25.619771,5.41266,-5.E-02));
#4853 = VECTOR('',#4854,1.);
#4854 = DIRECTION('',(-4.875668479354E-02,0.99881068561,0.));
#4855 = FACE_BOUND('',#4856,.T.);
#4856 = EDGE_LOOP('',(#4857,#4868,#4876,#4884,#4892,#4901,#4909,#4917,
    #4925,#4934,#4942,#4950,#4958,#4967,#4975,#4983));
#4857 = ORIENTED_EDGE('',*,*,#4858,.T.);
#4858 = EDGE_CURVE('',#4859,#4861,#4863,.T.);
#4859 = VERTEX_POINT('',#4860);
#4860 = CARTESIAN_POINT('',(-12.483114,24.521761,-5.E-02));
#4861 = VERTEX_POINT('',#4862);
#4862 = CARTESIAN_POINT('',(-12.721128,24.759792,-5.E-02));
#4863 = CIRCLE('',#4864,0.302983563782);
#4864 = AXIS2_PLACEMENT_3D('',#4865,#4866,#4867);
#4865 = CARTESIAN_POINT('',(-12.78027292659,24.46263729689,-5.E-02));
#4866 = DIRECTION('',(0.,0.,1.));
#4867 = DIRECTION('',(0.980775732127,0.195138318305,-0.));
#4868 = ORIENTED_EDGE('',*,*,#4869,.T.);
#4869 = EDGE_CURVE('',#4861,#4870,#4872,.T.);
#4870 = VERTEX_POINT('',#4871);
#4871 = CARTESIAN_POINT('',(-12.780229,24.76266,-5.E-02));
#4872 = LINE('',#4873,#4874);
#4873 = CARTESIAN_POINT('',(-12.721128,24.759792,-5.E-02));
#4874 = VECTOR('',#4875,1.);
#4875 = DIRECTION('',(-0.998824635869,4.847006067023E-02,0.));
#4876 = ORIENTED_EDGE('',*,*,#4877,.T.);
#4877 = EDGE_CURVE('',#4870,#4878,#4880,.T.);
#4878 = VERTEX_POINT('',#4879);
#4879 = CARTESIAN_POINT('',(-26.180229,24.76266,-5.E-02));
#4880 = LINE('',#4881,#4882);
#4881 = CARTESIAN_POINT('',(-12.780229,24.76266,-5.E-02));
#4882 = VECTOR('',#4883,1.);
#4883 = DIRECTION('',(-1.,0.,0.));
#4884 = ORIENTED_EDGE('',*,*,#4885,.T.);
#4885 = EDGE_CURVE('',#4878,#4886,#4888,.T.);
#4886 = VERTEX_POINT('',#4887);
#4887 = CARTESIAN_POINT('',(-26.239323,24.759768,-5.E-02));
#4888 = LINE('',#4889,#4890);
#4889 = CARTESIAN_POINT('',(-26.180229,24.76266,-5.E-02));
#4890 = VECTOR('',#4891,1.);
#4891 = DIRECTION('',(-0.998804634956,-4.888047863219E-02,0.));
#4892 = ORIENTED_EDGE('',*,*,#4893,.T.);
#4893 = EDGE_CURVE('',#4886,#4894,#4896,.T.);
#4894 = VERTEX_POINT('',#4895);
#4895 = CARTESIAN_POINT('',(-26.477306,24.521754,-5.E-02));
#4896 = CIRCLE('',#4897,0.30295688813);
#4897 = AXIS2_PLACEMENT_3D('',#4898,#4899,#4900);
#4898 = CARTESIAN_POINT('',(-26.18017200232,24.462641704396,-5.E-02));
#4899 = DIRECTION('',(0.,0.,1.));
#4900 = DIRECTION('',(-0.195245594312,0.980754382046,0.));
#4901 = ORIENTED_EDGE('',*,*,#4902,.T.);
#4902 = EDGE_CURVE('',#4894,#4903,#4905,.T.);
#4903 = VERTEX_POINT('',#4904);
#4904 = CARTESIAN_POINT('',(-26.480229,24.46266,-5.E-02));
#4905 = LINE('',#4906,#4907);
#4906 = CARTESIAN_POINT('',(-26.477306,24.521754,-5.E-02));
#4907 = VECTOR('',#4908,1.);
#4908 = DIRECTION('',(-4.940316745056E-02,-0.998778918002,0.));
#4909 = ORIENTED_EDGE('',*,*,#4910,.T.);
#4910 = EDGE_CURVE('',#4903,#4911,#4913,.T.);
#4911 = VERTEX_POINT('',#4912);
#4912 = CARTESIAN_POINT('',(-26.480229,11.06266,-5.E-02));
#4913 = LINE('',#4914,#4915);
#4914 = CARTESIAN_POINT('',(-26.480229,24.46266,-5.E-02));
#4915 = VECTOR('',#4916,1.);
#4916 = DIRECTION('',(0.,-1.,0.));
#4917 = ORIENTED_EDGE('',*,*,#4918,.T.);
#4918 = EDGE_CURVE('',#4911,#4919,#4921,.T.);
#4919 = VERTEX_POINT('',#4920);
#4920 = CARTESIAN_POINT('',(-26.477754,11.00348,-5.E-02));
#4921 = LINE('',#4922,#4923);
#4922 = CARTESIAN_POINT('',(-26.480229,11.06266,-5.E-02));
#4923 = VECTOR('',#4924,1.);
#4924 = DIRECTION('',(4.178503539101E-02,-0.999126624016,0.));
#4925 = ORIENTED_EDGE('',*,*,#4926,.T.);
#4926 = EDGE_CURVE('',#4919,#4927,#4929,.T.);
#4927 = VERTEX_POINT('',#4928);
#4928 = CARTESIAN_POINT('',(-26.23941,10.765152,-5.E-02));
#4929 = CIRCLE('',#4930,0.303309903249);
#4930 = AXIS2_PLACEMENT_3D('',#4931,#4932,#4933);
#4931 = CARTESIAN_POINT('',(-26.18026962848,11.062640342404,-5.E-02));
#4932 = DIRECTION('',(0.,0.,1.));
#4933 = DIRECTION('',(-0.980793466775,-0.195049161831,0.));
#4934 = ORIENTED_EDGE('',*,*,#4935,.T.);
#4935 = EDGE_CURVE('',#4927,#4936,#4938,.T.);
#4936 = VERTEX_POINT('',#4937);
#4937 = CARTESIAN_POINT('',(-26.180229,10.76266,-5.E-02));
#4938 = LINE('',#4939,#4940);
#4939 = CARTESIAN_POINT('',(-26.23941,10.765152,-5.E-02));
#4940 = VECTOR('',#4941,1.);
#4941 = DIRECTION('',(0.999114630785,-4.207082779805E-02,0.));
#4942 = ORIENTED_EDGE('',*,*,#4943,.T.);
#4943 = EDGE_CURVE('',#4936,#4944,#4946,.T.);
#4944 = VERTEX_POINT('',#4945);
#4945 = CARTESIAN_POINT('',(-12.780229,10.76266,-5.E-02));
#4946 = LINE('',#4947,#4948);
#4947 = CARTESIAN_POINT('',(-26.180229,10.76266,-5.E-02));
#4948 = VECTOR('',#4949,1.);
#4949 = DIRECTION('',(1.,0.,0.));
#4950 = ORIENTED_EDGE('',*,*,#4951,.T.);
#4951 = EDGE_CURVE('',#4944,#4952,#4954,.T.);
#4952 = VERTEX_POINT('',#4953);
#4953 = CARTESIAN_POINT('',(-12.721136,10.76555,-5.E-02));
#4954 = LINE('',#4955,#4956);
#4955 = CARTESIAN_POINT('',(-12.780229,10.76266,-5.E-02));
#4956 = VECTOR('',#4957,1.);
#4957 = DIRECTION('',(0.998806244437,4.884758002506E-02,0.));
#4958 = ORIENTED_EDGE('',*,*,#4959,.T.);
#4959 = EDGE_CURVE('',#4952,#4960,#4962,.T.);
#4960 = VERTEX_POINT('',#4961);
#4961 = CARTESIAN_POINT('',(-12.483168,11.003566,-5.E-02));
#4962 = CIRCLE('',#4963,0.302915881433);
#4963 = AXIS2_PLACEMENT_3D('',#4964,#4965,#4966);
#4964 = CARTESIAN_POINT('',(-12.78026815527,11.062638235104,-5.E-02));
#4965 = DIRECTION('',(0.,0.,1.));
#4966 = DIRECTION('',(0.195209821931,-0.980761502824,0.));
#4967 = ORIENTED_EDGE('',*,*,#4968,.T.);
#4968 = EDGE_CURVE('',#4960,#4969,#4971,.T.);
#4969 = VERTEX_POINT('',#4970);
#4970 = CARTESIAN_POINT('',(-12.480229,11.06266,-5.E-02));
#4971 = LINE('',#4972,#4973);
#4972 = CARTESIAN_POINT('',(-12.483168,11.003566,-5.E-02));
#4973 = VECTOR('',#4974,1.);
#4974 = DIRECTION('',(4.967292647116E-02,0.99876553824,0.));
#4975 = ORIENTED_EDGE('',*,*,#4976,.T.);
#4976 = EDGE_CURVE('',#4969,#4977,#4979,.T.);
#4977 = VERTEX_POINT('',#4978);
#4978 = CARTESIAN_POINT('',(-12.480229,24.46266,-5.E-02));
#4979 = LINE('',#4980,#4981);
#4980 = CARTESIAN_POINT('',(-12.480229,11.06266,-5.E-02));
#4981 = VECTOR('',#4982,1.);
#4982 = DIRECTION('',(0.,1.,0.));
#4983 = ORIENTED_EDGE('',*,*,#4984,.T.);
#4984 = EDGE_CURVE('',#4977,#4859,#4985,.T.);
#4985 = LINE('',#4986,#4987);
#4986 = CARTESIAN_POINT('',(-12.480229,24.46266,-5.E-02));
#4987 = VECTOR('',#4988,1.);
#4988 = DIRECTION('',(-4.875668479357E-02,0.99881068561,0.));
#4989 = FACE_BOUND('',#4990,.T.);
#4990 = EDGE_LOOP('',(#4991,#5002,#5010,#5018,#5026,#5035,#5043,#5051,
    #5059,#5068,#5076,#5084,#5092,#5101,#5109,#5117));
#4991 = ORIENTED_EDGE('',*,*,#4992,.T.);
#4992 = EDGE_CURVE('',#4993,#4995,#4997,.T.);
#4993 = VERTEX_POINT('',#4994);
#4994 = CARTESIAN_POINT('',(6.566886,24.521761,-5.E-02));
#4995 = VERTEX_POINT('',#4996);
#4996 = CARTESIAN_POINT('',(6.328872,24.759792,-5.E-02));
#4997 = CIRCLE('',#4998,0.302983563782);
#4998 = AXIS2_PLACEMENT_3D('',#4999,#5000,#5001);
#4999 = CARTESIAN_POINT('',(6.269727073409,24.46263729689,-5.E-02));
#5000 = DIRECTION('',(0.,0.,1.));
#5001 = DIRECTION('',(0.980775732127,0.195138318305,-0.));
#5002 = ORIENTED_EDGE('',*,*,#5003,.T.);
#5003 = EDGE_CURVE('',#4995,#5004,#5006,.T.);
#5004 = VERTEX_POINT('',#5005);
#5005 = CARTESIAN_POINT('',(6.269771,24.76266,-5.E-02));
#5006 = LINE('',#5007,#5008);
#5007 = CARTESIAN_POINT('',(6.328872,24.759792,-5.E-02));
#5008 = VECTOR('',#5009,1.);
#5009 = DIRECTION('',(-0.998824635869,4.847006067023E-02,0.));
#5010 = ORIENTED_EDGE('',*,*,#5011,.T.);
#5011 = EDGE_CURVE('',#5004,#5012,#5014,.T.);
#5012 = VERTEX_POINT('',#5013);
#5013 = CARTESIAN_POINT('',(-7.130229,24.76266,-5.E-02));
#5014 = LINE('',#5015,#5016);
#5015 = CARTESIAN_POINT('',(6.269771,24.76266,-5.E-02));
#5016 = VECTOR('',#5017,1.);
#5017 = DIRECTION('',(-1.,0.,0.));
#5018 = ORIENTED_EDGE('',*,*,#5019,.T.);
#5019 = EDGE_CURVE('',#5012,#5020,#5022,.T.);
#5020 = VERTEX_POINT('',#5021);
#5021 = CARTESIAN_POINT('',(-7.189323,24.759768,-5.E-02));
#5022 = LINE('',#5023,#5024);
#5023 = CARTESIAN_POINT('',(-7.130229,24.76266,-5.E-02));
#5024 = VECTOR('',#5025,1.);
#5025 = DIRECTION('',(-0.998804634956,-4.888047863219E-02,0.));
#5026 = ORIENTED_EDGE('',*,*,#5027,.T.);
#5027 = EDGE_CURVE('',#5020,#5028,#5030,.T.);
#5028 = VERTEX_POINT('',#5029);
#5029 = CARTESIAN_POINT('',(-7.427306,24.521754,-5.E-02));
#5030 = CIRCLE('',#5031,0.30295688813);
#5031 = AXIS2_PLACEMENT_3D('',#5032,#5033,#5034);
#5032 = CARTESIAN_POINT('',(-7.130172002326,24.462641704396,-5.E-02));
#5033 = DIRECTION('',(0.,0.,1.));
#5034 = DIRECTION('',(-0.195245594312,0.980754382046,0.));
#5035 = ORIENTED_EDGE('',*,*,#5036,.T.);
#5036 = EDGE_CURVE('',#5028,#5037,#5039,.T.);
#5037 = VERTEX_POINT('',#5038);
#5038 = CARTESIAN_POINT('',(-7.430229,24.46266,-5.E-02));
#5039 = LINE('',#5040,#5041);
#5040 = CARTESIAN_POINT('',(-7.427306,24.521754,-5.E-02));
#5041 = VECTOR('',#5042,1.);
#5042 = DIRECTION('',(-4.940316745051E-02,-0.998778918002,0.));
#5043 = ORIENTED_EDGE('',*,*,#5044,.T.);
#5044 = EDGE_CURVE('',#5037,#5045,#5047,.T.);
#5045 = VERTEX_POINT('',#5046);
#5046 = CARTESIAN_POINT('',(-7.430229,11.06266,-5.E-02));
#5047 = LINE('',#5048,#5049);
#5048 = CARTESIAN_POINT('',(-7.430229,24.46266,-5.E-02));
#5049 = VECTOR('',#5050,1.);
#5050 = DIRECTION('',(0.,-1.,0.));
#5051 = ORIENTED_EDGE('',*,*,#5052,.T.);
#5052 = EDGE_CURVE('',#5045,#5053,#5055,.T.);
#5053 = VERTEX_POINT('',#5054);
#5054 = CARTESIAN_POINT('',(-7.427754,11.00348,-5.E-02));
#5055 = LINE('',#5056,#5057);
#5056 = CARTESIAN_POINT('',(-7.430229,11.06266,-5.E-02));
#5057 = VECTOR('',#5058,1.);
#5058 = DIRECTION('',(4.178503539099E-02,-0.999126624016,0.));
#5059 = ORIENTED_EDGE('',*,*,#5060,.T.);
#5060 = EDGE_CURVE('',#5053,#5061,#5063,.T.);
#5061 = VERTEX_POINT('',#5062);
#5062 = CARTESIAN_POINT('',(-7.18941,10.765152,-5.E-02));
#5063 = CIRCLE('',#5064,0.303309903249);
#5064 = AXIS2_PLACEMENT_3D('',#5065,#5066,#5067);
#5065 = CARTESIAN_POINT('',(-7.130269628485,11.062640342404,-5.E-02));
#5066 = DIRECTION('',(0.,0.,1.));
#5067 = DIRECTION('',(-0.980793466775,-0.195049161831,0.));
#5068 = ORIENTED_EDGE('',*,*,#5069,.T.);
#5069 = EDGE_CURVE('',#5061,#5070,#5072,.T.);
#5070 = VERTEX_POINT('',#5071);
#5071 = CARTESIAN_POINT('',(-7.130229,10.76266,-5.E-02));
#5072 = LINE('',#5073,#5074);
#5073 = CARTESIAN_POINT('',(-7.18941,10.765152,-5.E-02));
#5074 = VECTOR('',#5075,1.);
#5075 = DIRECTION('',(0.999114630785,-4.207082779804E-02,0.));
#5076 = ORIENTED_EDGE('',*,*,#5077,.T.);
#5077 = EDGE_CURVE('',#5070,#5078,#5080,.T.);
#5078 = VERTEX_POINT('',#5079);
#5079 = CARTESIAN_POINT('',(6.269771,10.76266,-5.E-02));
#5080 = LINE('',#5081,#5082);
#5081 = CARTESIAN_POINT('',(-7.130229,10.76266,-5.E-02));
#5082 = VECTOR('',#5083,1.);
#5083 = DIRECTION('',(1.,0.,0.));
#5084 = ORIENTED_EDGE('',*,*,#5085,.T.);
#5085 = EDGE_CURVE('',#5078,#5086,#5088,.T.);
#5086 = VERTEX_POINT('',#5087);
#5087 = CARTESIAN_POINT('',(6.328864,10.76555,-5.E-02));
#5088 = LINE('',#5089,#5090);
#5089 = CARTESIAN_POINT('',(6.269771,10.76266,-5.E-02));
#5090 = VECTOR('',#5091,1.);
#5091 = DIRECTION('',(0.998806244437,4.884758002506E-02,0.));
#5092 = ORIENTED_EDGE('',*,*,#5093,.T.);
#5093 = EDGE_CURVE('',#5086,#5094,#5096,.T.);
#5094 = VERTEX_POINT('',#5095);
#5095 = CARTESIAN_POINT('',(6.566832,11.003566,-5.E-02));
#5096 = CIRCLE('',#5097,0.302915881433);
#5097 = AXIS2_PLACEMENT_3D('',#5098,#5099,#5100);
#5098 = CARTESIAN_POINT('',(6.269731844725,11.062638235104,-5.E-02));
#5099 = DIRECTION('',(0.,0.,1.));
#5100 = DIRECTION('',(0.195209821931,-0.980761502824,0.));
#5101 = ORIENTED_EDGE('',*,*,#5102,.T.);
#5102 = EDGE_CURVE('',#5094,#5103,#5105,.T.);
#5103 = VERTEX_POINT('',#5104);
#5104 = CARTESIAN_POINT('',(6.569771,11.06266,-5.E-02));
#5105 = LINE('',#5106,#5107);
#5106 = CARTESIAN_POINT('',(6.566832,11.003566,-5.E-02));
#5107 = VECTOR('',#5108,1.);
#5108 = DIRECTION('',(4.967292647118E-02,0.99876553824,0.));
#5109 = ORIENTED_EDGE('',*,*,#5110,.T.);
#5110 = EDGE_CURVE('',#5103,#5111,#5113,.T.);
#5111 = VERTEX_POINT('',#5112);
#5112 = CARTESIAN_POINT('',(6.569771,24.46266,-5.E-02));
#5113 = LINE('',#5114,#5115);
#5114 = CARTESIAN_POINT('',(6.569771,11.06266,-5.E-02));
#5115 = VECTOR('',#5116,1.);
#5116 = DIRECTION('',(0.,1.,0.));
#5117 = ORIENTED_EDGE('',*,*,#5118,.T.);
#5118 = EDGE_CURVE('',#5111,#4993,#5119,.T.);
#5119 = LINE('',#5120,#5121);
#5120 = CARTESIAN_POINT('',(6.569771,24.46266,-5.E-02));
#5121 = VECTOR('',#5122,1.);
#5122 = DIRECTION('',(-4.875668479355E-02,0.99881068561,0.));
#5123 = FACE_BOUND('',#5124,.T.);
#5124 = EDGE_LOOP('',(#5125,#5136,#5144,#5152,#5160,#5169,#5177,#5185,
    #5193,#5202,#5210,#5218,#5226,#5235,#5243,#5251));
#5125 = ORIENTED_EDGE('',*,*,#5126,.T.);
#5126 = EDGE_CURVE('',#5127,#5129,#5131,.T.);
#5127 = VERTEX_POINT('',#5128);
#5128 = CARTESIAN_POINT('',(25.616886,24.521761,-5.E-02));
#5129 = VERTEX_POINT('',#5130);
#5130 = CARTESIAN_POINT('',(25.378872,24.759792,-5.E-02));
#5131 = CIRCLE('',#5132,0.302983563782);
#5132 = AXIS2_PLACEMENT_3D('',#5133,#5134,#5135);
#5133 = CARTESIAN_POINT('',(25.319727073409,24.46263729689,-5.E-02));
#5134 = DIRECTION('',(0.,0.,1.));
#5135 = DIRECTION('',(0.980775732127,0.195138318305,-0.));
#5136 = ORIENTED_EDGE('',*,*,#5137,.T.);
#5137 = EDGE_CURVE('',#5129,#5138,#5140,.T.);
#5138 = VERTEX_POINT('',#5139);
#5139 = CARTESIAN_POINT('',(25.319771,24.76266,-5.E-02));
#5140 = LINE('',#5141,#5142);
#5141 = CARTESIAN_POINT('',(25.378872,24.759792,-5.E-02));
#5142 = VECTOR('',#5143,1.);
#5143 = DIRECTION('',(-0.998824635869,4.847006067023E-02,0.));
#5144 = ORIENTED_EDGE('',*,*,#5145,.T.);
#5145 = EDGE_CURVE('',#5138,#5146,#5148,.T.);
#5146 = VERTEX_POINT('',#5147);
#5147 = CARTESIAN_POINT('',(11.919771,24.76266,-5.E-02));
#5148 = LINE('',#5149,#5150);
#5149 = CARTESIAN_POINT('',(25.319771,24.76266,-5.E-02));
#5150 = VECTOR('',#5151,1.);
#5151 = DIRECTION('',(-1.,0.,0.));
#5152 = ORIENTED_EDGE('',*,*,#5153,.T.);
#5153 = EDGE_CURVE('',#5146,#5154,#5156,.T.);
#5154 = VERTEX_POINT('',#5155);
#5155 = CARTESIAN_POINT('',(11.860677,24.759768,-5.E-02));
#5156 = LINE('',#5157,#5158);
#5157 = CARTESIAN_POINT('',(11.919771,24.76266,-5.E-02));
#5158 = VECTOR('',#5159,1.);
#5159 = DIRECTION('',(-0.998804634956,-4.888047863219E-02,0.));
#5160 = ORIENTED_EDGE('',*,*,#5161,.T.);
#5161 = EDGE_CURVE('',#5154,#5162,#5164,.T.);
#5162 = VERTEX_POINT('',#5163);
#5163 = CARTESIAN_POINT('',(11.622694,24.521754,-5.E-02));
#5164 = CIRCLE('',#5165,0.30295688813);
#5165 = AXIS2_PLACEMENT_3D('',#5166,#5167,#5168);
#5166 = CARTESIAN_POINT('',(11.919827997674,24.462641704396,-5.E-02));
#5167 = DIRECTION('',(0.,0.,1.));
#5168 = DIRECTION('',(-0.195245594312,0.980754382046,0.));
#5169 = ORIENTED_EDGE('',*,*,#5170,.T.);
#5170 = EDGE_CURVE('',#5162,#5171,#5173,.T.);
#5171 = VERTEX_POINT('',#5172);
#5172 = CARTESIAN_POINT('',(11.619771,24.46266,-5.E-02));
#5173 = LINE('',#5174,#5175);
#5174 = CARTESIAN_POINT('',(11.622694,24.521754,-5.E-02));
#5175 = VECTOR('',#5176,1.);
#5176 = DIRECTION('',(-4.94031674505E-02,-0.998778918002,0.));
#5177 = ORIENTED_EDGE('',*,*,#5178,.T.);
#5178 = EDGE_CURVE('',#5171,#5179,#5181,.T.);
#5179 = VERTEX_POINT('',#5180);
#5180 = CARTESIAN_POINT('',(11.619771,11.06266,-5.E-02));
#5181 = LINE('',#5182,#5183);
#5182 = CARTESIAN_POINT('',(11.619771,24.46266,-5.E-02));
#5183 = VECTOR('',#5184,1.);
#5184 = DIRECTION('',(0.,-1.,0.));
#5185 = ORIENTED_EDGE('',*,*,#5186,.T.);
#5186 = EDGE_CURVE('',#5179,#5187,#5189,.T.);
#5187 = VERTEX_POINT('',#5188);
#5188 = CARTESIAN_POINT('',(11.622246,11.00348,-5.E-02));
#5189 = LINE('',#5190,#5191);
#5190 = CARTESIAN_POINT('',(11.619771,11.06266,-5.E-02));
#5191 = VECTOR('',#5192,1.);
#5192 = DIRECTION('',(4.178503539101E-02,-0.999126624016,0.));
#5193 = ORIENTED_EDGE('',*,*,#5194,.T.);
#5194 = EDGE_CURVE('',#5187,#5195,#5197,.T.);
#5195 = VERTEX_POINT('',#5196);
#5196 = CARTESIAN_POINT('',(11.86059,10.765152,-5.E-02));
#5197 = CIRCLE('',#5198,0.303309903249);
#5198 = AXIS2_PLACEMENT_3D('',#5199,#5200,#5201);
#5199 = CARTESIAN_POINT('',(11.919730371515,11.062640342404,-5.E-02));
#5200 = DIRECTION('',(0.,0.,1.));
#5201 = DIRECTION('',(-0.980793466775,-0.195049161831,0.));
#5202 = ORIENTED_EDGE('',*,*,#5203,.T.);
#5203 = EDGE_CURVE('',#5195,#5204,#5206,.T.);
#5204 = VERTEX_POINT('',#5205);
#5205 = CARTESIAN_POINT('',(11.919771,10.76266,-5.E-02));
#5206 = LINE('',#5207,#5208);
#5207 = CARTESIAN_POINT('',(11.86059,10.765152,-5.E-02));
#5208 = VECTOR('',#5209,1.);
#5209 = DIRECTION('',(0.999114630785,-4.207082779804E-02,0.));
#5210 = ORIENTED_EDGE('',*,*,#5211,.T.);
#5211 = EDGE_CURVE('',#5204,#5212,#5214,.T.);
#5212 = VERTEX_POINT('',#5213);
#5213 = CARTESIAN_POINT('',(25.319771,10.76266,-5.E-02));
#5214 = LINE('',#5215,#5216);
#5215 = CARTESIAN_POINT('',(11.919771,10.76266,-5.E-02));
#5216 = VECTOR('',#5217,1.);
#5217 = DIRECTION('',(1.,0.,0.));
#5218 = ORIENTED_EDGE('',*,*,#5219,.T.);
#5219 = EDGE_CURVE('',#5212,#5220,#5222,.T.);
#5220 = VERTEX_POINT('',#5221);
#5221 = CARTESIAN_POINT('',(25.378958,10.765128,-5.E-02));
#5222 = LINE('',#5223,#5224);
#5223 = CARTESIAN_POINT('',(25.319771,10.76266,-5.E-02));
#5224 = VECTOR('',#5225,1.);
#5225 = DIRECTION('',(0.999131756056,4.166214158422E-02,0.));
#5226 = ORIENTED_EDGE('',*,*,#5227,.T.);
#5227 = EDGE_CURVE('',#5220,#5228,#5230,.T.);
#5228 = VERTEX_POINT('',#5229);
#5229 = CARTESIAN_POINT('',(25.617335,11.003473,-5.E-02));
#5230 = CIRCLE('',#5231,0.303330674188);
#5231 = AXIS2_PLACEMENT_3D('',#5232,#5233,#5234);
#5232 = CARTESIAN_POINT('',(25.319830802286,11.06264013823,-5.E-02));
#5233 = DIRECTION('',(0.,0.,1.));
#5234 = DIRECTION('',(0.194926536433,-0.980817845165,0.));
#5235 = ORIENTED_EDGE('',*,*,#5236,.T.);
#5236 = EDGE_CURVE('',#5228,#5237,#5239,.T.);
#5237 = VERTEX_POINT('',#5238);
#5238 = CARTESIAN_POINT('',(25.619771,11.06266,-5.E-02));
#5239 = LINE('',#5240,#5241);
#5240 = CARTESIAN_POINT('',(25.617335,11.003473,-5.E-02));
#5241 = VECTOR('',#5242,1.);
#5242 = DIRECTION('',(4.112287124167E-02,0.999154096954,0.));
#5243 = ORIENTED_EDGE('',*,*,#5244,.T.);
#5244 = EDGE_CURVE('',#5237,#5245,#5247,.T.);
#5245 = VERTEX_POINT('',#5246);
#5246 = CARTESIAN_POINT('',(25.619771,24.46266,-5.E-02));
#5247 = LINE('',#5248,#5249);
#5248 = CARTESIAN_POINT('',(25.619771,11.06266,-5.E-02));
#5249 = VECTOR('',#5250,1.);
#5250 = DIRECTION('',(0.,1.,0.));
#5251 = ORIENTED_EDGE('',*,*,#5252,.T.);
#5252 = EDGE_CURVE('',#5245,#5127,#5253,.T.);
#5253 = LINE('',#5254,#5255);
#5254 = CARTESIAN_POINT('',(25.619771,24.46266,-5.E-02));
#5255 = VECTOR('',#5256,1.);
#5256 = DIRECTION('',(-4.875668479354E-02,0.99881068561,0.));
#5257 = FACE_BOUND('',#5258,.T.);
#5258 = EDGE_LOOP('',(#5259,#5270,#5278,#5286,#5294,#5303,#5311,#5319,
    #5327,#5336,#5344,#5352,#5360,#5369,#5377,#5385));
#5259 = ORIENTED_EDGE('',*,*,#5260,.T.);
#5260 = EDGE_CURVE('',#5261,#5263,#5265,.T.);
#5261 = VERTEX_POINT('',#5262);
#5262 = CARTESIAN_POINT('',(9.857348,41.43794,-5.E-02));
#5263 = VERTEX_POINT('',#5264);
#5264 = CARTESIAN_POINT('',(9.61933,41.675958,-5.E-02));
#5265 = CIRCLE('',#5266,0.302939994261);
#5266 = AXIS2_PLACEMENT_3D('',#5267,#5268,#5269);
#5267 = CARTESIAN_POINT('',(9.560228983492,41.378838983492,-5.E-02));
#5268 = DIRECTION('',(0.,0.,1.));
#5269 = DIRECTION('',(0.980785046995,0.195091495436,-0.));
#5270 = ORIENTED_EDGE('',*,*,#5271,.T.);
#5271 = EDGE_CURVE('',#5263,#5272,#5274,.T.);
#5272 = VERTEX_POINT('',#5273);
#5273 = CARTESIAN_POINT('',(9.56023,41.67884,-5.E-02));
#5274 = LINE('',#5275,#5276);
#5275 = CARTESIAN_POINT('',(9.61933,41.675958,-5.E-02));
#5276 = VECTOR('',#5277,1.);
#5277 = DIRECTION('',(-0.998813113275,4.870692711438E-02,0.));
#5278 = ORIENTED_EDGE('',*,*,#5279,.T.);
#5279 = EDGE_CURVE('',#5272,#5280,#5282,.T.);
#5280 = VERTEX_POINT('',#5281);
#5281 = CARTESIAN_POINT('',(-28.83977,41.67884,-5.E-02));
#5282 = LINE('',#5283,#5284);
#5283 = CARTESIAN_POINT('',(9.56023,41.67884,-5.E-02));
#5284 = VECTOR('',#5285,1.);
#5285 = DIRECTION('',(-1.,0.,0.));
#5286 = ORIENTED_EDGE('',*,*,#5287,.T.);
#5287 = EDGE_CURVE('',#5280,#5288,#5290,.T.);
#5288 = VERTEX_POINT('',#5289);
#5289 = CARTESIAN_POINT('',(-28.89887,41.675958,-5.E-02));
#5290 = LINE('',#5291,#5292);
#5291 = CARTESIAN_POINT('',(-28.83977,41.67884,-5.E-02));
#5292 = VECTOR('',#5293,1.);
#5293 = DIRECTION('',(-0.998813113275,-4.870692711438E-02,0.));
#5294 = ORIENTED_EDGE('',*,*,#5295,.T.);
#5295 = EDGE_CURVE('',#5288,#5296,#5298,.T.);
#5296 = VERTEX_POINT('',#5297);
#5297 = CARTESIAN_POINT('',(-29.136888,41.43794,-5.E-02));
#5298 = CIRCLE('',#5299,0.302939994261);
#5299 = AXIS2_PLACEMENT_3D('',#5300,#5301,#5302);
#5300 = CARTESIAN_POINT('',(-28.83976898349,41.378838983492,-5.E-02));
#5301 = DIRECTION('',(0.,0.,1.));
#5302 = DIRECTION('',(-0.195091495436,0.980785046995,0.));
#5303 = ORIENTED_EDGE('',*,*,#5304,.T.);
#5304 = EDGE_CURVE('',#5296,#5305,#5307,.T.);
#5305 = VERTEX_POINT('',#5306);
#5306 = CARTESIAN_POINT('',(-29.13977,41.37884,-5.E-02));
#5307 = LINE('',#5308,#5309);
#5308 = CARTESIAN_POINT('',(-29.136888,41.43794,-5.E-02));
#5309 = VECTOR('',#5310,1.);
#5310 = DIRECTION('',(-4.870692711437E-02,-0.998813113275,0.));
#5311 = ORIENTED_EDGE('',*,*,#5312,.T.);
#5312 = EDGE_CURVE('',#5305,#5313,#5315,.T.);
#5313 = VERTEX_POINT('',#5314);
#5314 = CARTESIAN_POINT('',(-29.13977,28.97884,-5.E-02));
#5315 = LINE('',#5316,#5317);
#5316 = CARTESIAN_POINT('',(-29.13977,41.37884,-5.E-02));
#5317 = VECTOR('',#5318,1.);
#5318 = DIRECTION('',(0.,-1.,0.));
#5319 = ORIENTED_EDGE('',*,*,#5320,.T.);
#5320 = EDGE_CURVE('',#5313,#5321,#5323,.T.);
#5321 = VERTEX_POINT('',#5322);
#5322 = CARTESIAN_POINT('',(-29.136888,28.91974,-5.E-02));
#5323 = LINE('',#5324,#5325);
#5324 = CARTESIAN_POINT('',(-29.13977,28.97884,-5.E-02));
#5325 = VECTOR('',#5326,1.);
#5326 = DIRECTION('',(4.870692711437E-02,-0.998813113275,0.));
#5327 = ORIENTED_EDGE('',*,*,#5328,.T.);
#5328 = EDGE_CURVE('',#5321,#5329,#5331,.T.);
#5329 = VERTEX_POINT('',#5330);
#5330 = CARTESIAN_POINT('',(-28.89887,28.681722,-5.E-02));
#5331 = CIRCLE('',#5332,0.302939994261);
#5332 = AXIS2_PLACEMENT_3D('',#5333,#5334,#5335);
#5333 = CARTESIAN_POINT('',(-28.83976898349,28.978841016508,-5.E-02));
#5334 = DIRECTION('',(0.,0.,1.));
#5335 = DIRECTION('',(-0.980785046995,-0.195091495436,0.));
#5336 = ORIENTED_EDGE('',*,*,#5337,.T.);
#5337 = EDGE_CURVE('',#5329,#5338,#5340,.T.);
#5338 = VERTEX_POINT('',#5339);
#5339 = CARTESIAN_POINT('',(-28.83977,28.67884,-5.E-02));
#5340 = LINE('',#5341,#5342);
#5341 = CARTESIAN_POINT('',(-28.89887,28.681722,-5.E-02));
#5342 = VECTOR('',#5343,1.);
#5343 = DIRECTION('',(0.998813113275,-4.870692711438E-02,0.));
#5344 = ORIENTED_EDGE('',*,*,#5345,.T.);
#5345 = EDGE_CURVE('',#5338,#5346,#5348,.T.);
#5346 = VERTEX_POINT('',#5347);
#5347 = CARTESIAN_POINT('',(9.56023,28.67884,-5.E-02));
#5348 = LINE('',#5349,#5350);
#5349 = CARTESIAN_POINT('',(-28.83977,28.67884,-5.E-02));
#5350 = VECTOR('',#5351,1.);
#5351 = DIRECTION('',(1.,0.,0.));
#5352 = ORIENTED_EDGE('',*,*,#5353,.T.);
#5353 = EDGE_CURVE('',#5346,#5354,#5356,.T.);
#5354 = VERTEX_POINT('',#5355);
#5355 = CARTESIAN_POINT('',(9.61933,28.681722,-5.E-02));
#5356 = LINE('',#5357,#5358);
#5357 = CARTESIAN_POINT('',(9.56023,28.67884,-5.E-02));
#5358 = VECTOR('',#5359,1.);
#5359 = DIRECTION('',(0.998813113275,4.870692711438E-02,0.));
#5360 = ORIENTED_EDGE('',*,*,#5361,.T.);
#5361 = EDGE_CURVE('',#5354,#5362,#5364,.T.);
#5362 = VERTEX_POINT('',#5363);
#5363 = CARTESIAN_POINT('',(9.857348,28.91974,-5.E-02));
#5364 = CIRCLE('',#5365,0.302939994261);
#5365 = AXIS2_PLACEMENT_3D('',#5366,#5367,#5368);
#5366 = CARTESIAN_POINT('',(9.560228983492,28.978841016508,-5.E-02));
#5367 = DIRECTION('',(0.,0.,1.));
#5368 = DIRECTION('',(0.195091495436,-0.980785046995,0.));
#5369 = ORIENTED_EDGE('',*,*,#5370,.T.);
#5370 = EDGE_CURVE('',#5362,#5371,#5373,.T.);
#5371 = VERTEX_POINT('',#5372);
#5372 = CARTESIAN_POINT('',(9.86023,28.97884,-5.E-02));
#5373 = LINE('',#5374,#5375);
#5374 = CARTESIAN_POINT('',(9.857348,28.91974,-5.E-02));
#5375 = VECTOR('',#5376,1.);
#5376 = DIRECTION('',(4.870692711437E-02,0.998813113275,0.));
#5377 = ORIENTED_EDGE('',*,*,#5378,.T.);
#5378 = EDGE_CURVE('',#5371,#5379,#5381,.T.);
#5379 = VERTEX_POINT('',#5380);
#5380 = CARTESIAN_POINT('',(9.86023,41.37884,-5.E-02));
#5381 = LINE('',#5382,#5383);
#5382 = CARTESIAN_POINT('',(9.86023,28.97884,-5.E-02));
#5383 = VECTOR('',#5384,1.);
#5384 = DIRECTION('',(0.,1.,0.));
#5385 = ORIENTED_EDGE('',*,*,#5386,.T.);
#5386 = EDGE_CURVE('',#5379,#5261,#5387,.T.);
#5387 = LINE('',#5388,#5389);
#5388 = CARTESIAN_POINT('',(9.86023,41.37884,-5.E-02));
#5389 = VECTOR('',#5390,1.);
#5390 = DIRECTION('',(-4.870692711437E-02,0.998813113275,0.));
#5391 = FACE_BOUND('',#5392,.T.);
#5392 = EDGE_LOOP('',(#5393,#5404,#5412,#5420,#5428,#5437,#5445,#5453,
    #5461,#5470,#5478,#5486,#5494,#5503,#5511,#5519));
#5393 = ORIENTED_EDGE('',*,*,#5394,.T.);
#5394 = EDGE_CURVE('',#5395,#5397,#5399,.T.);
#5395 = VERTEX_POINT('',#5396);
#5396 = CARTESIAN_POINT('',(26.216886,41.609261,-5.E-02));
#5397 = VERTEX_POINT('',#5398);
#5398 = CARTESIAN_POINT('',(25.978872,41.847292,-5.E-02));
#5399 = CIRCLE('',#5400,0.302983563782);
#5400 = AXIS2_PLACEMENT_3D('',#5401,#5402,#5403);
#5401 = CARTESIAN_POINT('',(25.919727073409,41.55013729689,-5.E-02));
#5402 = DIRECTION('',(0.,0.,1.));
#5403 = DIRECTION('',(0.980775732127,0.195138318305,-0.));
#5404 = ORIENTED_EDGE('',*,*,#5405,.T.);
#5405 = EDGE_CURVE('',#5397,#5406,#5408,.T.);
#5406 = VERTEX_POINT('',#5407);
#5407 = CARTESIAN_POINT('',(25.919771,41.85016,-5.E-02));
#5408 = LINE('',#5409,#5410);
#5409 = CARTESIAN_POINT('',(25.978872,41.847292,-5.E-02));
#5410 = VECTOR('',#5411,1.);
#5411 = DIRECTION('',(-0.998824635869,4.847006067023E-02,0.));
#5412 = ORIENTED_EDGE('',*,*,#5413,.T.);
#5413 = EDGE_CURVE('',#5406,#5414,#5416,.T.);
#5414 = VERTEX_POINT('',#5415);
#5415 = CARTESIAN_POINT('',(14.019771,41.85016,-5.E-02));
#5416 = LINE('',#5417,#5418);
#5417 = CARTESIAN_POINT('',(25.919771,41.85016,-5.E-02));
#5418 = VECTOR('',#5419,1.);
#5419 = DIRECTION('',(-1.,0.,0.));
#5420 = ORIENTED_EDGE('',*,*,#5421,.T.);
#5421 = EDGE_CURVE('',#5414,#5422,#5424,.T.);
#5422 = VERTEX_POINT('',#5423);
#5423 = CARTESIAN_POINT('',(13.960677,41.847268,-5.E-02));
#5424 = LINE('',#5425,#5426);
#5425 = CARTESIAN_POINT('',(14.019771,41.85016,-5.E-02));
#5426 = VECTOR('',#5427,1.);
#5427 = DIRECTION('',(-0.998804634956,-4.888047863225E-02,0.));
#5428 = ORIENTED_EDGE('',*,*,#5429,.T.);
#5429 = EDGE_CURVE('',#5422,#5430,#5432,.T.);
#5430 = VERTEX_POINT('',#5431);
#5431 = CARTESIAN_POINT('',(13.722694,41.609254,-5.E-02));
#5432 = CIRCLE('',#5433,0.30295688813);
#5433 = AXIS2_PLACEMENT_3D('',#5434,#5435,#5436);
#5434 = CARTESIAN_POINT('',(14.019827997674,41.550141704396,-5.E-02));
#5435 = DIRECTION('',(0.,0.,1.));
#5436 = DIRECTION('',(-0.195245594312,0.980754382046,0.));
#5437 = ORIENTED_EDGE('',*,*,#5438,.T.);
#5438 = EDGE_CURVE('',#5430,#5439,#5441,.T.);
#5439 = VERTEX_POINT('',#5440);
#5440 = CARTESIAN_POINT('',(13.719771,41.55016,-5.E-02));
#5441 = LINE('',#5442,#5443);
#5442 = CARTESIAN_POINT('',(13.722694,41.609254,-5.E-02));
#5443 = VECTOR('',#5444,1.);
#5444 = DIRECTION('',(-4.940316745053E-02,-0.998778918002,0.));
#5445 = ORIENTED_EDGE('',*,*,#5446,.T.);
#5446 = EDGE_CURVE('',#5439,#5447,#5449,.T.);
#5447 = VERTEX_POINT('',#5448);
#5448 = CARTESIAN_POINT('',(13.719771,29.40016,-5.E-02));
#5449 = LINE('',#5450,#5451);
#5450 = CARTESIAN_POINT('',(13.719771,41.55016,-5.E-02));
#5451 = VECTOR('',#5452,1.);
#5452 = DIRECTION('',(0.,-1.,0.));
#5453 = ORIENTED_EDGE('',*,*,#5454,.T.);
#5454 = EDGE_CURVE('',#5447,#5455,#5457,.T.);
#5455 = VERTEX_POINT('',#5456);
#5456 = CARTESIAN_POINT('',(13.722246,29.34098,-5.E-02));
#5457 = LINE('',#5458,#5459);
#5458 = CARTESIAN_POINT('',(13.719771,29.40016,-5.E-02));
#5459 = VECTOR('',#5460,1.);
#5460 = DIRECTION('',(4.178503539101E-02,-0.999126624016,0.));
#5461 = ORIENTED_EDGE('',*,*,#5462,.T.);
#5462 = EDGE_CURVE('',#5455,#5463,#5465,.T.);
#5463 = VERTEX_POINT('',#5464);
#5464 = CARTESIAN_POINT('',(13.96059,29.102652,-5.E-02));
#5465 = CIRCLE('',#5466,0.303309903249);
#5466 = AXIS2_PLACEMENT_3D('',#5467,#5468,#5469);
#5467 = CARTESIAN_POINT('',(14.019730371515,29.400140342404,-5.E-02));
#5468 = DIRECTION('',(0.,0.,1.));
#5469 = DIRECTION('',(-0.980793466775,-0.195049161831,0.));
#5470 = ORIENTED_EDGE('',*,*,#5471,.T.);
#5471 = EDGE_CURVE('',#5463,#5472,#5474,.T.);
#5472 = VERTEX_POINT('',#5473);
#5473 = CARTESIAN_POINT('',(14.019771,29.10016,-5.E-02));
#5474 = LINE('',#5475,#5476);
#5475 = CARTESIAN_POINT('',(13.96059,29.102652,-5.E-02));
#5476 = VECTOR('',#5477,1.);
#5477 = DIRECTION('',(0.999114630785,-4.207082779804E-02,0.));
#5478 = ORIENTED_EDGE('',*,*,#5479,.T.);
#5479 = EDGE_CURVE('',#5472,#5480,#5482,.T.);
#5480 = VERTEX_POINT('',#5481);
#5481 = CARTESIAN_POINT('',(25.919771,29.10016,-5.E-02));
#5482 = LINE('',#5483,#5484);
#5483 = CARTESIAN_POINT('',(14.019771,29.10016,-5.E-02));
#5484 = VECTOR('',#5485,1.);
#5485 = DIRECTION('',(1.,0.,0.));
#5486 = ORIENTED_EDGE('',*,*,#5487,.T.);
#5487 = EDGE_CURVE('',#5480,#5488,#5490,.T.);
#5488 = VERTEX_POINT('',#5489);
#5489 = CARTESIAN_POINT('',(25.978864,29.10305,-5.E-02));
#5490 = LINE('',#5491,#5492);
#5491 = CARTESIAN_POINT('',(25.919771,29.10016,-5.E-02));
#5492 = VECTOR('',#5493,1.);
#5493 = DIRECTION('',(0.998806244437,4.884758002509E-02,0.));
#5494 = ORIENTED_EDGE('',*,*,#5495,.T.);
#5495 = EDGE_CURVE('',#5488,#5496,#5498,.T.);
#5496 = VERTEX_POINT('',#5497);
#5497 = CARTESIAN_POINT('',(26.216832,29.341066,-5.E-02));
#5498 = CIRCLE('',#5499,0.302915881433);
#5499 = AXIS2_PLACEMENT_3D('',#5500,#5501,#5502);
#5500 = CARTESIAN_POINT('',(25.919731844725,29.400138235104,-5.E-02));
#5501 = DIRECTION('',(0.,0.,1.));
#5502 = DIRECTION('',(0.195209821931,-0.980761502824,0.));
#5503 = ORIENTED_EDGE('',*,*,#5504,.T.);
#5504 = EDGE_CURVE('',#5496,#5505,#5507,.T.);
#5505 = VERTEX_POINT('',#5506);
#5506 = CARTESIAN_POINT('',(26.219771,29.40016,-5.E-02));
#5507 = LINE('',#5508,#5509);
#5508 = CARTESIAN_POINT('',(26.216832,29.341066,-5.E-02));
#5509 = VECTOR('',#5510,1.);
#5510 = DIRECTION('',(4.967292647119E-02,0.99876553824,0.));
#5511 = ORIENTED_EDGE('',*,*,#5512,.T.);
#5512 = EDGE_CURVE('',#5505,#5513,#5515,.T.);
#5513 = VERTEX_POINT('',#5514);
#5514 = CARTESIAN_POINT('',(26.219771,41.55016,-5.E-02));
#5515 = LINE('',#5516,#5517);
#5516 = CARTESIAN_POINT('',(26.219771,29.40016,-5.E-02));
#5517 = VECTOR('',#5518,1.);
#5518 = DIRECTION('',(0.,1.,0.));
#5519 = ORIENTED_EDGE('',*,*,#5520,.T.);
#5520 = EDGE_CURVE('',#5513,#5395,#5521,.T.);
#5521 = LINE('',#5522,#5523);
#5522 = CARTESIAN_POINT('',(26.219771,41.55016,-5.E-02));
#5523 = VECTOR('',#5524,1.);
#5524 = DIRECTION('',(-4.87566847936E-02,0.99881068561,0.));
#5525 = FACE_BOUND('',#5526,.T.);
#5526 = EDGE_LOOP('',(#5527));
#5527 = ORIENTED_EDGE('',*,*,#5528,.T.);
#5528 = EDGE_CURVE('',#5529,#5529,#5531,.T.);
#5529 = VERTEX_POINT('',#5530);
#5530 = CARTESIAN_POINT('',(-27.1,56.5,-5.E-02));
#5531 = CIRCLE('',#5532,1.9);
#5532 = AXIS2_PLACEMENT_3D('',#5533,#5534,#5535);
#5533 = CARTESIAN_POINT('',(-29.,56.5,-5.E-02));
#5534 = DIRECTION('',(0.,0.,1.));
#5535 = DIRECTION('',(1.,0.,-0.));
#5536 = FACE_BOUND('',#5537,.T.);
#5537 = EDGE_LOOP('',(#5538));
#5538 = ORIENTED_EDGE('',*,*,#5539,.T.);
#5539 = EDGE_CURVE('',#5540,#5540,#5542,.T.);
#5540 = VERTEX_POINT('',#5541);
#5541 = CARTESIAN_POINT('',(30.9,56.5,-5.E-02));
#5542 = CIRCLE('',#5543,1.9);
#5543 = AXIS2_PLACEMENT_3D('',#5544,#5545,#5546);
#5544 = CARTESIAN_POINT('',(29.,56.5,-5.E-02));
#5545 = DIRECTION('',(0.,0.,1.));
#5546 = DIRECTION('',(1.,0.,-0.));
#5547 = PLANE('',#5548);
#5548 = AXIS2_PLACEMENT_3D('',#5549,#5550,#5551);
#5549 = CARTESIAN_POINT('',(0.,0.,-5.E-02));
#5550 = DIRECTION('',(-0.,-0.,-1.));
#5551 = DIRECTION('',(-1.,0.,0.));
#5552 = ( GEOMETRIC_REPRESENTATION_CONTEXT(3) 
GLOBAL_UNCERTAINTY_ASSIGNED_CONTEXT((#5556)) 
GLOBAL_UNIT_ASSIGNED_CONTEXT((#5553,#5554,#5555)) REPRESENTATION_CONTEXT
('Context #1','3D Context with UNIT and UNCERTAINTY') );
#5553 = ( LENGTH_UNIT() NAMED_UNIT(*) SI_UNIT(.MILLI.,.METRE.) );
#5554 = ( NAMED_UNIT(*) PLANE_ANGLE_UNIT() SI_UNIT($,.RADIAN.) );
#5555 = ( NAMED_UNIT(*) SI_UNIT($,.STERADIAN.) SOLID_ANGLE_UNIT() );
#5556 = UNCERTAINTY_MEASURE_WITH_UNIT(LENGTH_MEASURE(1.E-07),#5553,
  'distance_accuracy_value','confusion accuracy');
#5557 = CONTEXT_DEPENDENT_SHAPE_REPRESENTATION(#5558,#5560);
#5558 = ( REPRESENTATION_RELATIONSHIP('','',#1163,#10) 
REPRESENTATION_RELATIONSHIP_WITH_TRANSFORMATION(#5559) 
SHAPE_REPRESENTATION_RELATIONSHIP() );
#5559 = ITEM_DEFINED_TRANSFORMATION('','',#11,#19);
#5560 = PRODUCT_DEFINITION_SHAPE('Placement','Placement of an item',
  #5561);
#5561 = NEXT_ASSEMBLY_USAGE_OCCURRENCE('2','=>[0:1:1:3]','',#5,#1158,$);
#5562 = PRODUCT_RELATED_PRODUCT_CATEGORY('part',$,(#1160));
#5563 = SHAPE_DEFINITION_REPRESENTATION(#5564,#5570);
#5564 = PRODUCT_DEFINITION_SHAPE('','',#5565);
#5565 = PRODUCT_DEFINITION('design','',#5566,#5569);
#5566 = PRODUCT_DEFINITION_FORMATION('','',#5567);
#5567 = PRODUCT('top-plate_PCB','top-plate_PCB','',(#5568));
#5568 = PRODUCT_CONTEXT('',#2,'mechanical');
#5569 = PRODUCT_DEFINITION_CONTEXT('part definition',#2,'design');
#5570 = ADVANCED_BREP_SHAPE_REPRESENTATION('',(#11,#5571),#10153);
#5571 = MANIFOLD_SOLID_BREP('',#5572);
#5572 = CLOSED_SHELL('',(#5573,#5615,#5646,#5677,#6821,#7965,#7982,#7999
    ,#8016,#8033,#8050,#8067,#8084,#8101,#8118,#8135,#8152,#8169,#8181,
    #8198,#8220,#8237,#8254,#8271,#8288,#8305,#8322,#8334,#8356,#8373,
    #8390,#8407,#8424,#8441,#8458,#8470,#8492,#8509,#8526,#8543,#8560,
    #8577,#8594,#8606,#8628,#8645,#8662,#8679,#8696,#8713,#8730,#8742,
    #8764,#8781,#8798,#8815,#8832,#8849,#8866,#8878,#8900,#8917,#8934,
    #8951,#8968,#8985,#9002,#9014,#9031,#9053,#9070,#9087,#9104,#9121,
    #9138,#9155,#9167,#9189,#9206,#9223,#9240,#9257,#9274,#9291,#9303,
    #9325,#9342,#9359,#9376,#9393,#9410,#9427,#9439,#9461,#9478,#9495,
    #9512,#9529,#9546,#9563,#9575,#9597,#9614,#9631,#9648,#9665,#9682,
    #9699,#9711,#9728,#9750,#9767,#9784,#9801,#9818,#9835,#9852,#9864,
    #9886,#9903,#9920,#9937,#9954,#9971,#9988,#10000,#10022,#10039,
    #10056,#10073,#10090,#10107,#10124,#10136));
#5573 = ADVANCED_FACE('',(#5574),#5610,.T.);
#5574 = FACE_BOUND('',#5575,.T.);
#5575 = EDGE_LOOP('',(#5576,#5586,#5595,#5603));
#5576 = ORIENTED_EDGE('',*,*,#5577,.T.);
#5577 = EDGE_CURVE('',#5578,#5580,#5582,.T.);
#5578 = VERTEX_POINT('',#5579);
#5579 = CARTESIAN_POINT('',(29.,60.,0.));
#5580 = VERTEX_POINT('',#5581);
#5581 = CARTESIAN_POINT('',(29.,60.,1.51));
#5582 = LINE('',#5583,#5584);
#5583 = CARTESIAN_POINT('',(29.,60.,0.));
#5584 = VECTOR('',#5585,1.);
#5585 = DIRECTION('',(0.,0.,1.));
#5586 = ORIENTED_EDGE('',*,*,#5587,.T.);
#5587 = EDGE_CURVE('',#5580,#5588,#5590,.T.);
#5588 = VERTEX_POINT('',#5589);
#5589 = CARTESIAN_POINT('',(32.5,56.5,1.51));
#5590 = CIRCLE('',#5591,3.499976900212);
#5591 = AXIS2_PLACEMENT_3D('',#5592,#5593,#5594);
#5592 = CARTESIAN_POINT('',(29.000023099864,56.500023099864,1.51));
#5593 = DIRECTION('',(0.,0.,-1.));
#5594 = DIRECTION('',(-6.600004814736E-06,0.999999999978,0.));
#5595 = ORIENTED_EDGE('',*,*,#5596,.F.);
#5596 = EDGE_CURVE('',#5597,#5588,#5599,.T.);
#5597 = VERTEX_POINT('',#5598);
#5598 = CARTESIAN_POINT('',(32.5,56.5,0.));
#5599 = LINE('',#5600,#5601);
#5600 = CARTESIAN_POINT('',(32.5,56.5,0.));
#5601 = VECTOR('',#5602,1.);
#5602 = DIRECTION('',(0.,0.,1.));
#5603 = ORIENTED_EDGE('',*,*,#5604,.F.);
#5604 = EDGE_CURVE('',#5578,#5597,#5605,.T.);
#5605 = CIRCLE('',#5606,3.499976900212);
#5606 = AXIS2_PLACEMENT_3D('',#5607,#5608,#5609);
#5607 = CARTESIAN_POINT('',(29.000023099864,56.500023099864,0.));
#5608 = DIRECTION('',(0.,0.,-1.));
#5609 = DIRECTION('',(-6.600004814736E-06,0.999999999978,0.));
#5610 = CYLINDRICAL_SURFACE('',#5611,3.499976900212);
#5611 = AXIS2_PLACEMENT_3D('',#5612,#5613,#5614);
#5612 = CARTESIAN_POINT('',(29.000023099864,56.500023099864,0.));
#5613 = DIRECTION('',(0.,0.,-1.));
#5614 = DIRECTION('',(-6.600004814736E-06,0.999999999978,0.));
#5615 = ADVANCED_FACE('',(#5616),#5641,.T.);
#5616 = FACE_BOUND('',#5617,.T.);
#5617 = EDGE_LOOP('',(#5618,#5628,#5634,#5635));
#5618 = ORIENTED_EDGE('',*,*,#5619,.T.);
#5619 = EDGE_CURVE('',#5620,#5622,#5624,.T.);
#5620 = VERTEX_POINT('',#5621);
#5621 = CARTESIAN_POINT('',(-29.,60.,0.));
#5622 = VERTEX_POINT('',#5623);
#5623 = CARTESIAN_POINT('',(-29.,60.,1.51));
#5624 = LINE('',#5625,#5626);
#5625 = CARTESIAN_POINT('',(-29.,60.,0.));
#5626 = VECTOR('',#5627,1.);
#5627 = DIRECTION('',(0.,0.,1.));
#5628 = ORIENTED_EDGE('',*,*,#5629,.T.);
#5629 = EDGE_CURVE('',#5622,#5580,#5630,.T.);
#5630 = LINE('',#5631,#5632);
#5631 = CARTESIAN_POINT('',(-29.,60.,1.51));
#5632 = VECTOR('',#5633,1.);
#5633 = DIRECTION('',(1.,0.,0.));
#5634 = ORIENTED_EDGE('',*,*,#5577,.F.);
#5635 = ORIENTED_EDGE('',*,*,#5636,.F.);
#5636 = EDGE_CURVE('',#5620,#5578,#5637,.T.);
#5637 = LINE('',#5638,#5639);
#5638 = CARTESIAN_POINT('',(-29.,60.,0.));
#5639 = VECTOR('',#5640,1.);
#5640 = DIRECTION('',(1.,0.,0.));
#5641 = PLANE('',#5642);
#5642 = AXIS2_PLACEMENT_3D('',#5643,#5644,#5645);
#5643 = CARTESIAN_POINT('',(-29.,60.,0.));
#5644 = DIRECTION('',(0.,1.,0.));
#5645 = DIRECTION('',(1.,0.,0.));
#5646 = ADVANCED_FACE('',(#5647),#5672,.T.);
#5647 = FACE_BOUND('',#5648,.T.);
#5648 = EDGE_LOOP('',(#5649,#5650,#5658,#5666));
#5649 = ORIENTED_EDGE('',*,*,#5596,.T.);
#5650 = ORIENTED_EDGE('',*,*,#5651,.T.);
#5651 = EDGE_CURVE('',#5588,#5652,#5654,.T.);
#5652 = VERTEX_POINT('',#5653);
#5653 = CARTESIAN_POINT('',(32.5,-56.5,1.51));
#5654 = LINE('',#5655,#5656);
#5655 = CARTESIAN_POINT('',(32.5,56.5,1.51));
#5656 = VECTOR('',#5657,1.);
#5657 = DIRECTION('',(0.,-1.,0.));
#5658 = ORIENTED_EDGE('',*,*,#5659,.F.);
#5659 = EDGE_CURVE('',#5660,#5652,#5662,.T.);
#5660 = VERTEX_POINT('',#5661);
#5661 = CARTESIAN_POINT('',(32.5,-56.5,0.));
#5662 = LINE('',#5663,#5664);
#5663 = CARTESIAN_POINT('',(32.5,-56.5,0.));
#5664 = VECTOR('',#5665,1.);
#5665 = DIRECTION('',(0.,0.,1.));
#5666 = ORIENTED_EDGE('',*,*,#5667,.F.);
#5667 = EDGE_CURVE('',#5597,#5660,#5668,.T.);
#5668 = LINE('',#5669,#5670);
#5669 = CARTESIAN_POINT('',(32.5,56.5,0.));
#5670 = VECTOR('',#5671,1.);
#5671 = DIRECTION('',(0.,-1.,0.));
#5672 = PLANE('',#5673);
#5673 = AXIS2_PLACEMENT_3D('',#5674,#5675,#5676);
#5674 = CARTESIAN_POINT('',(32.5,56.5,0.));
#5675 = DIRECTION('',(1.,0.,-0.));
#5676 = DIRECTION('',(0.,-1.,0.));
#5677 = ADVANCED_FACE('',(#5678,#5792,#5803,#5873,#5943,#6013,#6083,
    #6153,#6223,#6234,#6304,#6374,#6444,#6514,#6584,#6595,#6665,#6735,
    #6805),#6816,.F.);
#5678 = FACE_BOUND('',#5679,.F.);
#5679 = EDGE_LOOP('',(#5680,#5681,#5682,#5691,#5699,#5708,#5716,#5725,
    #5733,#5742,#5750,#5759,#5767,#5776,#5784,#5791));
#5680 = ORIENTED_EDGE('',*,*,#5604,.F.);
#5681 = ORIENTED_EDGE('',*,*,#5636,.F.);
#5682 = ORIENTED_EDGE('',*,*,#5683,.F.);
#5683 = EDGE_CURVE('',#5684,#5620,#5686,.T.);
#5684 = VERTEX_POINT('',#5685);
#5685 = CARTESIAN_POINT('',(-32.5,56.5,0.));
#5686 = CIRCLE('',#5687,3.499999092342);
#5687 = AXIS2_PLACEMENT_3D('',#5688,#5689,#5690);
#5688 = CARTESIAN_POINT('',(-29.00000090765,56.500000907658,0.));
#5689 = DIRECTION('',(0.,0.,-1.));
#5690 = DIRECTION('',(-1.,-2.593310478154E-07,-0.));
#5691 = ORIENTED_EDGE('',*,*,#5692,.F.);
#5692 = EDGE_CURVE('',#5693,#5684,#5695,.T.);
#5693 = VERTEX_POINT('',#5694);
#5694 = CARTESIAN_POINT('',(-32.5,52.17884,0.));
#5695 = LINE('',#5696,#5697);
#5696 = CARTESIAN_POINT('',(-32.5,52.17884,0.));
#5697 = VECTOR('',#5698,1.);
#5698 = DIRECTION('',(0.,1.,0.));
#5699 = ORIENTED_EDGE('',*,*,#5700,.F.);
#5700 = EDGE_CURVE('',#5701,#5693,#5703,.T.);
#5701 = VERTEX_POINT('',#5702);
#5702 = CARTESIAN_POINT('',(-32.2,51.87884,0.));
#5703 = CIRCLE('',#5704,0.30005134537);
#5704 = AXIS2_PLACEMENT_3D('',#5705,#5706,#5707);
#5705 = CARTESIAN_POINT('',(-32.19994865902,52.178891340978,0.));
#5706 = DIRECTION('',(0.,0.,-1.));
#5707 = DIRECTION('',(-1.711073065099E-04,-0.999999985361,-0.));
#5708 = ORIENTED_EDGE('',*,*,#5709,.F.);
#5709 = EDGE_CURVE('',#5710,#5701,#5712,.T.);
#5710 = VERTEX_POINT('',#5711);
#5711 = CARTESIAN_POINT('',(-24.93977,51.87884,0.));
#5712 = LINE('',#5713,#5714);
#5713 = CARTESIAN_POINT('',(-24.93977,51.87884,0.));
#5714 = VECTOR('',#5715,1.);
#5715 = DIRECTION('',(-1.,0.,0.));
#5716 = ORIENTED_EDGE('',*,*,#5717,.F.);
#5717 = EDGE_CURVE('',#5718,#5710,#5720,.T.);
#5718 = VERTEX_POINT('',#5719);
#5719 = CARTESIAN_POINT('',(-24.63977,51.57884,0.));
#5720 = CIRCLE('',#5721,0.300000117299);
#5721 = AXIS2_PLACEMENT_3D('',#5722,#5723,#5724);
#5722 = CARTESIAN_POINT('',(-24.93977011729,51.578839882701,0.));
#5723 = DIRECTION('',(0.,0.,1.));
#5724 = DIRECTION('',(1.,3.909953616065E-07,-0.));
#5725 = ORIENTED_EDGE('',*,*,#5726,.F.);
#5726 = EDGE_CURVE('',#5727,#5718,#5729,.T.);
#5727 = VERTEX_POINT('',#5728);
#5728 = CARTESIAN_POINT('',(-24.63977,43.17884,0.));
#5729 = LINE('',#5730,#5731);
#5730 = CARTESIAN_POINT('',(-24.63977,43.17884,0.));
#5731 = VECTOR('',#5732,1.);
#5732 = DIRECTION('',(0.,1.,0.));
#5733 = ORIENTED_EDGE('',*,*,#5734,.F.);
#5734 = EDGE_CURVE('',#5735,#5727,#5737,.T.);
#5735 = VERTEX_POINT('',#5736);
#5736 = CARTESIAN_POINT('',(-24.93977,42.87884,0.));
#5737 = CIRCLE('',#5738,0.300000117299);
#5738 = AXIS2_PLACEMENT_3D('',#5739,#5740,#5741);
#5739 = CARTESIAN_POINT('',(-24.93977011729,43.178840117299,0.));
#5740 = DIRECTION('',(0.,0.,1.));
#5741 = DIRECTION('',(3.909953497641E-07,-1.,0.));
#5742 = ORIENTED_EDGE('',*,*,#5743,.F.);
#5743 = EDGE_CURVE('',#5744,#5735,#5746,.T.);
#5744 = VERTEX_POINT('',#5745);
#5745 = CARTESIAN_POINT('',(-32.2,42.87884,0.));
#5746 = LINE('',#5747,#5748);
#5747 = CARTESIAN_POINT('',(-32.2,42.87884,0.));
#5748 = VECTOR('',#5749,1.);
#5749 = DIRECTION('',(1.,0.,0.));
#5750 = ORIENTED_EDGE('',*,*,#5751,.F.);
#5751 = EDGE_CURVE('',#5752,#5744,#5754,.T.);
#5752 = VERTEX_POINT('',#5753);
#5753 = CARTESIAN_POINT('',(-32.5,42.57884,0.));
#5754 = CIRCLE('',#5755,0.300000117299);
#5755 = AXIS2_PLACEMENT_3D('',#5756,#5757,#5758);
#5756 = CARTESIAN_POINT('',(-32.1999998827,42.578839882701,0.));
#5757 = DIRECTION('',(0.,0.,-1.));
#5758 = DIRECTION('',(-1.,3.909953852912E-07,0.));
#5759 = ORIENTED_EDGE('',*,*,#5760,.F.);
#5760 = EDGE_CURVE('',#5761,#5752,#5763,.T.);
#5761 = VERTEX_POINT('',#5762);
#5762 = CARTESIAN_POINT('',(-32.5,-56.5,0.));
#5763 = LINE('',#5764,#5765);
#5764 = CARTESIAN_POINT('',(-32.5,-56.5,0.));
#5765 = VECTOR('',#5766,1.);
#5766 = DIRECTION('',(0.,1.,0.));
#5767 = ORIENTED_EDGE('',*,*,#5768,.F.);
#5768 = EDGE_CURVE('',#5769,#5761,#5771,.T.);
#5769 = VERTEX_POINT('',#5770);
#5770 = CARTESIAN_POINT('',(-29.,-60.,0.));
#5771 = CIRCLE('',#5772,3.499999092342);
#5772 = AXIS2_PLACEMENT_3D('',#5773,#5774,#5775);
#5773 = CARTESIAN_POINT('',(-29.00000090765,-56.50000090765,0.));
#5774 = DIRECTION('',(0.,0.,-1.));
#5775 = DIRECTION('',(2.593310488305E-07,-1.,0.));
#5776 = ORIENTED_EDGE('',*,*,#5777,.F.);
#5777 = EDGE_CURVE('',#5778,#5769,#5780,.T.);
#5778 = VERTEX_POINT('',#5779);
#5779 = CARTESIAN_POINT('',(29.,-60.,0.));
#5780 = LINE('',#5781,#5782);
#5781 = CARTESIAN_POINT('',(29.,-60.,0.));
#5782 = VECTOR('',#5783,1.);
#5783 = DIRECTION('',(-1.,0.,0.));
#5784 = ORIENTED_EDGE('',*,*,#5785,.F.);
#5785 = EDGE_CURVE('',#5660,#5778,#5786,.T.);
#5786 = CIRCLE('',#5787,3.499999092342);
#5787 = AXIS2_PLACEMENT_3D('',#5788,#5789,#5790);
#5788 = CARTESIAN_POINT('',(29.000000907658,-56.50000090765,0.));
#5789 = DIRECTION('',(0.,0.,-1.));
#5790 = DIRECTION('',(1.,2.593310478154E-07,0.));
#5791 = ORIENTED_EDGE('',*,*,#5667,.F.);
#5792 = FACE_BOUND('',#5793,.F.);
#5793 = EDGE_LOOP('',(#5794));
#5794 = ORIENTED_EDGE('',*,*,#5795,.T.);
#5795 = EDGE_CURVE('',#5796,#5796,#5798,.T.);
#5796 = VERTEX_POINT('',#5797);
#5797 = CARTESIAN_POINT('',(-29.,-57.6,0.));
#5798 = CIRCLE('',#5799,1.1);
#5799 = AXIS2_PLACEMENT_3D('',#5800,#5801,#5802);
#5800 = CARTESIAN_POINT('',(-29.,-56.5,0.));
#5801 = DIRECTION('',(-0.,0.,-1.));
#5802 = DIRECTION('',(-0.,-1.,0.));
#5803 = FACE_BOUND('',#5804,.F.);
#5804 = EDGE_LOOP('',(#5805,#5816,#5824,#5833,#5841,#5850,#5858,#5867));
#5805 = ORIENTED_EDGE('',*,*,#5806,.F.);
#5806 = EDGE_CURVE('',#5807,#5809,#5811,.T.);
#5807 = VERTEX_POINT('',#5808);
#5808 = CARTESIAN_POINT('',(-26.180229,-32.38734,0.));
#5809 = VERTEX_POINT('',#5810);
#5810 = CARTESIAN_POINT('',(-26.480229,-32.68734,0.));
#5811 = CIRCLE('',#5812,0.300063302461);
#5812 = AXIS2_PLACEMENT_3D('',#5813,#5814,#5815);
#5813 = CARTESIAN_POINT('',(-26.18016570421,-32.68740329578,0.));
#5814 = DIRECTION('',(0.,0.,1.));
#5815 = DIRECTION('',(-2.109414400668E-04,0.999999977752,0.));
#5816 = ORIENTED_EDGE('',*,*,#5817,.F.);
#5817 = EDGE_CURVE('',#5818,#5807,#5820,.T.);
#5818 = VERTEX_POINT('',#5819);
#5819 = CARTESIAN_POINT('',(-12.780229,-32.38734,0.));
#5820 = LINE('',#5821,#5822);
#5821 = CARTESIAN_POINT('',(-12.780229,-32.38734,0.));
#5822 = VECTOR('',#5823,1.);
#5823 = DIRECTION('',(-1.,0.,0.));
#5824 = ORIENTED_EDGE('',*,*,#5825,.F.);
#5825 = EDGE_CURVE('',#5826,#5818,#5828,.T.);
#5826 = VERTEX_POINT('',#5827);
#5827 = CARTESIAN_POINT('',(-12.480229,-32.68734,0.));
#5828 = CIRCLE('',#5829,0.300000117299);
#5829 = AXIS2_PLACEMENT_3D('',#5830,#5831,#5832);
#5830 = CARTESIAN_POINT('',(-12.78022911729,-32.68734011729,0.));
#5831 = DIRECTION('',(0.,0.,1.));
#5832 = DIRECTION('',(1.,3.909953852912E-07,-0.));
#5833 = ORIENTED_EDGE('',*,*,#5834,.F.);
#5834 = EDGE_CURVE('',#5835,#5826,#5837,.T.);
#5835 = VERTEX_POINT('',#5836);
#5836 = CARTESIAN_POINT('',(-12.480229,-46.08734,0.));
#5837 = LINE('',#5838,#5839);
#5838 = CARTESIAN_POINT('',(-12.480229,-46.08734,0.));
#5839 = VECTOR('',#5840,1.);
#5840 = DIRECTION('',(0.,1.,0.));
#5841 = ORIENTED_EDGE('',*,*,#5842,.F.);
#5842 = EDGE_CURVE('',#5843,#5835,#5845,.T.);
#5843 = VERTEX_POINT('',#5844);
#5844 = CARTESIAN_POINT('',(-12.780229,-46.38734,0.));
#5845 = CIRCLE('',#5846,0.300000117299);
#5846 = AXIS2_PLACEMENT_3D('',#5847,#5848,#5849);
#5847 = CARTESIAN_POINT('',(-12.78022911729,-46.0873398827,0.));
#5848 = DIRECTION('',(0.,0.,1.));
#5849 = DIRECTION('',(3.909953675276E-07,-1.,0.));
#5850 = ORIENTED_EDGE('',*,*,#5851,.F.);
#5851 = EDGE_CURVE('',#5852,#5843,#5854,.T.);
#5852 = VERTEX_POINT('',#5853);
#5853 = CARTESIAN_POINT('',(-26.180229,-46.38734,0.));
#5854 = LINE('',#5855,#5856);
#5855 = CARTESIAN_POINT('',(-26.180229,-46.38734,0.));
#5856 = VECTOR('',#5857,1.);
#5857 = DIRECTION('',(1.,0.,0.));
#5858 = ORIENTED_EDGE('',*,*,#5859,.F.);
#5859 = EDGE_CURVE('',#5860,#5852,#5862,.T.);
#5860 = VERTEX_POINT('',#5861);
#5861 = CARTESIAN_POINT('',(-26.480229,-46.08734,0.));
#5862 = CIRCLE('',#5863,0.300000117299);
#5863 = AXIS2_PLACEMENT_3D('',#5864,#5865,#5866);
#5864 = CARTESIAN_POINT('',(-26.1802288827,-46.0873398827,0.));
#5865 = DIRECTION('',(0.,0.,1.));
#5866 = DIRECTION('',(-1.,-3.909953616065E-07,0.));
#5867 = ORIENTED_EDGE('',*,*,#5868,.F.);
#5868 = EDGE_CURVE('',#5809,#5860,#5869,.T.);
#5869 = LINE('',#5870,#5871);
#5870 = CARTESIAN_POINT('',(-26.480229,-32.68734,0.));
#5871 = VECTOR('',#5872,1.);
#5872 = DIRECTION('',(0.,-1.,0.));
#5873 = FACE_BOUND('',#5874,.F.);
#5874 = EDGE_LOOP('',(#5875,#5886,#5894,#5903,#5911,#5920,#5928,#5937));
#5875 = ORIENTED_EDGE('',*,*,#5876,.F.);
#5876 = EDGE_CURVE('',#5877,#5879,#5881,.T.);
#5877 = VERTEX_POINT('',#5878);
#5878 = CARTESIAN_POINT('',(-7.130229,-32.38734,0.));
#5879 = VERTEX_POINT('',#5880);
#5880 = CARTESIAN_POINT('',(-7.430229,-32.68734,0.));
#5881 = CIRCLE('',#5882,0.300000117299);
#5882 = AXIS2_PLACEMENT_3D('',#5883,#5884,#5885);
#5883 = CARTESIAN_POINT('',(-7.130228882701,-32.68734011729,0.));
#5884 = DIRECTION('',(0.,0.,1.));
#5885 = DIRECTION('',(-3.909953616065E-07,1.,0.));
#5886 = ORIENTED_EDGE('',*,*,#5887,.F.);
#5887 = EDGE_CURVE('',#5888,#5877,#5890,.T.);
#5888 = VERTEX_POINT('',#5889);
#5889 = CARTESIAN_POINT('',(6.269771,-32.38734,0.));
#5890 = LINE('',#5891,#5892);
#5891 = CARTESIAN_POINT('',(6.269771,-32.38734,0.));
#5892 = VECTOR('',#5893,1.);
#5893 = DIRECTION('',(-1.,0.,0.));
#5894 = ORIENTED_EDGE('',*,*,#5895,.F.);
#5895 = EDGE_CURVE('',#5896,#5888,#5898,.T.);
#5896 = VERTEX_POINT('',#5897);
#5897 = CARTESIAN_POINT('',(6.569771,-32.68734,0.));
#5898 = CIRCLE('',#5899,0.300000117299);
#5899 = AXIS2_PLACEMENT_3D('',#5900,#5901,#5902);
#5900 = CARTESIAN_POINT('',(6.269770882701,-32.68734011729,0.));
#5901 = DIRECTION('',(0.,0.,1.));
#5902 = DIRECTION('',(1.,3.909953852912E-07,-0.));
#5903 = ORIENTED_EDGE('',*,*,#5904,.F.);
#5904 = EDGE_CURVE('',#5905,#5896,#5907,.T.);
#5905 = VERTEX_POINT('',#5906);
#5906 = CARTESIAN_POINT('',(6.569771,-46.08734,0.));
#5907 = LINE('',#5908,#5909);
#5908 = CARTESIAN_POINT('',(6.569771,-46.08734,0.));
#5909 = VECTOR('',#5910,1.);
#5910 = DIRECTION('',(0.,1.,0.));
#5911 = ORIENTED_EDGE('',*,*,#5912,.F.);
#5912 = EDGE_CURVE('',#5913,#5905,#5915,.T.);
#5913 = VERTEX_POINT('',#5914);
#5914 = CARTESIAN_POINT('',(6.269771,-46.38734,0.));
#5915 = CIRCLE('',#5916,0.300000117299);
#5916 = AXIS2_PLACEMENT_3D('',#5917,#5918,#5919);
#5917 = CARTESIAN_POINT('',(6.269770882701,-46.0873398827,0.));
#5918 = DIRECTION('',(0.,0.,1.));
#5919 = DIRECTION('',(3.909953704882E-07,-1.,0.));
#5920 = ORIENTED_EDGE('',*,*,#5921,.F.);
#5921 = EDGE_CURVE('',#5922,#5913,#5924,.T.);
#5922 = VERTEX_POINT('',#5923);
#5923 = CARTESIAN_POINT('',(-7.130229,-46.38734,0.));
#5924 = LINE('',#5925,#5926);
#5925 = CARTESIAN_POINT('',(-7.130229,-46.38734,0.));
#5926 = VECTOR('',#5927,1.);
#5927 = DIRECTION('',(1.,0.,0.));
#5928 = ORIENTED_EDGE('',*,*,#5929,.F.);
#5929 = EDGE_CURVE('',#5930,#5922,#5932,.T.);
#5930 = VERTEX_POINT('',#5931);
#5931 = CARTESIAN_POINT('',(-7.430229,-46.08734,0.));
#5932 = CIRCLE('',#5933,0.299945506713);
#5933 = AXIS2_PLACEMENT_3D('',#5934,#5935,#5936);
#5934 = CARTESIAN_POINT('',(-7.130283498238,-46.08739449823,0.));
#5935 = DIRECTION('',(0.,0.,1.));
#5936 = DIRECTION('',(-0.999999983494,1.816937972131E-04,0.));
#5937 = ORIENTED_EDGE('',*,*,#5938,.F.);
#5938 = EDGE_CURVE('',#5879,#5930,#5939,.T.);
#5939 = LINE('',#5940,#5941);
#5940 = CARTESIAN_POINT('',(-7.430229,-32.68734,0.));
#5941 = VECTOR('',#5942,1.);
#5942 = DIRECTION('',(0.,-1.,0.));
#5943 = FACE_BOUND('',#5944,.F.);
#5944 = EDGE_LOOP('',(#5945,#5956,#5964,#5973,#5981,#5990,#5998,#6007));
#5945 = ORIENTED_EDGE('',*,*,#5946,.F.);
#5946 = EDGE_CURVE('',#5947,#5949,#5951,.T.);
#5947 = VERTEX_POINT('',#5948);
#5948 = CARTESIAN_POINT('',(-26.180229,-13.33734,0.));
#5949 = VERTEX_POINT('',#5950);
#5950 = CARTESIAN_POINT('',(-26.480229,-13.63734,0.));
#5951 = CIRCLE('',#5952,0.300000117299);
#5952 = AXIS2_PLACEMENT_3D('',#5953,#5954,#5955);
#5953 = CARTESIAN_POINT('',(-26.1802288827,-13.63734011729,0.));
#5954 = DIRECTION('',(0.,0.,1.));
#5955 = DIRECTION('',(-3.909953616065E-07,1.,0.));
#5956 = ORIENTED_EDGE('',*,*,#5957,.F.);
#5957 = EDGE_CURVE('',#5958,#5947,#5960,.T.);
#5958 = VERTEX_POINT('',#5959);
#5959 = CARTESIAN_POINT('',(-12.780229,-13.33734,0.));
#5960 = LINE('',#5961,#5962);
#5961 = CARTESIAN_POINT('',(-12.780229,-13.33734,0.));
#5962 = VECTOR('',#5963,1.);
#5963 = DIRECTION('',(-1.,0.,0.));
#5964 = ORIENTED_EDGE('',*,*,#5965,.F.);
#5965 = EDGE_CURVE('',#5966,#5958,#5968,.T.);
#5966 = VERTEX_POINT('',#5967);
#5967 = CARTESIAN_POINT('',(-12.480229,-13.63734,0.));
#5968 = CIRCLE('',#5969,0.300000117299);
#5969 = AXIS2_PLACEMENT_3D('',#5970,#5971,#5972);
#5970 = CARTESIAN_POINT('',(-12.78022911729,-13.63734011729,0.));
#5971 = DIRECTION('',(0.,0.,1.));
#5972 = DIRECTION('',(1.,3.909953616065E-07,-0.));
#5973 = ORIENTED_EDGE('',*,*,#5974,.F.);
#5974 = EDGE_CURVE('',#5975,#5966,#5977,.T.);
#5975 = VERTEX_POINT('',#5976);
#5976 = CARTESIAN_POINT('',(-12.480229,-27.03734,0.));
#5977 = LINE('',#5978,#5979);
#5978 = CARTESIAN_POINT('',(-12.480229,-27.03734,0.));
#5979 = VECTOR('',#5980,1.);
#5980 = DIRECTION('',(0.,1.,0.));
#5981 = ORIENTED_EDGE('',*,*,#5982,.F.);
#5982 = EDGE_CURVE('',#5983,#5975,#5985,.T.);
#5983 = VERTEX_POINT('',#5984);
#5984 = CARTESIAN_POINT('',(-12.780229,-27.33734,0.));
#5985 = CIRCLE('',#5986,0.299936976378);
#5986 = AXIS2_PLACEMENT_3D('',#5987,#5988,#5989);
#5987 = CARTESIAN_POINT('',(-12.78016596975,-27.03740303024,0.));
#5988 = DIRECTION('',(0.,0.,1.));
#5989 = DIRECTION('',(-2.101449640891E-04,-0.99999997792,0.));
#5990 = ORIENTED_EDGE('',*,*,#5991,.F.);
#5991 = EDGE_CURVE('',#5992,#5983,#5994,.T.);
#5992 = VERTEX_POINT('',#5993);
#5993 = CARTESIAN_POINT('',(-26.180229,-27.33734,0.));
#5994 = LINE('',#5995,#5996);
#5995 = CARTESIAN_POINT('',(-26.180229,-27.33734,0.));
#5996 = VECTOR('',#5997,1.);
#5997 = DIRECTION('',(1.,0.,0.));
#5998 = ORIENTED_EDGE('',*,*,#5999,.F.);
#5999 = EDGE_CURVE('',#6000,#5992,#6002,.T.);
#6000 = VERTEX_POINT('',#6001);
#6001 = CARTESIAN_POINT('',(-26.480229,-27.03734,0.));
#6002 = CIRCLE('',#6003,0.299945506713);
#6003 = AXIS2_PLACEMENT_3D('',#6004,#6005,#6006);
#6004 = CARTESIAN_POINT('',(-26.18028349823,-27.03739449823,0.));
#6005 = DIRECTION('',(0.,0.,1.));
#6006 = DIRECTION('',(-0.999999983494,1.816937972131E-04,0.));
#6007 = ORIENTED_EDGE('',*,*,#6008,.F.);
#6008 = EDGE_CURVE('',#5949,#6000,#6009,.T.);
#6009 = LINE('',#6010,#6011);
#6010 = CARTESIAN_POINT('',(-26.480229,-13.63734,0.));
#6011 = VECTOR('',#6012,1.);
#6012 = DIRECTION('',(0.,-1.,0.));
#6013 = FACE_BOUND('',#6014,.F.);
#6014 = EDGE_LOOP('',(#6015,#6026,#6034,#6043,#6051,#6060,#6068,#6077));
#6015 = ORIENTED_EDGE('',*,*,#6016,.F.);
#6016 = EDGE_CURVE('',#6017,#6019,#6021,.T.);
#6017 = VERTEX_POINT('',#6018);
#6018 = CARTESIAN_POINT('',(-26.180229,5.71266,0.));
#6019 = VERTEX_POINT('',#6020);
#6020 = CARTESIAN_POINT('',(-26.480229,5.41266,0.));
#6021 = CIRCLE('',#6022,0.300000117299);
#6022 = AXIS2_PLACEMENT_3D('',#6023,#6024,#6025);
#6023 = CARTESIAN_POINT('',(-26.1802288827,5.412659882701,0.));
#6024 = DIRECTION('',(0.,0.,1.));
#6025 = DIRECTION('',(-3.909953497641E-07,1.,0.));
#6026 = ORIENTED_EDGE('',*,*,#6027,.F.);
#6027 = EDGE_CURVE('',#6028,#6017,#6030,.T.);
#6028 = VERTEX_POINT('',#6029);
#6029 = CARTESIAN_POINT('',(-12.780229,5.71266,0.));
#6030 = LINE('',#6031,#6032);
#6031 = CARTESIAN_POINT('',(-12.780229,5.71266,0.));
#6032 = VECTOR('',#6033,1.);
#6033 = DIRECTION('',(-1.,0.,0.));
#6034 = ORIENTED_EDGE('',*,*,#6035,.F.);
#6035 = EDGE_CURVE('',#6036,#6028,#6038,.T.);
#6036 = VERTEX_POINT('',#6037);
#6037 = CARTESIAN_POINT('',(-12.480229,5.41266,0.));
#6038 = CIRCLE('',#6039,0.300054761701);
#6039 = AXIS2_PLACEMENT_3D('',#6040,#6041,#6042);
#6040 = CARTESIAN_POINT('',(-12.7802837567,5.412605243295,0.));
#6041 = DIRECTION('',(0.,0.,1.));
#6042 = DIRECTION('',(0.999999983349,1.824890392911E-04,-0.));
#6043 = ORIENTED_EDGE('',*,*,#6044,.F.);
#6044 = EDGE_CURVE('',#6045,#6036,#6047,.T.);
#6045 = VERTEX_POINT('',#6046);
#6046 = CARTESIAN_POINT('',(-12.480229,-7.98734,0.));
#6047 = LINE('',#6048,#6049);
#6048 = CARTESIAN_POINT('',(-12.480229,-7.98734,0.));
#6049 = VECTOR('',#6050,1.);
#6050 = DIRECTION('',(0.,1.,0.));
#6051 = ORIENTED_EDGE('',*,*,#6052,.F.);
#6052 = EDGE_CURVE('',#6053,#6045,#6055,.T.);
#6053 = VERTEX_POINT('',#6054);
#6054 = CARTESIAN_POINT('',(-12.780229,-8.28734,0.));
#6055 = CIRCLE('',#6056,0.300000117299);
#6056 = AXIS2_PLACEMENT_3D('',#6057,#6058,#6059);
#6057 = CARTESIAN_POINT('',(-12.78022911729,-7.987339882701,0.));
#6058 = DIRECTION('',(0.,0.,1.));
#6059 = DIRECTION('',(3.909953616065E-07,-1.,0.));
#6060 = ORIENTED_EDGE('',*,*,#6061,.F.);
#6061 = EDGE_CURVE('',#6062,#6053,#6064,.T.);
#6062 = VERTEX_POINT('',#6063);
#6063 = CARTESIAN_POINT('',(-26.180229,-8.28734,0.));
#6064 = LINE('',#6065,#6066);
#6065 = CARTESIAN_POINT('',(-26.180229,-8.28734,0.));
#6066 = VECTOR('',#6067,1.);
#6067 = DIRECTION('',(1.,0.,0.));
#6068 = ORIENTED_EDGE('',*,*,#6069,.F.);
#6069 = EDGE_CURVE('',#6070,#6062,#6072,.T.);
#6070 = VERTEX_POINT('',#6071);
#6071 = CARTESIAN_POINT('',(-26.480229,-7.98734,0.));
#6072 = CIRCLE('',#6073,0.300000117299);
#6073 = AXIS2_PLACEMENT_3D('',#6074,#6075,#6076);
#6074 = CARTESIAN_POINT('',(-26.1802288827,-7.987339882701,0.));
#6075 = DIRECTION('',(0.,0.,1.));
#6076 = DIRECTION('',(-1.,-3.909953616065E-07,0.));
#6077 = ORIENTED_EDGE('',*,*,#6078,.F.);
#6078 = EDGE_CURVE('',#6019,#6070,#6079,.T.);
#6079 = LINE('',#6080,#6081);
#6080 = CARTESIAN_POINT('',(-26.480229,5.41266,0.));
#6081 = VECTOR('',#6082,1.);
#6082 = DIRECTION('',(0.,-1.,0.));
#6083 = FACE_BOUND('',#6084,.F.);
#6084 = EDGE_LOOP('',(#6085,#6096,#6104,#6113,#6121,#6130,#6138,#6147));
#6085 = ORIENTED_EDGE('',*,*,#6086,.F.);
#6086 = EDGE_CURVE('',#6087,#6089,#6091,.T.);
#6087 = VERTEX_POINT('',#6088);
#6088 = CARTESIAN_POINT('',(-7.130229,-13.33734,0.));
#6089 = VERTEX_POINT('',#6090);
#6090 = CARTESIAN_POINT('',(-7.430229,-13.63734,0.));
#6091 = CIRCLE('',#6092,0.300063302461);
#6092 = AXIS2_PLACEMENT_3D('',#6093,#6094,#6095);
#6093 = CARTESIAN_POINT('',(-7.130165704215,-13.63740329578,0.));
#6094 = DIRECTION('',(0.,0.,1.));
#6095 = DIRECTION('',(-2.109414400845E-04,0.999999977752,0.));
#6096 = ORIENTED_EDGE('',*,*,#6097,.F.);
#6097 = EDGE_CURVE('',#6098,#6087,#6100,.T.);
#6098 = VERTEX_POINT('',#6099);
#6099 = CARTESIAN_POINT('',(6.269771,-13.33734,0.));
#6100 = LINE('',#6101,#6102);
#6101 = CARTESIAN_POINT('',(6.269771,-13.33734,0.));
#6102 = VECTOR('',#6103,1.);
#6103 = DIRECTION('',(-1.,0.,0.));
#6104 = ORIENTED_EDGE('',*,*,#6105,.F.);
#6105 = EDGE_CURVE('',#6106,#6098,#6108,.T.);
#6106 = VERTEX_POINT('',#6107);
#6107 = CARTESIAN_POINT('',(6.569771,-13.63734,0.));
#6108 = CIRCLE('',#6109,0.300054761701);
#6109 = AXIS2_PLACEMENT_3D('',#6110,#6111,#6112);
#6110 = CARTESIAN_POINT('',(6.269716243295,-13.6373947567,0.));
#6111 = DIRECTION('',(0.,0.,1.));
#6112 = DIRECTION('',(0.999999983349,1.824890393E-04,-0.));
#6113 = ORIENTED_EDGE('',*,*,#6114,.F.);
#6114 = EDGE_CURVE('',#6115,#6106,#6117,.T.);
#6115 = VERTEX_POINT('',#6116);
#6116 = CARTESIAN_POINT('',(6.569771,-27.03734,0.));
#6117 = LINE('',#6118,#6119);
#6118 = CARTESIAN_POINT('',(6.569771,-27.03734,0.));
#6119 = VECTOR('',#6120,1.);
#6120 = DIRECTION('',(0.,1.,0.));
#6121 = ORIENTED_EDGE('',*,*,#6122,.F.);
#6122 = EDGE_CURVE('',#6123,#6115,#6125,.T.);
#6123 = VERTEX_POINT('',#6124);
#6124 = CARTESIAN_POINT('',(6.269771,-27.33734,0.));
#6125 = CIRCLE('',#6126,0.300000117299);
#6126 = AXIS2_PLACEMENT_3D('',#6127,#6128,#6129);
#6127 = CARTESIAN_POINT('',(6.269770882701,-27.0373398827,0.));
#6128 = DIRECTION('',(0.,0.,1.));
#6129 = DIRECTION('',(3.909953675276E-07,-1.,0.));
#6130 = ORIENTED_EDGE('',*,*,#6131,.F.);
#6131 = EDGE_CURVE('',#6132,#6123,#6134,.T.);
#6132 = VERTEX_POINT('',#6133);
#6133 = CARTESIAN_POINT('',(-7.130229,-27.33734,0.));
#6134 = LINE('',#6135,#6136);
#6135 = CARTESIAN_POINT('',(-7.130229,-27.33734,0.));
#6136 = VECTOR('',#6137,1.);
#6137 = DIRECTION('',(1.,0.,0.));
#6138 = ORIENTED_EDGE('',*,*,#6139,.F.);
#6139 = EDGE_CURVE('',#6140,#6132,#6142,.T.);
#6140 = VERTEX_POINT('',#6141);
#6141 = CARTESIAN_POINT('',(-7.430229,-27.03734,0.));
#6142 = CIRCLE('',#6143,0.300000117299);
#6143 = AXIS2_PLACEMENT_3D('',#6144,#6145,#6146);
#6144 = CARTESIAN_POINT('',(-7.130228882701,-27.0373398827,0.));
#6145 = DIRECTION('',(0.,0.,1.));
#6146 = DIRECTION('',(-1.,-3.909953616065E-07,0.));
#6147 = ORIENTED_EDGE('',*,*,#6148,.F.);
#6148 = EDGE_CURVE('',#6089,#6140,#6149,.T.);
#6149 = LINE('',#6150,#6151);
#6150 = CARTESIAN_POINT('',(-7.430229,-13.63734,0.));
#6151 = VECTOR('',#6152,1.);
#6152 = DIRECTION('',(0.,-1.,0.));
#6153 = FACE_BOUND('',#6154,.F.);
#6154 = EDGE_LOOP('',(#6155,#6166,#6174,#6183,#6191,#6200,#6208,#6217));
#6155 = ORIENTED_EDGE('',*,*,#6156,.F.);
#6156 = EDGE_CURVE('',#6157,#6159,#6161,.T.);
#6157 = VERTEX_POINT('',#6158);
#6158 = CARTESIAN_POINT('',(-7.130229,5.71266,0.));
#6159 = VERTEX_POINT('',#6160);
#6160 = CARTESIAN_POINT('',(-7.430229,5.41266,0.));
#6161 = CIRCLE('',#6162,0.300063302461);
#6162 = AXIS2_PLACEMENT_3D('',#6163,#6164,#6165);
#6163 = CARTESIAN_POINT('',(-7.130165704215,5.412596704215,0.));
#6164 = DIRECTION('',(0.,0.,1.));
#6165 = DIRECTION('',(-2.109414400727E-04,0.999999977752,0.));
#6166 = ORIENTED_EDGE('',*,*,#6167,.F.);
#6167 = EDGE_CURVE('',#6168,#6157,#6170,.T.);
#6168 = VERTEX_POINT('',#6169);
#6169 = CARTESIAN_POINT('',(6.269771,5.71266,0.));
#6170 = LINE('',#6171,#6172);
#6171 = CARTESIAN_POINT('',(6.269771,5.71266,0.));
#6172 = VECTOR('',#6173,1.);
#6173 = DIRECTION('',(-1.,0.,0.));
#6174 = ORIENTED_EDGE('',*,*,#6175,.F.);
#6175 = EDGE_CURVE('',#6176,#6168,#6178,.T.);
#6176 = VERTEX_POINT('',#6177);
#6177 = CARTESIAN_POINT('',(6.569771,5.41266,0.));
#6178 = CIRCLE('',#6179,0.300054761701);
#6179 = AXIS2_PLACEMENT_3D('',#6180,#6181,#6182);
#6180 = CARTESIAN_POINT('',(6.269716243295,5.412605243295,0.));
#6181 = DIRECTION('',(0.,0.,1.));
#6182 = DIRECTION('',(0.999999983349,1.824890392911E-04,-0.));
#6183 = ORIENTED_EDGE('',*,*,#6184,.F.);
#6184 = EDGE_CURVE('',#6185,#6176,#6187,.T.);
#6185 = VERTEX_POINT('',#6186);
#6186 = CARTESIAN_POINT('',(6.569771,-7.98734,0.));
#6187 = LINE('',#6188,#6189);
#6188 = CARTESIAN_POINT('',(6.569771,-7.98734,0.));
#6189 = VECTOR('',#6190,1.);
#6190 = DIRECTION('',(0.,1.,0.));
#6191 = ORIENTED_EDGE('',*,*,#6192,.F.);
#6192 = EDGE_CURVE('',#6193,#6185,#6195,.T.);
#6193 = VERTEX_POINT('',#6194);
#6194 = CARTESIAN_POINT('',(6.269771,-8.28734,0.));
#6195 = CIRCLE('',#6196,0.300000117299);
#6196 = AXIS2_PLACEMENT_3D('',#6197,#6198,#6199);
#6197 = CARTESIAN_POINT('',(6.269770882701,-7.987339882701,0.));
#6198 = DIRECTION('',(0.,0.,1.));
#6199 = DIRECTION('',(3.909953645671E-07,-1.,0.));
#6200 = ORIENTED_EDGE('',*,*,#6201,.F.);
#6201 = EDGE_CURVE('',#6202,#6193,#6204,.T.);
#6202 = VERTEX_POINT('',#6203);
#6203 = CARTESIAN_POINT('',(-7.130229,-8.28734,0.));
#6204 = LINE('',#6205,#6206);
#6205 = CARTESIAN_POINT('',(-7.130229,-8.28734,0.));
#6206 = VECTOR('',#6207,1.);
#6207 = DIRECTION('',(1.,0.,0.));
#6208 = ORIENTED_EDGE('',*,*,#6209,.F.);
#6209 = EDGE_CURVE('',#6210,#6202,#6212,.T.);
#6210 = VERTEX_POINT('',#6211);
#6211 = CARTESIAN_POINT('',(-7.430229,-7.98734,0.));
#6212 = CIRCLE('',#6213,0.299945506713);
#6213 = AXIS2_PLACEMENT_3D('',#6214,#6215,#6216);
#6214 = CARTESIAN_POINT('',(-7.130283498238,-7.987394498238,0.));
#6215 = DIRECTION('',(0.,0.,1.));
#6216 = DIRECTION('',(-0.999999983494,1.816937972309E-04,0.));
#6217 = ORIENTED_EDGE('',*,*,#6218,.F.);
#6218 = EDGE_CURVE('',#6159,#6210,#6219,.T.);
#6219 = LINE('',#6220,#6221);
#6220 = CARTESIAN_POINT('',(-7.430229,5.41266,0.));
#6221 = VECTOR('',#6222,1.);
#6222 = DIRECTION('',(0.,-1.,0.));
#6223 = FACE_BOUND('',#6224,.F.);
#6224 = EDGE_LOOP('',(#6225));
#6225 = ORIENTED_EDGE('',*,*,#6226,.T.);
#6226 = EDGE_CURVE('',#6227,#6227,#6229,.T.);
#6227 = VERTEX_POINT('',#6228);
#6228 = CARTESIAN_POINT('',(29.,-57.6,0.));
#6229 = CIRCLE('',#6230,1.1);
#6230 = AXIS2_PLACEMENT_3D('',#6231,#6232,#6233);
#6231 = CARTESIAN_POINT('',(29.,-56.5,0.));
#6232 = DIRECTION('',(-0.,0.,-1.));
#6233 = DIRECTION('',(-0.,-1.,0.));
#6234 = FACE_BOUND('',#6235,.F.);
#6235 = EDGE_LOOP('',(#6236,#6247,#6255,#6264,#6272,#6281,#6289,#6298));
#6236 = ORIENTED_EDGE('',*,*,#6237,.F.);
#6237 = EDGE_CURVE('',#6238,#6240,#6242,.T.);
#6238 = VERTEX_POINT('',#6239);
#6239 = CARTESIAN_POINT('',(11.919771,-32.38734,0.));
#6240 = VERTEX_POINT('',#6241);
#6241 = CARTESIAN_POINT('',(11.619771,-32.68734,0.));
#6242 = CIRCLE('',#6243,0.300063302461);
#6243 = AXIS2_PLACEMENT_3D('',#6244,#6245,#6246);
#6244 = CARTESIAN_POINT('',(11.919834295785,-32.68740329578,0.));
#6245 = DIRECTION('',(0.,0.,1.));
#6246 = DIRECTION('',(-2.109414400608E-04,0.999999977752,0.));
#6247 = ORIENTED_EDGE('',*,*,#6248,.F.);
#6248 = EDGE_CURVE('',#6249,#6238,#6251,.T.);
#6249 = VERTEX_POINT('',#6250);
#6250 = CARTESIAN_POINT('',(25.319771,-32.38734,0.));
#6251 = LINE('',#6252,#6253);
#6252 = CARTESIAN_POINT('',(25.319771,-32.38734,0.));
#6253 = VECTOR('',#6254,1.);
#6254 = DIRECTION('',(-1.,0.,0.));
#6255 = ORIENTED_EDGE('',*,*,#6256,.F.);
#6256 = EDGE_CURVE('',#6257,#6249,#6259,.T.);
#6257 = VERTEX_POINT('',#6258);
#6258 = CARTESIAN_POINT('',(25.619771,-32.68734,0.));
#6259 = CIRCLE('',#6260,0.300054761701);
#6260 = AXIS2_PLACEMENT_3D('',#6261,#6262,#6263);
#6261 = CARTESIAN_POINT('',(25.319716243295,-32.6873947567,0.));
#6262 = DIRECTION('',(0.,0.,1.));
#6263 = DIRECTION('',(0.999999983349,1.824890392644E-04,-0.));
#6264 = ORIENTED_EDGE('',*,*,#6265,.F.);
#6265 = EDGE_CURVE('',#6266,#6257,#6268,.T.);
#6266 = VERTEX_POINT('',#6267);
#6267 = CARTESIAN_POINT('',(25.619771,-46.08734,0.));
#6268 = LINE('',#6269,#6270);
#6269 = CARTESIAN_POINT('',(25.619771,-46.08734,0.));
#6270 = VECTOR('',#6271,1.);
#6271 = DIRECTION('',(0.,1.,0.));
#6272 = ORIENTED_EDGE('',*,*,#6273,.F.);
#6273 = EDGE_CURVE('',#6274,#6266,#6276,.T.);
#6274 = VERTEX_POINT('',#6275);
#6275 = CARTESIAN_POINT('',(25.319771,-46.38734,0.));
#6276 = CIRCLE('',#6277,0.299936976378);
#6277 = AXIS2_PLACEMENT_3D('',#6278,#6279,#6280);
#6278 = CARTESIAN_POINT('',(25.319834030245,-46.08740303024,0.));
#6279 = DIRECTION('',(0.,0.,1.));
#6280 = DIRECTION('',(-2.101449640654E-04,-0.99999997792,0.));
#6281 = ORIENTED_EDGE('',*,*,#6282,.F.);
#6282 = EDGE_CURVE('',#6283,#6274,#6285,.T.);
#6283 = VERTEX_POINT('',#6284);
#6284 = CARTESIAN_POINT('',(11.919771,-46.38734,0.));
#6285 = LINE('',#6286,#6287);
#6286 = CARTESIAN_POINT('',(11.919771,-46.38734,0.));
#6287 = VECTOR('',#6288,1.);
#6288 = DIRECTION('',(1.,0.,0.));
#6289 = ORIENTED_EDGE('',*,*,#6290,.F.);
#6290 = EDGE_CURVE('',#6291,#6283,#6293,.T.);
#6291 = VERTEX_POINT('',#6292);
#6292 = CARTESIAN_POINT('',(11.619771,-46.08734,0.));
#6293 = CIRCLE('',#6294,0.300000117299);
#6294 = AXIS2_PLACEMENT_3D('',#6295,#6296,#6297);
#6295 = CARTESIAN_POINT('',(11.919771117299,-46.0873398827,0.));
#6296 = DIRECTION('',(0.,0.,1.));
#6297 = DIRECTION('',(-1.,-3.909953616065E-07,0.));
#6298 = ORIENTED_EDGE('',*,*,#6299,.F.);
#6299 = EDGE_CURVE('',#6240,#6291,#6300,.T.);
#6300 = LINE('',#6301,#6302);
#6301 = CARTESIAN_POINT('',(11.619771,-32.68734,0.));
#6302 = VECTOR('',#6303,1.);
#6303 = DIRECTION('',(0.,-1.,0.));
#6304 = FACE_BOUND('',#6305,.F.);
#6305 = EDGE_LOOP('',(#6306,#6317,#6325,#6334,#6342,#6351,#6359,#6368));
#6306 = ORIENTED_EDGE('',*,*,#6307,.F.);
#6307 = EDGE_CURVE('',#6308,#6310,#6312,.T.);
#6308 = VERTEX_POINT('',#6309);
#6309 = CARTESIAN_POINT('',(11.919771,-13.33734,0.));
#6310 = VERTEX_POINT('',#6311);
#6311 = CARTESIAN_POINT('',(11.619771,-13.63734,0.));
#6312 = CIRCLE('',#6313,0.300000117299);
#6313 = AXIS2_PLACEMENT_3D('',#6314,#6315,#6316);
#6314 = CARTESIAN_POINT('',(11.919771117299,-13.63734011729,0.));
#6315 = DIRECTION('',(0.,0.,1.));
#6316 = DIRECTION('',(-3.909953616065E-07,1.,0.));
#6317 = ORIENTED_EDGE('',*,*,#6318,.F.);
#6318 = EDGE_CURVE('',#6319,#6308,#6321,.T.);
#6319 = VERTEX_POINT('',#6320);
#6320 = CARTESIAN_POINT('',(25.319771,-13.33734,0.));
#6321 = LINE('',#6322,#6323);
#6322 = CARTESIAN_POINT('',(25.319771,-13.33734,0.));
#6323 = VECTOR('',#6324,1.);
#6324 = DIRECTION('',(-1.,0.,0.));
#6325 = ORIENTED_EDGE('',*,*,#6326,.F.);
#6326 = EDGE_CURVE('',#6327,#6319,#6329,.T.);
#6327 = VERTEX_POINT('',#6328);
#6328 = CARTESIAN_POINT('',(25.619771,-13.63734,0.));
#6329 = CIRCLE('',#6330,0.300054761701);
#6330 = AXIS2_PLACEMENT_3D('',#6331,#6332,#6333);
#6331 = CARTESIAN_POINT('',(25.319716243295,-13.6373947567,0.));
#6332 = DIRECTION('',(0.,0.,1.));
#6333 = DIRECTION('',(0.999999983349,1.82489039294E-04,-0.));
#6334 = ORIENTED_EDGE('',*,*,#6335,.F.);
#6335 = EDGE_CURVE('',#6336,#6327,#6338,.T.);
#6336 = VERTEX_POINT('',#6337);
#6337 = CARTESIAN_POINT('',(25.619771,-27.03734,0.));
#6338 = LINE('',#6339,#6340);
#6339 = CARTESIAN_POINT('',(25.619771,-27.03734,0.));
#6340 = VECTOR('',#6341,1.);
#6341 = DIRECTION('',(0.,1.,0.));
#6342 = ORIENTED_EDGE('',*,*,#6343,.F.);
#6343 = EDGE_CURVE('',#6344,#6336,#6346,.T.);
#6344 = VERTEX_POINT('',#6345);
#6345 = CARTESIAN_POINT('',(25.319771,-27.33734,0.));
#6346 = CIRCLE('',#6347,0.300000117299);
#6347 = AXIS2_PLACEMENT_3D('',#6348,#6349,#6350);
#6348 = CARTESIAN_POINT('',(25.319770882701,-27.0373398827,0.));
#6349 = DIRECTION('',(0.,0.,1.));
#6350 = DIRECTION('',(3.909953616065E-07,-1.,0.));
#6351 = ORIENTED_EDGE('',*,*,#6352,.F.);
#6352 = EDGE_CURVE('',#6353,#6344,#6355,.T.);
#6353 = VERTEX_POINT('',#6354);
#6354 = CARTESIAN_POINT('',(11.919771,-27.33734,0.));
#6355 = LINE('',#6356,#6357);
#6356 = CARTESIAN_POINT('',(11.919771,-27.33734,0.));
#6357 = VECTOR('',#6358,1.);
#6358 = DIRECTION('',(1.,0.,0.));
#6359 = ORIENTED_EDGE('',*,*,#6360,.F.);
#6360 = EDGE_CURVE('',#6361,#6353,#6363,.T.);
#6361 = VERTEX_POINT('',#6362);
#6362 = CARTESIAN_POINT('',(11.619771,-27.03734,0.));
#6363 = CIRCLE('',#6364,0.299945506713);
#6364 = AXIS2_PLACEMENT_3D('',#6365,#6366,#6367);
#6365 = CARTESIAN_POINT('',(11.919716501762,-27.03739449823,0.));
#6366 = DIRECTION('',(0.,0.,1.));
#6367 = DIRECTION('',(-0.999999983494,1.81693797225E-04,0.));
#6368 = ORIENTED_EDGE('',*,*,#6369,.F.);
#6369 = EDGE_CURVE('',#6310,#6361,#6370,.T.);
#6370 = LINE('',#6371,#6372);
#6371 = CARTESIAN_POINT('',(11.619771,-13.63734,0.));
#6372 = VECTOR('',#6373,1.);
#6373 = DIRECTION('',(0.,-1.,0.));
#6374 = FACE_BOUND('',#6375,.F.);
#6375 = EDGE_LOOP('',(#6376,#6387,#6395,#6404,#6412,#6421,#6429,#6438));
#6376 = ORIENTED_EDGE('',*,*,#6377,.F.);
#6377 = EDGE_CURVE('',#6378,#6380,#6382,.T.);
#6378 = VERTEX_POINT('',#6379);
#6379 = CARTESIAN_POINT('',(11.919771,5.71266,0.));
#6380 = VERTEX_POINT('',#6381);
#6381 = CARTESIAN_POINT('',(11.619771,5.41266,0.));
#6382 = CIRCLE('',#6383,0.300063302461);
#6383 = AXIS2_PLACEMENT_3D('',#6384,#6385,#6386);
#6384 = CARTESIAN_POINT('',(11.919834295785,5.412596704215,0.));
#6385 = DIRECTION('',(0.,0.,1.));
#6386 = DIRECTION('',(-2.109414400727E-04,0.999999977752,0.));
#6387 = ORIENTED_EDGE('',*,*,#6388,.F.);
#6388 = EDGE_CURVE('',#6389,#6378,#6391,.T.);
#6389 = VERTEX_POINT('',#6390);
#6390 = CARTESIAN_POINT('',(25.319771,5.71266,0.));
#6391 = LINE('',#6392,#6393);
#6392 = CARTESIAN_POINT('',(25.319771,5.71266,0.));
#6393 = VECTOR('',#6394,1.);
#6394 = DIRECTION('',(-1.,0.,0.));
#6395 = ORIENTED_EDGE('',*,*,#6396,.F.);
#6396 = EDGE_CURVE('',#6397,#6389,#6399,.T.);
#6397 = VERTEX_POINT('',#6398);
#6398 = CARTESIAN_POINT('',(25.619771,5.41266,0.));
#6399 = CIRCLE('',#6400,0.300054761701);
#6400 = AXIS2_PLACEMENT_3D('',#6401,#6402,#6403);
#6401 = CARTESIAN_POINT('',(25.319716243295,5.412605243295,0.));
#6402 = DIRECTION('',(0.,0.,1.));
#6403 = DIRECTION('',(0.999999983349,1.824890392822E-04,-0.));
#6404 = ORIENTED_EDGE('',*,*,#6405,.F.);
#6405 = EDGE_CURVE('',#6406,#6397,#6408,.T.);
#6406 = VERTEX_POINT('',#6407);
#6407 = CARTESIAN_POINT('',(25.619771,-7.98734,0.));
#6408 = LINE('',#6409,#6410);
#6409 = CARTESIAN_POINT('',(25.619771,-7.98734,0.));
#6410 = VECTOR('',#6411,1.);
#6411 = DIRECTION('',(0.,1.,0.));
#6412 = ORIENTED_EDGE('',*,*,#6413,.F.);
#6413 = EDGE_CURVE('',#6414,#6406,#6416,.T.);
#6414 = VERTEX_POINT('',#6415);
#6415 = CARTESIAN_POINT('',(25.319771,-8.28734,0.));
#6416 = CIRCLE('',#6417,0.300000117299);
#6417 = AXIS2_PLACEMENT_3D('',#6418,#6419,#6420);
#6418 = CARTESIAN_POINT('',(25.319770882701,-7.987339882701,0.));
#6419 = DIRECTION('',(0.,0.,1.));
#6420 = DIRECTION('',(3.909953616065E-07,-1.,0.));
#6421 = ORIENTED_EDGE('',*,*,#6422,.F.);
#6422 = EDGE_CURVE('',#6423,#6414,#6425,.T.);
#6423 = VERTEX_POINT('',#6424);
#6424 = CARTESIAN_POINT('',(11.919771,-8.28734,0.));
#6425 = LINE('',#6426,#6427);
#6426 = CARTESIAN_POINT('',(11.919771,-8.28734,0.));
#6427 = VECTOR('',#6428,1.);
#6428 = DIRECTION('',(1.,0.,0.));
#6429 = ORIENTED_EDGE('',*,*,#6430,.F.);
#6430 = EDGE_CURVE('',#6431,#6423,#6433,.T.);
#6431 = VERTEX_POINT('',#6432);
#6432 = CARTESIAN_POINT('',(11.619771,-7.98734,0.));
#6433 = CIRCLE('',#6434,0.299945506713);
#6434 = AXIS2_PLACEMENT_3D('',#6435,#6436,#6437);
#6435 = CARTESIAN_POINT('',(11.919716501762,-7.987394498238,0.));
#6436 = DIRECTION('',(0.,0.,1.));
#6437 = DIRECTION('',(-0.999999983494,1.81693797222E-04,0.));
#6438 = ORIENTED_EDGE('',*,*,#6439,.F.);
#6439 = EDGE_CURVE('',#6380,#6431,#6440,.T.);
#6440 = LINE('',#6441,#6442);
#6441 = CARTESIAN_POINT('',(11.619771,5.41266,0.));
#6442 = VECTOR('',#6443,1.);
#6443 = DIRECTION('',(0.,-1.,0.));
#6444 = FACE_BOUND('',#6445,.F.);
#6445 = EDGE_LOOP('',(#6446,#6457,#6465,#6474,#6482,#6491,#6499,#6508));
#6446 = ORIENTED_EDGE('',*,*,#6447,.F.);
#6447 = EDGE_CURVE('',#6448,#6450,#6452,.T.);
#6448 = VERTEX_POINT('',#6449);
#6449 = CARTESIAN_POINT('',(-26.180229,24.76266,0.));
#6450 = VERTEX_POINT('',#6451);
#6451 = CARTESIAN_POINT('',(-26.480229,24.46266,0.));
#6452 = CIRCLE('',#6453,0.300063302461);
#6453 = AXIS2_PLACEMENT_3D('',#6454,#6455,#6456);
#6454 = CARTESIAN_POINT('',(-26.18016570421,24.462596704215,0.));
#6455 = DIRECTION('',(0.,0.,1.));
#6456 = DIRECTION('',(-2.109414400786E-04,0.999999977752,0.));
#6457 = ORIENTED_EDGE('',*,*,#6458,.F.);
#6458 = EDGE_CURVE('',#6459,#6448,#6461,.T.);
#6459 = VERTEX_POINT('',#6460);
#6460 = CARTESIAN_POINT('',(-12.780229,24.76266,0.));
#6461 = LINE('',#6462,#6463);
#6462 = CARTESIAN_POINT('',(-12.780229,24.76266,0.));
#6463 = VECTOR('',#6464,1.);
#6464 = DIRECTION('',(-1.,0.,0.));
#6465 = ORIENTED_EDGE('',*,*,#6466,.F.);
#6466 = EDGE_CURVE('',#6467,#6459,#6469,.T.);
#6467 = VERTEX_POINT('',#6468);
#6468 = CARTESIAN_POINT('',(-12.480229,24.46266,0.));
#6469 = CIRCLE('',#6470,0.300054761701);
#6470 = AXIS2_PLACEMENT_3D('',#6471,#6472,#6473);
#6471 = CARTESIAN_POINT('',(-12.7802837567,24.462605243295,0.));
#6472 = DIRECTION('',(0.,0.,1.));
#6473 = DIRECTION('',(0.999999983349,1.824890392881E-04,-0.));
#6474 = ORIENTED_EDGE('',*,*,#6475,.F.);
#6475 = EDGE_CURVE('',#6476,#6467,#6478,.T.);
#6476 = VERTEX_POINT('',#6477);
#6477 = CARTESIAN_POINT('',(-12.480229,11.06266,0.));
#6478 = LINE('',#6479,#6480);
#6479 = CARTESIAN_POINT('',(-12.480229,11.06266,0.));
#6480 = VECTOR('',#6481,1.);
#6481 = DIRECTION('',(0.,1.,0.));
#6482 = ORIENTED_EDGE('',*,*,#6483,.F.);
#6483 = EDGE_CURVE('',#6484,#6476,#6486,.T.);
#6484 = VERTEX_POINT('',#6485);
#6485 = CARTESIAN_POINT('',(-12.780229,10.76266,0.));
#6486 = CIRCLE('',#6487,0.300000117299);
#6487 = AXIS2_PLACEMENT_3D('',#6488,#6489,#6490);
#6488 = CARTESIAN_POINT('',(-12.78022911729,11.062660117299,0.));
#6489 = DIRECTION('',(0.,0.,1.));
#6490 = DIRECTION('',(3.909953616065E-07,-1.,0.));
#6491 = ORIENTED_EDGE('',*,*,#6492,.F.);
#6492 = EDGE_CURVE('',#6493,#6484,#6495,.T.);
#6493 = VERTEX_POINT('',#6494);
#6494 = CARTESIAN_POINT('',(-26.180229,10.76266,0.));
#6495 = LINE('',#6496,#6497);
#6496 = CARTESIAN_POINT('',(-26.180229,10.76266,0.));
#6497 = VECTOR('',#6498,1.);
#6498 = DIRECTION('',(1.,0.,0.));
#6499 = ORIENTED_EDGE('',*,*,#6500,.F.);
#6500 = EDGE_CURVE('',#6501,#6493,#6503,.T.);
#6501 = VERTEX_POINT('',#6502);
#6502 = CARTESIAN_POINT('',(-26.480229,11.06266,0.));
#6503 = CIRCLE('',#6504,0.300000117299);
#6504 = AXIS2_PLACEMENT_3D('',#6505,#6506,#6507);
#6505 = CARTESIAN_POINT('',(-26.1802288827,11.062660117299,0.));
#6506 = DIRECTION('',(0.,0.,1.));
#6507 = DIRECTION('',(-1.,-3.909953616065E-07,0.));
#6508 = ORIENTED_EDGE('',*,*,#6509,.F.);
#6509 = EDGE_CURVE('',#6450,#6501,#6510,.T.);
#6510 = LINE('',#6511,#6512);
#6511 = CARTESIAN_POINT('',(-26.480229,24.46266,0.));
#6512 = VECTOR('',#6513,1.);
#6513 = DIRECTION('',(0.,-1.,0.));
#6514 = FACE_BOUND('',#6515,.F.);
#6515 = EDGE_LOOP('',(#6516,#6527,#6535,#6544,#6552,#6561,#6569,#6578));
#6516 = ORIENTED_EDGE('',*,*,#6517,.F.);
#6517 = EDGE_CURVE('',#6518,#6520,#6522,.T.);
#6518 = VERTEX_POINT('',#6519);
#6519 = CARTESIAN_POINT('',(-7.130229,24.76266,0.));
#6520 = VERTEX_POINT('',#6521);
#6521 = CARTESIAN_POINT('',(-7.430229,24.46266,0.));
#6522 = CIRCLE('',#6523,0.300063302461);
#6523 = AXIS2_PLACEMENT_3D('',#6524,#6525,#6526);
#6524 = CARTESIAN_POINT('',(-7.130165704215,24.462596704215,0.));
#6525 = DIRECTION('',(0.,0.,1.));
#6526 = DIRECTION('',(-2.109414400757E-04,0.999999977752,0.));
#6527 = ORIENTED_EDGE('',*,*,#6528,.F.);
#6528 = EDGE_CURVE('',#6529,#6518,#6531,.T.);
#6529 = VERTEX_POINT('',#6530);
#6530 = CARTESIAN_POINT('',(6.269771,24.76266,0.));
#6531 = LINE('',#6532,#6533);
#6532 = CARTESIAN_POINT('',(6.269771,24.76266,0.));
#6533 = VECTOR('',#6534,1.);
#6534 = DIRECTION('',(-1.,0.,0.));
#6535 = ORIENTED_EDGE('',*,*,#6536,.F.);
#6536 = EDGE_CURVE('',#6537,#6529,#6539,.T.);
#6537 = VERTEX_POINT('',#6538);
#6538 = CARTESIAN_POINT('',(6.569771,24.46266,0.));
#6539 = CIRCLE('',#6540,0.300054761701);
#6540 = AXIS2_PLACEMENT_3D('',#6541,#6542,#6543);
#6541 = CARTESIAN_POINT('',(6.269716243295,24.462605243295,0.));
#6542 = DIRECTION('',(0.,0.,1.));
#6543 = DIRECTION('',(0.999999983349,1.824890392881E-04,-0.));
#6544 = ORIENTED_EDGE('',*,*,#6545,.F.);
#6545 = EDGE_CURVE('',#6546,#6537,#6548,.T.);
#6546 = VERTEX_POINT('',#6547);
#6547 = CARTESIAN_POINT('',(6.569771,11.06266,0.));
#6548 = LINE('',#6549,#6550);
#6549 = CARTESIAN_POINT('',(6.569771,11.06266,0.));
#6550 = VECTOR('',#6551,1.);
#6551 = DIRECTION('',(0.,1.,0.));
#6552 = ORIENTED_EDGE('',*,*,#6553,.F.);
#6553 = EDGE_CURVE('',#6554,#6546,#6556,.T.);
#6554 = VERTEX_POINT('',#6555);
#6555 = CARTESIAN_POINT('',(6.269771,10.76266,0.));
#6556 = CIRCLE('',#6557,0.300000117299);
#6557 = AXIS2_PLACEMENT_3D('',#6558,#6559,#6560);
#6558 = CARTESIAN_POINT('',(6.269770882701,11.062660117299,0.));
#6559 = DIRECTION('',(0.,0.,1.));
#6560 = DIRECTION('',(3.909953616065E-07,-1.,0.));
#6561 = ORIENTED_EDGE('',*,*,#6562,.F.);
#6562 = EDGE_CURVE('',#6563,#6554,#6565,.T.);
#6563 = VERTEX_POINT('',#6564);
#6564 = CARTESIAN_POINT('',(-7.130229,10.76266,0.));
#6565 = LINE('',#6566,#6567);
#6566 = CARTESIAN_POINT('',(-7.130229,10.76266,0.));
#6567 = VECTOR('',#6568,1.);
#6568 = DIRECTION('',(1.,0.,0.));
#6569 = ORIENTED_EDGE('',*,*,#6570,.F.);
#6570 = EDGE_CURVE('',#6571,#6563,#6573,.T.);
#6571 = VERTEX_POINT('',#6572);
#6572 = CARTESIAN_POINT('',(-7.430229,11.06266,0.));
#6573 = CIRCLE('',#6574,0.300000117299);
#6574 = AXIS2_PLACEMENT_3D('',#6575,#6576,#6577);
#6575 = CARTESIAN_POINT('',(-7.130228882701,11.062660117299,0.));
#6576 = DIRECTION('',(0.,0.,1.));
#6577 = DIRECTION('',(-1.,-3.909953616065E-07,0.));
#6578 = ORIENTED_EDGE('',*,*,#6579,.F.);
#6579 = EDGE_CURVE('',#6520,#6571,#6580,.T.);
#6580 = LINE('',#6581,#6582);
#6581 = CARTESIAN_POINT('',(-7.430229,24.46266,0.));
#6582 = VECTOR('',#6583,1.);
#6583 = DIRECTION('',(0.,-1.,0.));
#6584 = FACE_BOUND('',#6585,.F.);
#6585 = EDGE_LOOP('',(#6586));
#6586 = ORIENTED_EDGE('',*,*,#6587,.T.);
#6587 = EDGE_CURVE('',#6588,#6588,#6590,.T.);
#6588 = VERTEX_POINT('',#6589);
#6589 = CARTESIAN_POINT('',(-29.,55.4,0.));
#6590 = CIRCLE('',#6591,1.1);
#6591 = AXIS2_PLACEMENT_3D('',#6592,#6593,#6594);
#6592 = CARTESIAN_POINT('',(-29.,56.5,0.));
#6593 = DIRECTION('',(-0.,0.,-1.));
#6594 = DIRECTION('',(-0.,-1.,0.));
#6595 = FACE_BOUND('',#6596,.F.);
#6596 = EDGE_LOOP('',(#6597,#6608,#6616,#6625,#6633,#6642,#6650,#6659));
#6597 = ORIENTED_EDGE('',*,*,#6598,.F.);
#6598 = EDGE_CURVE('',#6599,#6601,#6603,.T.);
#6599 = VERTEX_POINT('',#6600);
#6600 = CARTESIAN_POINT('',(-28.83977,41.67884,0.));
#6601 = VERTEX_POINT('',#6602);
#6602 = CARTESIAN_POINT('',(-29.13977,41.37884,0.));
#6603 = CIRCLE('',#6604,0.300000117299);
#6604 = AXIS2_PLACEMENT_3D('',#6605,#6606,#6607);
#6605 = CARTESIAN_POINT('',(-28.8397698827,41.378839882701,0.));
#6606 = DIRECTION('',(0.,0.,1.));
#6607 = DIRECTION('',(-3.909953852912E-07,1.,0.));
#6608 = ORIENTED_EDGE('',*,*,#6609,.F.);
#6609 = EDGE_CURVE('',#6610,#6599,#6612,.T.);
#6610 = VERTEX_POINT('',#6611);
#6611 = CARTESIAN_POINT('',(9.56023,41.67884,0.));
#6612 = LINE('',#6613,#6614);
#6613 = CARTESIAN_POINT('',(9.56023,41.67884,0.));
#6614 = VECTOR('',#6615,1.);
#6615 = DIRECTION('',(-1.,0.,0.));
#6616 = ORIENTED_EDGE('',*,*,#6617,.F.);
#6617 = EDGE_CURVE('',#6618,#6610,#6620,.T.);
#6618 = VERTEX_POINT('',#6619);
#6619 = CARTESIAN_POINT('',(9.86023,41.37884,0.));
#6620 = CIRCLE('',#6621,0.300000117299);
#6621 = AXIS2_PLACEMENT_3D('',#6622,#6623,#6624);
#6622 = CARTESIAN_POINT('',(9.560229882701,41.378839882701,0.));
#6623 = DIRECTION('',(0.,0.,1.));
#6624 = DIRECTION('',(1.,3.909953616065E-07,-0.));
#6625 = ORIENTED_EDGE('',*,*,#6626,.F.);
#6626 = EDGE_CURVE('',#6627,#6618,#6629,.T.);
#6627 = VERTEX_POINT('',#6628);
#6628 = CARTESIAN_POINT('',(9.86023,28.97884,0.));
#6629 = LINE('',#6630,#6631);
#6630 = CARTESIAN_POINT('',(9.86023,28.97884,0.));
#6631 = VECTOR('',#6632,1.);
#6632 = DIRECTION('',(0.,1.,0.));
#6633 = ORIENTED_EDGE('',*,*,#6634,.F.);
#6634 = EDGE_CURVE('',#6635,#6627,#6637,.T.);
#6635 = VERTEX_POINT('',#6636);
#6636 = CARTESIAN_POINT('',(9.56023,28.67884,0.));
#6637 = CIRCLE('',#6638,0.300000117299);
#6638 = AXIS2_PLACEMENT_3D('',#6639,#6640,#6641);
#6639 = CARTESIAN_POINT('',(9.560229882701,28.978840117299,0.));
#6640 = DIRECTION('',(0.,0.,1.));
#6641 = DIRECTION('',(3.909953675276E-07,-1.,0.));
#6642 = ORIENTED_EDGE('',*,*,#6643,.F.);
#6643 = EDGE_CURVE('',#6644,#6635,#6646,.T.);
#6644 = VERTEX_POINT('',#6645);
#6645 = CARTESIAN_POINT('',(-28.83977,28.67884,0.));
#6646 = LINE('',#6647,#6648);
#6647 = CARTESIAN_POINT('',(-28.83977,28.67884,0.));
#6648 = VECTOR('',#6649,1.);
#6649 = DIRECTION('',(1.,0.,0.));
#6650 = ORIENTED_EDGE('',*,*,#6651,.F.);
#6651 = EDGE_CURVE('',#6652,#6644,#6654,.T.);
#6652 = VERTEX_POINT('',#6653);
#6653 = CARTESIAN_POINT('',(-29.13977,28.97884,0.));
#6654 = CIRCLE('',#6655,0.300000117299);
#6655 = AXIS2_PLACEMENT_3D('',#6656,#6657,#6658);
#6656 = CARTESIAN_POINT('',(-28.8397698827,28.978840117299,0.));
#6657 = DIRECTION('',(0.,0.,1.));
#6658 = DIRECTION('',(-1.,-3.909953616065E-07,0.));
#6659 = ORIENTED_EDGE('',*,*,#6660,.F.);
#6660 = EDGE_CURVE('',#6601,#6652,#6661,.T.);
#6661 = LINE('',#6662,#6663);
#6662 = CARTESIAN_POINT('',(-29.13977,41.37884,0.));
#6663 = VECTOR('',#6664,1.);
#6664 = DIRECTION('',(0.,-1.,0.));
#6665 = FACE_BOUND('',#6666,.F.);
#6666 = EDGE_LOOP('',(#6667,#6678,#6686,#6695,#6703,#6712,#6720,#6729));
#6667 = ORIENTED_EDGE('',*,*,#6668,.F.);
#6668 = EDGE_CURVE('',#6669,#6671,#6673,.T.);
#6669 = VERTEX_POINT('',#6670);
#6670 = CARTESIAN_POINT('',(11.919771,24.76266,0.));
#6671 = VERTEX_POINT('',#6672);
#6672 = CARTESIAN_POINT('',(11.619771,24.46266,0.));
#6673 = CIRCLE('',#6674,0.300063302461);
#6674 = AXIS2_PLACEMENT_3D('',#6675,#6676,#6677);
#6675 = CARTESIAN_POINT('',(11.919834295785,24.462596704215,0.));
#6676 = DIRECTION('',(0.,0.,1.));
#6677 = DIRECTION('',(-2.109414400727E-04,0.999999977752,0.));
#6678 = ORIENTED_EDGE('',*,*,#6679,.F.);
#6679 = EDGE_CURVE('',#6680,#6669,#6682,.T.);
#6680 = VERTEX_POINT('',#6681);
#6681 = CARTESIAN_POINT('',(25.319771,24.76266,0.));
#6682 = LINE('',#6683,#6684);
#6683 = CARTESIAN_POINT('',(25.319771,24.76266,0.));
#6684 = VECTOR('',#6685,1.);
#6685 = DIRECTION('',(-1.,0.,0.));
#6686 = ORIENTED_EDGE('',*,*,#6687,.F.);
#6687 = EDGE_CURVE('',#6688,#6680,#6690,.T.);
#6688 = VERTEX_POINT('',#6689);
#6689 = CARTESIAN_POINT('',(25.619771,24.46266,0.));
#6690 = CIRCLE('',#6691,0.300054761701);
#6691 = AXIS2_PLACEMENT_3D('',#6692,#6693,#6694);
#6692 = CARTESIAN_POINT('',(25.319716243295,24.462605243295,0.));
#6693 = DIRECTION('',(0.,0.,1.));
#6694 = DIRECTION('',(0.999999983349,1.824890392763E-04,-0.));
#6695 = ORIENTED_EDGE('',*,*,#6696,.F.);
#6696 = EDGE_CURVE('',#6697,#6688,#6699,.T.);
#6697 = VERTEX_POINT('',#6698);
#6698 = CARTESIAN_POINT('',(25.619771,11.06266,0.));
#6699 = LINE('',#6700,#6701);
#6700 = CARTESIAN_POINT('',(25.619771,11.06266,0.));
#6701 = VECTOR('',#6702,1.);
#6702 = DIRECTION('',(0.,1.,0.));
#6703 = ORIENTED_EDGE('',*,*,#6704,.F.);
#6704 = EDGE_CURVE('',#6705,#6697,#6707,.T.);
#6705 = VERTEX_POINT('',#6706);
#6706 = CARTESIAN_POINT('',(25.319771,10.76266,0.));
#6707 = CIRCLE('',#6708,0.299936976378);
#6708 = AXIS2_PLACEMENT_3D('',#6709,#6710,#6711);
#6709 = CARTESIAN_POINT('',(25.319834030245,11.062596969755,0.));
#6710 = DIRECTION('',(0.,0.,1.));
#6711 = DIRECTION('',(-2.101449640891E-04,-0.99999997792,0.));
#6712 = ORIENTED_EDGE('',*,*,#6713,.F.);
#6713 = EDGE_CURVE('',#6714,#6705,#6716,.T.);
#6714 = VERTEX_POINT('',#6715);
#6715 = CARTESIAN_POINT('',(11.919771,10.76266,0.));
#6716 = LINE('',#6717,#6718);
#6717 = CARTESIAN_POINT('',(11.919771,10.76266,0.));
#6718 = VECTOR('',#6719,1.);
#6719 = DIRECTION('',(1.,0.,0.));
#6720 = ORIENTED_EDGE('',*,*,#6721,.F.);
#6721 = EDGE_CURVE('',#6722,#6714,#6724,.T.);
#6722 = VERTEX_POINT('',#6723);
#6723 = CARTESIAN_POINT('',(11.619771,11.06266,0.));
#6724 = CIRCLE('',#6725,0.300000117299);
#6725 = AXIS2_PLACEMENT_3D('',#6726,#6727,#6728);
#6726 = CARTESIAN_POINT('',(11.919771117299,11.062660117299,0.));
#6727 = DIRECTION('',(0.,0.,1.));
#6728 = DIRECTION('',(-1.,-3.909953675276E-07,0.));
#6729 = ORIENTED_EDGE('',*,*,#6730,.F.);
#6730 = EDGE_CURVE('',#6671,#6722,#6731,.T.);
#6731 = LINE('',#6732,#6733);
#6732 = CARTESIAN_POINT('',(11.619771,24.46266,0.));
#6733 = VECTOR('',#6734,1.);
#6734 = DIRECTION('',(0.,-1.,0.));
#6735 = FACE_BOUND('',#6736,.F.);
#6736 = EDGE_LOOP('',(#6737,#6748,#6756,#6765,#6773,#6782,#6790,#6799));
#6737 = ORIENTED_EDGE('',*,*,#6738,.F.);
#6738 = EDGE_CURVE('',#6739,#6741,#6743,.T.);
#6739 = VERTEX_POINT('',#6740);
#6740 = CARTESIAN_POINT('',(14.019771,41.85016,0.));
#6741 = VERTEX_POINT('',#6742);
#6742 = CARTESIAN_POINT('',(13.719771,41.55016,0.));
#6743 = CIRCLE('',#6744,0.300063302461);
#6744 = AXIS2_PLACEMENT_3D('',#6745,#6746,#6747);
#6745 = CARTESIAN_POINT('',(14.019834295785,41.550096704215,0.));
#6746 = DIRECTION('',(0.,0.,1.));
#6747 = DIRECTION('',(-2.109414400964E-04,0.999999977752,0.));
#6748 = ORIENTED_EDGE('',*,*,#6749,.F.);
#6749 = EDGE_CURVE('',#6750,#6739,#6752,.T.);
#6750 = VERTEX_POINT('',#6751);
#6751 = CARTESIAN_POINT('',(25.919771,41.85016,0.));
#6752 = LINE('',#6753,#6754);
#6753 = CARTESIAN_POINT('',(25.919771,41.85016,0.));
#6754 = VECTOR('',#6755,1.);
#6755 = DIRECTION('',(-1.,0.,0.));
#6756 = ORIENTED_EDGE('',*,*,#6757,.F.);
#6757 = EDGE_CURVE('',#6758,#6750,#6760,.T.);
#6758 = VERTEX_POINT('',#6759);
#6759 = CARTESIAN_POINT('',(26.219771,41.55016,0.));
#6760 = CIRCLE('',#6761,0.300054761701);
#6761 = AXIS2_PLACEMENT_3D('',#6762,#6763,#6764);
#6762 = CARTESIAN_POINT('',(25.919716243295,41.550105243295,0.));
#6763 = DIRECTION('',(0.,0.,1.));
#6764 = DIRECTION('',(0.999999983349,1.824890393118E-04,-0.));
#6765 = ORIENTED_EDGE('',*,*,#6766,.F.);
#6766 = EDGE_CURVE('',#6767,#6758,#6769,.T.);
#6767 = VERTEX_POINT('',#6768);
#6768 = CARTESIAN_POINT('',(26.219771,29.40016,0.));
#6769 = LINE('',#6770,#6771);
#6770 = CARTESIAN_POINT('',(26.219771,29.40016,0.));
#6771 = VECTOR('',#6772,1.);
#6772 = DIRECTION('',(0.,1.,0.));
#6773 = ORIENTED_EDGE('',*,*,#6774,.F.);
#6774 = EDGE_CURVE('',#6775,#6767,#6777,.T.);
#6775 = VERTEX_POINT('',#6776);
#6776 = CARTESIAN_POINT('',(25.919771,29.10016,0.));
#6777 = CIRCLE('',#6778,0.300000117299);
#6778 = AXIS2_PLACEMENT_3D('',#6779,#6780,#6781);
#6779 = CARTESIAN_POINT('',(25.919770882701,29.400160117299,0.));
#6780 = DIRECTION('',(0.,0.,1.));
#6781 = DIRECTION('',(3.909953616065E-07,-1.,0.));
#6782 = ORIENTED_EDGE('',*,*,#6783,.F.);
#6783 = EDGE_CURVE('',#6784,#6775,#6786,.T.);
#6784 = VERTEX_POINT('',#6785);
#6785 = CARTESIAN_POINT('',(14.019771,29.10016,0.));
#6786 = LINE('',#6787,#6788);
#6787 = CARTESIAN_POINT('',(14.019771,29.10016,0.));
#6788 = VECTOR('',#6789,1.);
#6789 = DIRECTION('',(1.,0.,0.));
#6790 = ORIENTED_EDGE('',*,*,#6791,.F.);
#6791 = EDGE_CURVE('',#6792,#6784,#6794,.T.);
#6792 = VERTEX_POINT('',#6793);
#6793 = CARTESIAN_POINT('',(13.719771,29.40016,0.));
#6794 = CIRCLE('',#6795,0.300000117299);
#6795 = AXIS2_PLACEMENT_3D('',#6796,#6797,#6798);
#6796 = CARTESIAN_POINT('',(14.019771117299,29.400160117299,0.));
#6797 = DIRECTION('',(0.,0.,1.));
#6798 = DIRECTION('',(-1.,-3.909953734488E-07,0.));
#6799 = ORIENTED_EDGE('',*,*,#6800,.F.);
#6800 = EDGE_CURVE('',#6741,#6792,#6801,.T.);
#6801 = LINE('',#6802,#6803);
#6802 = CARTESIAN_POINT('',(13.719771,41.55016,0.));
#6803 = VECTOR('',#6804,1.);
#6804 = DIRECTION('',(0.,-1.,0.));
#6805 = FACE_BOUND('',#6806,.F.);
#6806 = EDGE_LOOP('',(#6807));
#6807 = ORIENTED_EDGE('',*,*,#6808,.T.);
#6808 = EDGE_CURVE('',#6809,#6809,#6811,.T.);
#6809 = VERTEX_POINT('',#6810);
#6810 = CARTESIAN_POINT('',(29.,55.4,0.));
#6811 = CIRCLE('',#6812,1.1);
#6812 = AXIS2_PLACEMENT_3D('',#6813,#6814,#6815);
#6813 = CARTESIAN_POINT('',(29.,56.5,0.));
#6814 = DIRECTION('',(-0.,0.,-1.));
#6815 = DIRECTION('',(-0.,-1.,0.));
#6816 = PLANE('',#6817);
#6817 = AXIS2_PLACEMENT_3D('',#6818,#6819,#6820);
#6818 = CARTESIAN_POINT('',(0.,0.,0.));
#6819 = DIRECTION('',(0.,0.,1.));
#6820 = DIRECTION('',(1.,0.,-0.));
#6821 = ADVANCED_FACE('',(#6822,#6936,#6947,#7017,#7087,#7157,#7227,
    #7297,#7367,#7378,#7448,#7518,#7588,#7658,#7728,#7739,#7809,#7879,
    #7949),#7960,.T.);
#6822 = FACE_BOUND('',#6823,.T.);
#6823 = EDGE_LOOP('',(#6824,#6825,#6826,#6835,#6843,#6852,#6860,#6869,
    #6877,#6886,#6894,#6903,#6911,#6920,#6928,#6935));
#6824 = ORIENTED_EDGE('',*,*,#5587,.F.);
#6825 = ORIENTED_EDGE('',*,*,#5629,.F.);
#6826 = ORIENTED_EDGE('',*,*,#6827,.F.);
#6827 = EDGE_CURVE('',#6828,#5622,#6830,.T.);
#6828 = VERTEX_POINT('',#6829);
#6829 = CARTESIAN_POINT('',(-32.5,56.5,1.51));
#6830 = CIRCLE('',#6831,3.499999092342);
#6831 = AXIS2_PLACEMENT_3D('',#6832,#6833,#6834);
#6832 = CARTESIAN_POINT('',(-29.00000090765,56.500000907658,1.51));
#6833 = DIRECTION('',(0.,0.,-1.));
#6834 = DIRECTION('',(-1.,-2.593310478154E-07,-0.));
#6835 = ORIENTED_EDGE('',*,*,#6836,.F.);
#6836 = EDGE_CURVE('',#6837,#6828,#6839,.T.);
#6837 = VERTEX_POINT('',#6838);
#6838 = CARTESIAN_POINT('',(-32.5,52.17884,1.51));
#6839 = LINE('',#6840,#6841);
#6840 = CARTESIAN_POINT('',(-32.5,52.17884,1.51));
#6841 = VECTOR('',#6842,1.);
#6842 = DIRECTION('',(0.,1.,0.));
#6843 = ORIENTED_EDGE('',*,*,#6844,.F.);
#6844 = EDGE_CURVE('',#6845,#6837,#6847,.T.);
#6845 = VERTEX_POINT('',#6846);
#6846 = CARTESIAN_POINT('',(-32.2,51.87884,1.51));
#6847 = CIRCLE('',#6848,0.30005134537);
#6848 = AXIS2_PLACEMENT_3D('',#6849,#6850,#6851);
#6849 = CARTESIAN_POINT('',(-32.19994865902,52.178891340978,1.51));
#6850 = DIRECTION('',(0.,0.,-1.));
#6851 = DIRECTION('',(-1.711073065099E-04,-0.999999985361,-0.));
#6852 = ORIENTED_EDGE('',*,*,#6853,.F.);
#6853 = EDGE_CURVE('',#6854,#6845,#6856,.T.);
#6854 = VERTEX_POINT('',#6855);
#6855 = CARTESIAN_POINT('',(-24.93977,51.87884,1.51));
#6856 = LINE('',#6857,#6858);
#6857 = CARTESIAN_POINT('',(-24.93977,51.87884,1.51));
#6858 = VECTOR('',#6859,1.);
#6859 = DIRECTION('',(-1.,0.,0.));
#6860 = ORIENTED_EDGE('',*,*,#6861,.F.);
#6861 = EDGE_CURVE('',#6862,#6854,#6864,.T.);
#6862 = VERTEX_POINT('',#6863);
#6863 = CARTESIAN_POINT('',(-24.63977,51.57884,1.51));
#6864 = CIRCLE('',#6865,0.300000117299);
#6865 = AXIS2_PLACEMENT_3D('',#6866,#6867,#6868);
#6866 = CARTESIAN_POINT('',(-24.93977011729,51.578839882701,1.51));
#6867 = DIRECTION('',(0.,0.,1.));
#6868 = DIRECTION('',(1.,3.909953616065E-07,-0.));
#6869 = ORIENTED_EDGE('',*,*,#6870,.F.);
#6870 = EDGE_CURVE('',#6871,#6862,#6873,.T.);
#6871 = VERTEX_POINT('',#6872);
#6872 = CARTESIAN_POINT('',(-24.63977,43.17884,1.51));
#6873 = LINE('',#6874,#6875);
#6874 = CARTESIAN_POINT('',(-24.63977,43.17884,1.51));
#6875 = VECTOR('',#6876,1.);
#6876 = DIRECTION('',(0.,1.,0.));
#6877 = ORIENTED_EDGE('',*,*,#6878,.F.);
#6878 = EDGE_CURVE('',#6879,#6871,#6881,.T.);
#6879 = VERTEX_POINT('',#6880);
#6880 = CARTESIAN_POINT('',(-24.93977,42.87884,1.51));
#6881 = CIRCLE('',#6882,0.300000117299);
#6882 = AXIS2_PLACEMENT_3D('',#6883,#6884,#6885);
#6883 = CARTESIAN_POINT('',(-24.93977011729,43.178840117299,1.51));
#6884 = DIRECTION('',(0.,0.,1.));
#6885 = DIRECTION('',(3.909953497641E-07,-1.,0.));
#6886 = ORIENTED_EDGE('',*,*,#6887,.F.);
#6887 = EDGE_CURVE('',#6888,#6879,#6890,.T.);
#6888 = VERTEX_POINT('',#6889);
#6889 = CARTESIAN_POINT('',(-32.2,42.87884,1.51));
#6890 = LINE('',#6891,#6892);
#6891 = CARTESIAN_POINT('',(-32.2,42.87884,1.51));
#6892 = VECTOR('',#6893,1.);
#6893 = DIRECTION('',(1.,0.,0.));
#6894 = ORIENTED_EDGE('',*,*,#6895,.F.);
#6895 = EDGE_CURVE('',#6896,#6888,#6898,.T.);
#6896 = VERTEX_POINT('',#6897);
#6897 = CARTESIAN_POINT('',(-32.5,42.57884,1.51));
#6898 = CIRCLE('',#6899,0.300000117299);
#6899 = AXIS2_PLACEMENT_3D('',#6900,#6901,#6902);
#6900 = CARTESIAN_POINT('',(-32.1999998827,42.578839882701,1.51));
#6901 = DIRECTION('',(0.,0.,-1.));
#6902 = DIRECTION('',(-1.,3.909953852912E-07,0.));
#6903 = ORIENTED_EDGE('',*,*,#6904,.F.);
#6904 = EDGE_CURVE('',#6905,#6896,#6907,.T.);
#6905 = VERTEX_POINT('',#6906);
#6906 = CARTESIAN_POINT('',(-32.5,-56.5,1.51));
#6907 = LINE('',#6908,#6909);
#6908 = CARTESIAN_POINT('',(-32.5,-56.5,1.51));
#6909 = VECTOR('',#6910,1.);
#6910 = DIRECTION('',(0.,1.,0.));
#6911 = ORIENTED_EDGE('',*,*,#6912,.F.);
#6912 = EDGE_CURVE('',#6913,#6905,#6915,.T.);
#6913 = VERTEX_POINT('',#6914);
#6914 = CARTESIAN_POINT('',(-29.,-60.,1.51));
#6915 = CIRCLE('',#6916,3.499999092342);
#6916 = AXIS2_PLACEMENT_3D('',#6917,#6918,#6919);
#6917 = CARTESIAN_POINT('',(-29.00000090765,-56.50000090765,1.51));
#6918 = DIRECTION('',(0.,0.,-1.));
#6919 = DIRECTION('',(2.593310488305E-07,-1.,0.));
#6920 = ORIENTED_EDGE('',*,*,#6921,.F.);
#6921 = EDGE_CURVE('',#6922,#6913,#6924,.T.);
#6922 = VERTEX_POINT('',#6923);
#6923 = CARTESIAN_POINT('',(29.,-60.,1.51));
#6924 = LINE('',#6925,#6926);
#6925 = CARTESIAN_POINT('',(29.,-60.,1.51));
#6926 = VECTOR('',#6927,1.);
#6927 = DIRECTION('',(-1.,0.,0.));
#6928 = ORIENTED_EDGE('',*,*,#6929,.F.);
#6929 = EDGE_CURVE('',#5652,#6922,#6930,.T.);
#6930 = CIRCLE('',#6931,3.499999092342);
#6931 = AXIS2_PLACEMENT_3D('',#6932,#6933,#6934);
#6932 = CARTESIAN_POINT('',(29.000000907658,-56.50000090765,1.51));
#6933 = DIRECTION('',(0.,0.,-1.));
#6934 = DIRECTION('',(1.,2.593310478154E-07,0.));
#6935 = ORIENTED_EDGE('',*,*,#5651,.F.);
#6936 = FACE_BOUND('',#6937,.T.);
#6937 = EDGE_LOOP('',(#6938));
#6938 = ORIENTED_EDGE('',*,*,#6939,.T.);
#6939 = EDGE_CURVE('',#6940,#6940,#6942,.T.);
#6940 = VERTEX_POINT('',#6941);
#6941 = CARTESIAN_POINT('',(-29.,-57.6,1.51));
#6942 = CIRCLE('',#6943,1.1);
#6943 = AXIS2_PLACEMENT_3D('',#6944,#6945,#6946);
#6944 = CARTESIAN_POINT('',(-29.,-56.5,1.51));
#6945 = DIRECTION('',(-0.,0.,-1.));
#6946 = DIRECTION('',(-0.,-1.,0.));
#6947 = FACE_BOUND('',#6948,.T.);
#6948 = EDGE_LOOP('',(#6949,#6960,#6968,#6977,#6985,#6994,#7002,#7011));
#6949 = ORIENTED_EDGE('',*,*,#6950,.F.);
#6950 = EDGE_CURVE('',#6951,#6953,#6955,.T.);
#6951 = VERTEX_POINT('',#6952);
#6952 = CARTESIAN_POINT('',(-26.180229,-32.38734,1.51));
#6953 = VERTEX_POINT('',#6954);
#6954 = CARTESIAN_POINT('',(-26.480229,-32.68734,1.51));
#6955 = CIRCLE('',#6956,0.300063302461);
#6956 = AXIS2_PLACEMENT_3D('',#6957,#6958,#6959);
#6957 = CARTESIAN_POINT('',(-26.18016570421,-32.68740329578,1.51));
#6958 = DIRECTION('',(0.,0.,1.));
#6959 = DIRECTION('',(-2.109414400668E-04,0.999999977752,0.));
#6960 = ORIENTED_EDGE('',*,*,#6961,.F.);
#6961 = EDGE_CURVE('',#6962,#6951,#6964,.T.);
#6962 = VERTEX_POINT('',#6963);
#6963 = CARTESIAN_POINT('',(-12.780229,-32.38734,1.51));
#6964 = LINE('',#6965,#6966);
#6965 = CARTESIAN_POINT('',(-12.780229,-32.38734,1.51));
#6966 = VECTOR('',#6967,1.);
#6967 = DIRECTION('',(-1.,0.,0.));
#6968 = ORIENTED_EDGE('',*,*,#6969,.F.);
#6969 = EDGE_CURVE('',#6970,#6962,#6972,.T.);
#6970 = VERTEX_POINT('',#6971);
#6971 = CARTESIAN_POINT('',(-12.480229,-32.68734,1.51));
#6972 = CIRCLE('',#6973,0.300000117299);
#6973 = AXIS2_PLACEMENT_3D('',#6974,#6975,#6976);
#6974 = CARTESIAN_POINT('',(-12.78022911729,-32.68734011729,1.51));
#6975 = DIRECTION('',(0.,0.,1.));
#6976 = DIRECTION('',(1.,3.909953852912E-07,-0.));
#6977 = ORIENTED_EDGE('',*,*,#6978,.F.);
#6978 = EDGE_CURVE('',#6979,#6970,#6981,.T.);
#6979 = VERTEX_POINT('',#6980);
#6980 = CARTESIAN_POINT('',(-12.480229,-46.08734,1.51));
#6981 = LINE('',#6982,#6983);
#6982 = CARTESIAN_POINT('',(-12.480229,-46.08734,1.51));
#6983 = VECTOR('',#6984,1.);
#6984 = DIRECTION('',(0.,1.,0.));
#6985 = ORIENTED_EDGE('',*,*,#6986,.F.);
#6986 = EDGE_CURVE('',#6987,#6979,#6989,.T.);
#6987 = VERTEX_POINT('',#6988);
#6988 = CARTESIAN_POINT('',(-12.780229,-46.38734,1.51));
#6989 = CIRCLE('',#6990,0.300000117299);
#6990 = AXIS2_PLACEMENT_3D('',#6991,#6992,#6993);
#6991 = CARTESIAN_POINT('',(-12.78022911729,-46.0873398827,1.51));
#6992 = DIRECTION('',(0.,0.,1.));
#6993 = DIRECTION('',(3.909953675276E-07,-1.,0.));
#6994 = ORIENTED_EDGE('',*,*,#6995,.F.);
#6995 = EDGE_CURVE('',#6996,#6987,#6998,.T.);
#6996 = VERTEX_POINT('',#6997);
#6997 = CARTESIAN_POINT('',(-26.180229,-46.38734,1.51));
#6998 = LINE('',#6999,#7000);
#6999 = CARTESIAN_POINT('',(-26.180229,-46.38734,1.51));
#7000 = VECTOR('',#7001,1.);
#7001 = DIRECTION('',(1.,0.,0.));
#7002 = ORIENTED_EDGE('',*,*,#7003,.F.);
#7003 = EDGE_CURVE('',#7004,#6996,#7006,.T.);
#7004 = VERTEX_POINT('',#7005);
#7005 = CARTESIAN_POINT('',(-26.480229,-46.08734,1.51));
#7006 = CIRCLE('',#7007,0.300000117299);
#7007 = AXIS2_PLACEMENT_3D('',#7008,#7009,#7010);
#7008 = CARTESIAN_POINT('',(-26.1802288827,-46.0873398827,1.51));
#7009 = DIRECTION('',(0.,0.,1.));
#7010 = DIRECTION('',(-1.,-3.909953616065E-07,0.));
#7011 = ORIENTED_EDGE('',*,*,#7012,.F.);
#7012 = EDGE_CURVE('',#6953,#7004,#7013,.T.);
#7013 = LINE('',#7014,#7015);
#7014 = CARTESIAN_POINT('',(-26.480229,-32.68734,1.51));
#7015 = VECTOR('',#7016,1.);
#7016 = DIRECTION('',(0.,-1.,0.));
#7017 = FACE_BOUND('',#7018,.T.);
#7018 = EDGE_LOOP('',(#7019,#7030,#7038,#7047,#7055,#7064,#7072,#7081));
#7019 = ORIENTED_EDGE('',*,*,#7020,.F.);
#7020 = EDGE_CURVE('',#7021,#7023,#7025,.T.);
#7021 = VERTEX_POINT('',#7022);
#7022 = CARTESIAN_POINT('',(-7.130229,-32.38734,1.51));
#7023 = VERTEX_POINT('',#7024);
#7024 = CARTESIAN_POINT('',(-7.430229,-32.68734,1.51));
#7025 = CIRCLE('',#7026,0.300000117299);
#7026 = AXIS2_PLACEMENT_3D('',#7027,#7028,#7029);
#7027 = CARTESIAN_POINT('',(-7.130228882701,-32.68734011729,1.51));
#7028 = DIRECTION('',(0.,0.,1.));
#7029 = DIRECTION('',(-3.909953616065E-07,1.,0.));
#7030 = ORIENTED_EDGE('',*,*,#7031,.F.);
#7031 = EDGE_CURVE('',#7032,#7021,#7034,.T.);
#7032 = VERTEX_POINT('',#7033);
#7033 = CARTESIAN_POINT('',(6.269771,-32.38734,1.51));
#7034 = LINE('',#7035,#7036);
#7035 = CARTESIAN_POINT('',(6.269771,-32.38734,1.51));
#7036 = VECTOR('',#7037,1.);
#7037 = DIRECTION('',(-1.,0.,0.));
#7038 = ORIENTED_EDGE('',*,*,#7039,.F.);
#7039 = EDGE_CURVE('',#7040,#7032,#7042,.T.);
#7040 = VERTEX_POINT('',#7041);
#7041 = CARTESIAN_POINT('',(6.569771,-32.68734,1.51));
#7042 = CIRCLE('',#7043,0.300000117299);
#7043 = AXIS2_PLACEMENT_3D('',#7044,#7045,#7046);
#7044 = CARTESIAN_POINT('',(6.269770882701,-32.68734011729,1.51));
#7045 = DIRECTION('',(0.,0.,1.));
#7046 = DIRECTION('',(1.,3.909953852912E-07,-0.));
#7047 = ORIENTED_EDGE('',*,*,#7048,.F.);
#7048 = EDGE_CURVE('',#7049,#7040,#7051,.T.);
#7049 = VERTEX_POINT('',#7050);
#7050 = CARTESIAN_POINT('',(6.569771,-46.08734,1.51));
#7051 = LINE('',#7052,#7053);
#7052 = CARTESIAN_POINT('',(6.569771,-46.08734,1.51));
#7053 = VECTOR('',#7054,1.);
#7054 = DIRECTION('',(0.,1.,0.));
#7055 = ORIENTED_EDGE('',*,*,#7056,.F.);
#7056 = EDGE_CURVE('',#7057,#7049,#7059,.T.);
#7057 = VERTEX_POINT('',#7058);
#7058 = CARTESIAN_POINT('',(6.269771,-46.38734,1.51));
#7059 = CIRCLE('',#7060,0.300000117299);
#7060 = AXIS2_PLACEMENT_3D('',#7061,#7062,#7063);
#7061 = CARTESIAN_POINT('',(6.269770882701,-46.0873398827,1.51));
#7062 = DIRECTION('',(0.,0.,1.));
#7063 = DIRECTION('',(3.909953704882E-07,-1.,0.));
#7064 = ORIENTED_EDGE('',*,*,#7065,.F.);
#7065 = EDGE_CURVE('',#7066,#7057,#7068,.T.);
#7066 = VERTEX_POINT('',#7067);
#7067 = CARTESIAN_POINT('',(-7.130229,-46.38734,1.51));
#7068 = LINE('',#7069,#7070);
#7069 = CARTESIAN_POINT('',(-7.130229,-46.38734,1.51));
#7070 = VECTOR('',#7071,1.);
#7071 = DIRECTION('',(1.,0.,0.));
#7072 = ORIENTED_EDGE('',*,*,#7073,.F.);
#7073 = EDGE_CURVE('',#7074,#7066,#7076,.T.);
#7074 = VERTEX_POINT('',#7075);
#7075 = CARTESIAN_POINT('',(-7.430229,-46.08734,1.51));
#7076 = CIRCLE('',#7077,0.299945506713);
#7077 = AXIS2_PLACEMENT_3D('',#7078,#7079,#7080);
#7078 = CARTESIAN_POINT('',(-7.130283498238,-46.08739449823,1.51));
#7079 = DIRECTION('',(0.,0.,1.));
#7080 = DIRECTION('',(-0.999999983494,1.816937972131E-04,0.));
#7081 = ORIENTED_EDGE('',*,*,#7082,.F.);
#7082 = EDGE_CURVE('',#7023,#7074,#7083,.T.);
#7083 = LINE('',#7084,#7085);
#7084 = CARTESIAN_POINT('',(-7.430229,-32.68734,1.51));
#7085 = VECTOR('',#7086,1.);
#7086 = DIRECTION('',(0.,-1.,0.));
#7087 = FACE_BOUND('',#7088,.T.);
#7088 = EDGE_LOOP('',(#7089,#7100,#7108,#7117,#7125,#7134,#7142,#7151));
#7089 = ORIENTED_EDGE('',*,*,#7090,.F.);
#7090 = EDGE_CURVE('',#7091,#7093,#7095,.T.);
#7091 = VERTEX_POINT('',#7092);
#7092 = CARTESIAN_POINT('',(-26.180229,-13.33734,1.51));
#7093 = VERTEX_POINT('',#7094);
#7094 = CARTESIAN_POINT('',(-26.480229,-13.63734,1.51));
#7095 = CIRCLE('',#7096,0.300000117299);
#7096 = AXIS2_PLACEMENT_3D('',#7097,#7098,#7099);
#7097 = CARTESIAN_POINT('',(-26.1802288827,-13.63734011729,1.51));
#7098 = DIRECTION('',(0.,0.,1.));
#7099 = DIRECTION('',(-3.909953616065E-07,1.,0.));
#7100 = ORIENTED_EDGE('',*,*,#7101,.F.);
#7101 = EDGE_CURVE('',#7102,#7091,#7104,.T.);
#7102 = VERTEX_POINT('',#7103);
#7103 = CARTESIAN_POINT('',(-12.780229,-13.33734,1.51));
#7104 = LINE('',#7105,#7106);
#7105 = CARTESIAN_POINT('',(-12.780229,-13.33734,1.51));
#7106 = VECTOR('',#7107,1.);
#7107 = DIRECTION('',(-1.,0.,0.));
#7108 = ORIENTED_EDGE('',*,*,#7109,.F.);
#7109 = EDGE_CURVE('',#7110,#7102,#7112,.T.);
#7110 = VERTEX_POINT('',#7111);
#7111 = CARTESIAN_POINT('',(-12.480229,-13.63734,1.51));
#7112 = CIRCLE('',#7113,0.300000117299);
#7113 = AXIS2_PLACEMENT_3D('',#7114,#7115,#7116);
#7114 = CARTESIAN_POINT('',(-12.78022911729,-13.63734011729,1.51));
#7115 = DIRECTION('',(0.,0.,1.));
#7116 = DIRECTION('',(1.,3.909953616065E-07,-0.));
#7117 = ORIENTED_EDGE('',*,*,#7118,.F.);
#7118 = EDGE_CURVE('',#7119,#7110,#7121,.T.);
#7119 = VERTEX_POINT('',#7120);
#7120 = CARTESIAN_POINT('',(-12.480229,-27.03734,1.51));
#7121 = LINE('',#7122,#7123);
#7122 = CARTESIAN_POINT('',(-12.480229,-27.03734,1.51));
#7123 = VECTOR('',#7124,1.);
#7124 = DIRECTION('',(0.,1.,0.));
#7125 = ORIENTED_EDGE('',*,*,#7126,.F.);
#7126 = EDGE_CURVE('',#7127,#7119,#7129,.T.);
#7127 = VERTEX_POINT('',#7128);
#7128 = CARTESIAN_POINT('',(-12.780229,-27.33734,1.51));
#7129 = CIRCLE('',#7130,0.299936976378);
#7130 = AXIS2_PLACEMENT_3D('',#7131,#7132,#7133);
#7131 = CARTESIAN_POINT('',(-12.78016596975,-27.03740303024,1.51));
#7132 = DIRECTION('',(0.,0.,1.));
#7133 = DIRECTION('',(-2.101449640891E-04,-0.99999997792,0.));
#7134 = ORIENTED_EDGE('',*,*,#7135,.F.);
#7135 = EDGE_CURVE('',#7136,#7127,#7138,.T.);
#7136 = VERTEX_POINT('',#7137);
#7137 = CARTESIAN_POINT('',(-26.180229,-27.33734,1.51));
#7138 = LINE('',#7139,#7140);
#7139 = CARTESIAN_POINT('',(-26.180229,-27.33734,1.51));
#7140 = VECTOR('',#7141,1.);
#7141 = DIRECTION('',(1.,0.,0.));
#7142 = ORIENTED_EDGE('',*,*,#7143,.F.);
#7143 = EDGE_CURVE('',#7144,#7136,#7146,.T.);
#7144 = VERTEX_POINT('',#7145);
#7145 = CARTESIAN_POINT('',(-26.480229,-27.03734,1.51));
#7146 = CIRCLE('',#7147,0.299945506713);
#7147 = AXIS2_PLACEMENT_3D('',#7148,#7149,#7150);
#7148 = CARTESIAN_POINT('',(-26.18028349823,-27.03739449823,1.51));
#7149 = DIRECTION('',(0.,0.,1.));
#7150 = DIRECTION('',(-0.999999983494,1.816937972131E-04,0.));
#7151 = ORIENTED_EDGE('',*,*,#7152,.F.);
#7152 = EDGE_CURVE('',#7093,#7144,#7153,.T.);
#7153 = LINE('',#7154,#7155);
#7154 = CARTESIAN_POINT('',(-26.480229,-13.63734,1.51));
#7155 = VECTOR('',#7156,1.);
#7156 = DIRECTION('',(0.,-1.,0.));
#7157 = FACE_BOUND('',#7158,.T.);
#7158 = EDGE_LOOP('',(#7159,#7170,#7178,#7187,#7195,#7204,#7212,#7221));
#7159 = ORIENTED_EDGE('',*,*,#7160,.F.);
#7160 = EDGE_CURVE('',#7161,#7163,#7165,.T.);
#7161 = VERTEX_POINT('',#7162);
#7162 = CARTESIAN_POINT('',(-26.180229,5.71266,1.51));
#7163 = VERTEX_POINT('',#7164);
#7164 = CARTESIAN_POINT('',(-26.480229,5.41266,1.51));
#7165 = CIRCLE('',#7166,0.300000117299);
#7166 = AXIS2_PLACEMENT_3D('',#7167,#7168,#7169);
#7167 = CARTESIAN_POINT('',(-26.1802288827,5.412659882701,1.51));
#7168 = DIRECTION('',(0.,0.,1.));
#7169 = DIRECTION('',(-3.909953497641E-07,1.,0.));
#7170 = ORIENTED_EDGE('',*,*,#7171,.F.);
#7171 = EDGE_CURVE('',#7172,#7161,#7174,.T.);
#7172 = VERTEX_POINT('',#7173);
#7173 = CARTESIAN_POINT('',(-12.780229,5.71266,1.51));
#7174 = LINE('',#7175,#7176);
#7175 = CARTESIAN_POINT('',(-12.780229,5.71266,1.51));
#7176 = VECTOR('',#7177,1.);
#7177 = DIRECTION('',(-1.,0.,0.));
#7178 = ORIENTED_EDGE('',*,*,#7179,.F.);
#7179 = EDGE_CURVE('',#7180,#7172,#7182,.T.);
#7180 = VERTEX_POINT('',#7181);
#7181 = CARTESIAN_POINT('',(-12.480229,5.41266,1.51));
#7182 = CIRCLE('',#7183,0.300054761701);
#7183 = AXIS2_PLACEMENT_3D('',#7184,#7185,#7186);
#7184 = CARTESIAN_POINT('',(-12.7802837567,5.412605243295,1.51));
#7185 = DIRECTION('',(0.,0.,1.));
#7186 = DIRECTION('',(0.999999983349,1.824890392911E-04,-0.));
#7187 = ORIENTED_EDGE('',*,*,#7188,.F.);
#7188 = EDGE_CURVE('',#7189,#7180,#7191,.T.);
#7189 = VERTEX_POINT('',#7190);
#7190 = CARTESIAN_POINT('',(-12.480229,-7.98734,1.51));
#7191 = LINE('',#7192,#7193);
#7192 = CARTESIAN_POINT('',(-12.480229,-7.98734,1.51));
#7193 = VECTOR('',#7194,1.);
#7194 = DIRECTION('',(0.,1.,0.));
#7195 = ORIENTED_EDGE('',*,*,#7196,.F.);
#7196 = EDGE_CURVE('',#7197,#7189,#7199,.T.);
#7197 = VERTEX_POINT('',#7198);
#7198 = CARTESIAN_POINT('',(-12.780229,-8.28734,1.51));
#7199 = CIRCLE('',#7200,0.300000117299);
#7200 = AXIS2_PLACEMENT_3D('',#7201,#7202,#7203);
#7201 = CARTESIAN_POINT('',(-12.78022911729,-7.987339882701,1.51));
#7202 = DIRECTION('',(0.,0.,1.));
#7203 = DIRECTION('',(3.909953616065E-07,-1.,0.));
#7204 = ORIENTED_EDGE('',*,*,#7205,.F.);
#7205 = EDGE_CURVE('',#7206,#7197,#7208,.T.);
#7206 = VERTEX_POINT('',#7207);
#7207 = CARTESIAN_POINT('',(-26.180229,-8.28734,1.51));
#7208 = LINE('',#7209,#7210);
#7209 = CARTESIAN_POINT('',(-26.180229,-8.28734,1.51));
#7210 = VECTOR('',#7211,1.);
#7211 = DIRECTION('',(1.,0.,0.));
#7212 = ORIENTED_EDGE('',*,*,#7213,.F.);
#7213 = EDGE_CURVE('',#7214,#7206,#7216,.T.);
#7214 = VERTEX_POINT('',#7215);
#7215 = CARTESIAN_POINT('',(-26.480229,-7.98734,1.51));
#7216 = CIRCLE('',#7217,0.300000117299);
#7217 = AXIS2_PLACEMENT_3D('',#7218,#7219,#7220);
#7218 = CARTESIAN_POINT('',(-26.1802288827,-7.987339882701,1.51));
#7219 = DIRECTION('',(0.,0.,1.));
#7220 = DIRECTION('',(-1.,-3.909953616065E-07,0.));
#7221 = ORIENTED_EDGE('',*,*,#7222,.F.);
#7222 = EDGE_CURVE('',#7163,#7214,#7223,.T.);
#7223 = LINE('',#7224,#7225);
#7224 = CARTESIAN_POINT('',(-26.480229,5.41266,1.51));
#7225 = VECTOR('',#7226,1.);
#7226 = DIRECTION('',(0.,-1.,0.));
#7227 = FACE_BOUND('',#7228,.T.);
#7228 = EDGE_LOOP('',(#7229,#7240,#7248,#7257,#7265,#7274,#7282,#7291));
#7229 = ORIENTED_EDGE('',*,*,#7230,.F.);
#7230 = EDGE_CURVE('',#7231,#7233,#7235,.T.);
#7231 = VERTEX_POINT('',#7232);
#7232 = CARTESIAN_POINT('',(-7.130229,-13.33734,1.51));
#7233 = VERTEX_POINT('',#7234);
#7234 = CARTESIAN_POINT('',(-7.430229,-13.63734,1.51));
#7235 = CIRCLE('',#7236,0.300063302461);
#7236 = AXIS2_PLACEMENT_3D('',#7237,#7238,#7239);
#7237 = CARTESIAN_POINT('',(-7.130165704215,-13.63740329578,1.51));
#7238 = DIRECTION('',(0.,0.,1.));
#7239 = DIRECTION('',(-2.109414400845E-04,0.999999977752,0.));
#7240 = ORIENTED_EDGE('',*,*,#7241,.F.);
#7241 = EDGE_CURVE('',#7242,#7231,#7244,.T.);
#7242 = VERTEX_POINT('',#7243);
#7243 = CARTESIAN_POINT('',(6.269771,-13.33734,1.51));
#7244 = LINE('',#7245,#7246);
#7245 = CARTESIAN_POINT('',(6.269771,-13.33734,1.51));
#7246 = VECTOR('',#7247,1.);
#7247 = DIRECTION('',(-1.,0.,0.));
#7248 = ORIENTED_EDGE('',*,*,#7249,.F.);
#7249 = EDGE_CURVE('',#7250,#7242,#7252,.T.);
#7250 = VERTEX_POINT('',#7251);
#7251 = CARTESIAN_POINT('',(6.569771,-13.63734,1.51));
#7252 = CIRCLE('',#7253,0.300054761701);
#7253 = AXIS2_PLACEMENT_3D('',#7254,#7255,#7256);
#7254 = CARTESIAN_POINT('',(6.269716243295,-13.6373947567,1.51));
#7255 = DIRECTION('',(0.,0.,1.));
#7256 = DIRECTION('',(0.999999983349,1.824890393E-04,-0.));
#7257 = ORIENTED_EDGE('',*,*,#7258,.F.);
#7258 = EDGE_CURVE('',#7259,#7250,#7261,.T.);
#7259 = VERTEX_POINT('',#7260);
#7260 = CARTESIAN_POINT('',(6.569771,-27.03734,1.51));
#7261 = LINE('',#7262,#7263);
#7262 = CARTESIAN_POINT('',(6.569771,-27.03734,1.51));
#7263 = VECTOR('',#7264,1.);
#7264 = DIRECTION('',(0.,1.,0.));
#7265 = ORIENTED_EDGE('',*,*,#7266,.F.);
#7266 = EDGE_CURVE('',#7267,#7259,#7269,.T.);
#7267 = VERTEX_POINT('',#7268);
#7268 = CARTESIAN_POINT('',(6.269771,-27.33734,1.51));
#7269 = CIRCLE('',#7270,0.300000117299);
#7270 = AXIS2_PLACEMENT_3D('',#7271,#7272,#7273);
#7271 = CARTESIAN_POINT('',(6.269770882701,-27.0373398827,1.51));
#7272 = DIRECTION('',(0.,0.,1.));
#7273 = DIRECTION('',(3.909953675276E-07,-1.,0.));
#7274 = ORIENTED_EDGE('',*,*,#7275,.F.);
#7275 = EDGE_CURVE('',#7276,#7267,#7278,.T.);
#7276 = VERTEX_POINT('',#7277);
#7277 = CARTESIAN_POINT('',(-7.130229,-27.33734,1.51));
#7278 = LINE('',#7279,#7280);
#7279 = CARTESIAN_POINT('',(-7.130229,-27.33734,1.51));
#7280 = VECTOR('',#7281,1.);
#7281 = DIRECTION('',(1.,0.,0.));
#7282 = ORIENTED_EDGE('',*,*,#7283,.F.);
#7283 = EDGE_CURVE('',#7284,#7276,#7286,.T.);
#7284 = VERTEX_POINT('',#7285);
#7285 = CARTESIAN_POINT('',(-7.430229,-27.03734,1.51));
#7286 = CIRCLE('',#7287,0.300000117299);
#7287 = AXIS2_PLACEMENT_3D('',#7288,#7289,#7290);
#7288 = CARTESIAN_POINT('',(-7.130228882701,-27.0373398827,1.51));
#7289 = DIRECTION('',(0.,0.,1.));
#7290 = DIRECTION('',(-1.,-3.909953616065E-07,0.));
#7291 = ORIENTED_EDGE('',*,*,#7292,.F.);
#7292 = EDGE_CURVE('',#7233,#7284,#7293,.T.);
#7293 = LINE('',#7294,#7295);
#7294 = CARTESIAN_POINT('',(-7.430229,-13.63734,1.51));
#7295 = VECTOR('',#7296,1.);
#7296 = DIRECTION('',(0.,-1.,0.));
#7297 = FACE_BOUND('',#7298,.T.);
#7298 = EDGE_LOOP('',(#7299,#7310,#7318,#7327,#7335,#7344,#7352,#7361));
#7299 = ORIENTED_EDGE('',*,*,#7300,.F.);
#7300 = EDGE_CURVE('',#7301,#7303,#7305,.T.);
#7301 = VERTEX_POINT('',#7302);
#7302 = CARTESIAN_POINT('',(-7.130229,5.71266,1.51));
#7303 = VERTEX_POINT('',#7304);
#7304 = CARTESIAN_POINT('',(-7.430229,5.41266,1.51));
#7305 = CIRCLE('',#7306,0.300063302461);
#7306 = AXIS2_PLACEMENT_3D('',#7307,#7308,#7309);
#7307 = CARTESIAN_POINT('',(-7.130165704215,5.412596704215,1.51));
#7308 = DIRECTION('',(0.,0.,1.));
#7309 = DIRECTION('',(-2.109414400727E-04,0.999999977752,0.));
#7310 = ORIENTED_EDGE('',*,*,#7311,.F.);
#7311 = EDGE_CURVE('',#7312,#7301,#7314,.T.);
#7312 = VERTEX_POINT('',#7313);
#7313 = CARTESIAN_POINT('',(6.269771,5.71266,1.51));
#7314 = LINE('',#7315,#7316);
#7315 = CARTESIAN_POINT('',(6.269771,5.71266,1.51));
#7316 = VECTOR('',#7317,1.);
#7317 = DIRECTION('',(-1.,0.,0.));
#7318 = ORIENTED_EDGE('',*,*,#7319,.F.);
#7319 = EDGE_CURVE('',#7320,#7312,#7322,.T.);
#7320 = VERTEX_POINT('',#7321);
#7321 = CARTESIAN_POINT('',(6.569771,5.41266,1.51));
#7322 = CIRCLE('',#7323,0.300054761701);
#7323 = AXIS2_PLACEMENT_3D('',#7324,#7325,#7326);
#7324 = CARTESIAN_POINT('',(6.269716243295,5.412605243295,1.51));
#7325 = DIRECTION('',(0.,0.,1.));
#7326 = DIRECTION('',(0.999999983349,1.824890392911E-04,-0.));
#7327 = ORIENTED_EDGE('',*,*,#7328,.F.);
#7328 = EDGE_CURVE('',#7329,#7320,#7331,.T.);
#7329 = VERTEX_POINT('',#7330);
#7330 = CARTESIAN_POINT('',(6.569771,-7.98734,1.51));
#7331 = LINE('',#7332,#7333);
#7332 = CARTESIAN_POINT('',(6.569771,-7.98734,1.51));
#7333 = VECTOR('',#7334,1.);
#7334 = DIRECTION('',(0.,1.,0.));
#7335 = ORIENTED_EDGE('',*,*,#7336,.F.);
#7336 = EDGE_CURVE('',#7337,#7329,#7339,.T.);
#7337 = VERTEX_POINT('',#7338);
#7338 = CARTESIAN_POINT('',(6.269771,-8.28734,1.51));
#7339 = CIRCLE('',#7340,0.300000117299);
#7340 = AXIS2_PLACEMENT_3D('',#7341,#7342,#7343);
#7341 = CARTESIAN_POINT('',(6.269770882701,-7.987339882701,1.51));
#7342 = DIRECTION('',(0.,0.,1.));
#7343 = DIRECTION('',(3.909953645671E-07,-1.,0.));
#7344 = ORIENTED_EDGE('',*,*,#7345,.F.);
#7345 = EDGE_CURVE('',#7346,#7337,#7348,.T.);
#7346 = VERTEX_POINT('',#7347);
#7347 = CARTESIAN_POINT('',(-7.130229,-8.28734,1.51));
#7348 = LINE('',#7349,#7350);
#7349 = CARTESIAN_POINT('',(-7.130229,-8.28734,1.51));
#7350 = VECTOR('',#7351,1.);
#7351 = DIRECTION('',(1.,0.,0.));
#7352 = ORIENTED_EDGE('',*,*,#7353,.F.);
#7353 = EDGE_CURVE('',#7354,#7346,#7356,.T.);
#7354 = VERTEX_POINT('',#7355);
#7355 = CARTESIAN_POINT('',(-7.430229,-7.98734,1.51));
#7356 = CIRCLE('',#7357,0.299945506713);
#7357 = AXIS2_PLACEMENT_3D('',#7358,#7359,#7360);
#7358 = CARTESIAN_POINT('',(-7.130283498238,-7.987394498238,1.51));
#7359 = DIRECTION('',(0.,0.,1.));
#7360 = DIRECTION('',(-0.999999983494,1.816937972309E-04,0.));
#7361 = ORIENTED_EDGE('',*,*,#7362,.F.);
#7362 = EDGE_CURVE('',#7303,#7354,#7363,.T.);
#7363 = LINE('',#7364,#7365);
#7364 = CARTESIAN_POINT('',(-7.430229,5.41266,1.51));
#7365 = VECTOR('',#7366,1.);
#7366 = DIRECTION('',(0.,-1.,0.));
#7367 = FACE_BOUND('',#7368,.T.);
#7368 = EDGE_LOOP('',(#7369));
#7369 = ORIENTED_EDGE('',*,*,#7370,.T.);
#7370 = EDGE_CURVE('',#7371,#7371,#7373,.T.);
#7371 = VERTEX_POINT('',#7372);
#7372 = CARTESIAN_POINT('',(29.,-57.6,1.51));
#7373 = CIRCLE('',#7374,1.1);
#7374 = AXIS2_PLACEMENT_3D('',#7375,#7376,#7377);
#7375 = CARTESIAN_POINT('',(29.,-56.5,1.51));
#7376 = DIRECTION('',(-0.,0.,-1.));
#7377 = DIRECTION('',(-0.,-1.,0.));
#7378 = FACE_BOUND('',#7379,.T.);
#7379 = EDGE_LOOP('',(#7380,#7391,#7399,#7408,#7416,#7425,#7433,#7442));
#7380 = ORIENTED_EDGE('',*,*,#7381,.F.);
#7381 = EDGE_CURVE('',#7382,#7384,#7386,.T.);
#7382 = VERTEX_POINT('',#7383);
#7383 = CARTESIAN_POINT('',(11.919771,-32.38734,1.51));
#7384 = VERTEX_POINT('',#7385);
#7385 = CARTESIAN_POINT('',(11.619771,-32.68734,1.51));
#7386 = CIRCLE('',#7387,0.300063302461);
#7387 = AXIS2_PLACEMENT_3D('',#7388,#7389,#7390);
#7388 = CARTESIAN_POINT('',(11.919834295785,-32.68740329578,1.51));
#7389 = DIRECTION('',(0.,0.,1.));
#7390 = DIRECTION('',(-2.109414400608E-04,0.999999977752,0.));
#7391 = ORIENTED_EDGE('',*,*,#7392,.F.);
#7392 = EDGE_CURVE('',#7393,#7382,#7395,.T.);
#7393 = VERTEX_POINT('',#7394);
#7394 = CARTESIAN_POINT('',(25.319771,-32.38734,1.51));
#7395 = LINE('',#7396,#7397);
#7396 = CARTESIAN_POINT('',(25.319771,-32.38734,1.51));
#7397 = VECTOR('',#7398,1.);
#7398 = DIRECTION('',(-1.,0.,0.));
#7399 = ORIENTED_EDGE('',*,*,#7400,.F.);
#7400 = EDGE_CURVE('',#7401,#7393,#7403,.T.);
#7401 = VERTEX_POINT('',#7402);
#7402 = CARTESIAN_POINT('',(25.619771,-32.68734,1.51));
#7403 = CIRCLE('',#7404,0.300054761701);
#7404 = AXIS2_PLACEMENT_3D('',#7405,#7406,#7407);
#7405 = CARTESIAN_POINT('',(25.319716243295,-32.6873947567,1.51));
#7406 = DIRECTION('',(0.,0.,1.));
#7407 = DIRECTION('',(0.999999983349,1.824890392644E-04,-0.));
#7408 = ORIENTED_EDGE('',*,*,#7409,.F.);
#7409 = EDGE_CURVE('',#7410,#7401,#7412,.T.);
#7410 = VERTEX_POINT('',#7411);
#7411 = CARTESIAN_POINT('',(25.619771,-46.08734,1.51));
#7412 = LINE('',#7413,#7414);
#7413 = CARTESIAN_POINT('',(25.619771,-46.08734,1.51));
#7414 = VECTOR('',#7415,1.);
#7415 = DIRECTION('',(0.,1.,0.));
#7416 = ORIENTED_EDGE('',*,*,#7417,.F.);
#7417 = EDGE_CURVE('',#7418,#7410,#7420,.T.);
#7418 = VERTEX_POINT('',#7419);
#7419 = CARTESIAN_POINT('',(25.319771,-46.38734,1.51));
#7420 = CIRCLE('',#7421,0.299936976378);
#7421 = AXIS2_PLACEMENT_3D('',#7422,#7423,#7424);
#7422 = CARTESIAN_POINT('',(25.319834030245,-46.08740303024,1.51));
#7423 = DIRECTION('',(0.,0.,1.));
#7424 = DIRECTION('',(-2.101449640654E-04,-0.99999997792,0.));
#7425 = ORIENTED_EDGE('',*,*,#7426,.F.);
#7426 = EDGE_CURVE('',#7427,#7418,#7429,.T.);
#7427 = VERTEX_POINT('',#7428);
#7428 = CARTESIAN_POINT('',(11.919771,-46.38734,1.51));
#7429 = LINE('',#7430,#7431);
#7430 = CARTESIAN_POINT('',(11.919771,-46.38734,1.51));
#7431 = VECTOR('',#7432,1.);
#7432 = DIRECTION('',(1.,0.,0.));
#7433 = ORIENTED_EDGE('',*,*,#7434,.F.);
#7434 = EDGE_CURVE('',#7435,#7427,#7437,.T.);
#7435 = VERTEX_POINT('',#7436);
#7436 = CARTESIAN_POINT('',(11.619771,-46.08734,1.51));
#7437 = CIRCLE('',#7438,0.300000117299);
#7438 = AXIS2_PLACEMENT_3D('',#7439,#7440,#7441);
#7439 = CARTESIAN_POINT('',(11.919771117299,-46.0873398827,1.51));
#7440 = DIRECTION('',(0.,0.,1.));
#7441 = DIRECTION('',(-1.,-3.909953616065E-07,0.));
#7442 = ORIENTED_EDGE('',*,*,#7443,.F.);
#7443 = EDGE_CURVE('',#7384,#7435,#7444,.T.);
#7444 = LINE('',#7445,#7446);
#7445 = CARTESIAN_POINT('',(11.619771,-32.68734,1.51));
#7446 = VECTOR('',#7447,1.);
#7447 = DIRECTION('',(0.,-1.,0.));
#7448 = FACE_BOUND('',#7449,.T.);
#7449 = EDGE_LOOP('',(#7450,#7461,#7469,#7478,#7486,#7495,#7503,#7512));
#7450 = ORIENTED_EDGE('',*,*,#7451,.F.);
#7451 = EDGE_CURVE('',#7452,#7454,#7456,.T.);
#7452 = VERTEX_POINT('',#7453);
#7453 = CARTESIAN_POINT('',(11.919771,-13.33734,1.51));
#7454 = VERTEX_POINT('',#7455);
#7455 = CARTESIAN_POINT('',(11.619771,-13.63734,1.51));
#7456 = CIRCLE('',#7457,0.300000117299);
#7457 = AXIS2_PLACEMENT_3D('',#7458,#7459,#7460);
#7458 = CARTESIAN_POINT('',(11.919771117299,-13.63734011729,1.51));
#7459 = DIRECTION('',(0.,0.,1.));
#7460 = DIRECTION('',(-3.909953616065E-07,1.,0.));
#7461 = ORIENTED_EDGE('',*,*,#7462,.F.);
#7462 = EDGE_CURVE('',#7463,#7452,#7465,.T.);
#7463 = VERTEX_POINT('',#7464);
#7464 = CARTESIAN_POINT('',(25.319771,-13.33734,1.51));
#7465 = LINE('',#7466,#7467);
#7466 = CARTESIAN_POINT('',(25.319771,-13.33734,1.51));
#7467 = VECTOR('',#7468,1.);
#7468 = DIRECTION('',(-1.,0.,0.));
#7469 = ORIENTED_EDGE('',*,*,#7470,.F.);
#7470 = EDGE_CURVE('',#7471,#7463,#7473,.T.);
#7471 = VERTEX_POINT('',#7472);
#7472 = CARTESIAN_POINT('',(25.619771,-13.63734,1.51));
#7473 = CIRCLE('',#7474,0.300054761701);
#7474 = AXIS2_PLACEMENT_3D('',#7475,#7476,#7477);
#7475 = CARTESIAN_POINT('',(25.319716243295,-13.6373947567,1.51));
#7476 = DIRECTION('',(0.,0.,1.));
#7477 = DIRECTION('',(0.999999983349,1.82489039294E-04,-0.));
#7478 = ORIENTED_EDGE('',*,*,#7479,.F.);
#7479 = EDGE_CURVE('',#7480,#7471,#7482,.T.);
#7480 = VERTEX_POINT('',#7481);
#7481 = CARTESIAN_POINT('',(25.619771,-27.03734,1.51));
#7482 = LINE('',#7483,#7484);
#7483 = CARTESIAN_POINT('',(25.619771,-27.03734,1.51));
#7484 = VECTOR('',#7485,1.);
#7485 = DIRECTION('',(0.,1.,0.));
#7486 = ORIENTED_EDGE('',*,*,#7487,.F.);
#7487 = EDGE_CURVE('',#7488,#7480,#7490,.T.);
#7488 = VERTEX_POINT('',#7489);
#7489 = CARTESIAN_POINT('',(25.319771,-27.33734,1.51));
#7490 = CIRCLE('',#7491,0.300000117299);
#7491 = AXIS2_PLACEMENT_3D('',#7492,#7493,#7494);
#7492 = CARTESIAN_POINT('',(25.319770882701,-27.0373398827,1.51));
#7493 = DIRECTION('',(0.,0.,1.));
#7494 = DIRECTION('',(3.909953616065E-07,-1.,0.));
#7495 = ORIENTED_EDGE('',*,*,#7496,.F.);
#7496 = EDGE_CURVE('',#7497,#7488,#7499,.T.);
#7497 = VERTEX_POINT('',#7498);
#7498 = CARTESIAN_POINT('',(11.919771,-27.33734,1.51));
#7499 = LINE('',#7500,#7501);
#7500 = CARTESIAN_POINT('',(11.919771,-27.33734,1.51));
#7501 = VECTOR('',#7502,1.);
#7502 = DIRECTION('',(1.,0.,0.));
#7503 = ORIENTED_EDGE('',*,*,#7504,.F.);
#7504 = EDGE_CURVE('',#7505,#7497,#7507,.T.);
#7505 = VERTEX_POINT('',#7506);
#7506 = CARTESIAN_POINT('',(11.619771,-27.03734,1.51));
#7507 = CIRCLE('',#7508,0.299945506713);
#7508 = AXIS2_PLACEMENT_3D('',#7509,#7510,#7511);
#7509 = CARTESIAN_POINT('',(11.919716501762,-27.03739449823,1.51));
#7510 = DIRECTION('',(0.,0.,1.));
#7511 = DIRECTION('',(-0.999999983494,1.81693797225E-04,0.));
#7512 = ORIENTED_EDGE('',*,*,#7513,.F.);
#7513 = EDGE_CURVE('',#7454,#7505,#7514,.T.);
#7514 = LINE('',#7515,#7516);
#7515 = CARTESIAN_POINT('',(11.619771,-13.63734,1.51));
#7516 = VECTOR('',#7517,1.);
#7517 = DIRECTION('',(0.,-1.,0.));
#7518 = FACE_BOUND('',#7519,.T.);
#7519 = EDGE_LOOP('',(#7520,#7531,#7539,#7548,#7556,#7565,#7573,#7582));
#7520 = ORIENTED_EDGE('',*,*,#7521,.F.);
#7521 = EDGE_CURVE('',#7522,#7524,#7526,.T.);
#7522 = VERTEX_POINT('',#7523);
#7523 = CARTESIAN_POINT('',(11.919771,5.71266,1.51));
#7524 = VERTEX_POINT('',#7525);
#7525 = CARTESIAN_POINT('',(11.619771,5.41266,1.51));
#7526 = CIRCLE('',#7527,0.300063302461);
#7527 = AXIS2_PLACEMENT_3D('',#7528,#7529,#7530);
#7528 = CARTESIAN_POINT('',(11.919834295785,5.412596704215,1.51));
#7529 = DIRECTION('',(0.,0.,1.));
#7530 = DIRECTION('',(-2.109414400727E-04,0.999999977752,0.));
#7531 = ORIENTED_EDGE('',*,*,#7532,.F.);
#7532 = EDGE_CURVE('',#7533,#7522,#7535,.T.);
#7533 = VERTEX_POINT('',#7534);
#7534 = CARTESIAN_POINT('',(25.319771,5.71266,1.51));
#7535 = LINE('',#7536,#7537);
#7536 = CARTESIAN_POINT('',(25.319771,5.71266,1.51));
#7537 = VECTOR('',#7538,1.);
#7538 = DIRECTION('',(-1.,0.,0.));
#7539 = ORIENTED_EDGE('',*,*,#7540,.F.);
#7540 = EDGE_CURVE('',#7541,#7533,#7543,.T.);
#7541 = VERTEX_POINT('',#7542);
#7542 = CARTESIAN_POINT('',(25.619771,5.41266,1.51));
#7543 = CIRCLE('',#7544,0.300054761701);
#7544 = AXIS2_PLACEMENT_3D('',#7545,#7546,#7547);
#7545 = CARTESIAN_POINT('',(25.319716243295,5.412605243295,1.51));
#7546 = DIRECTION('',(0.,0.,1.));
#7547 = DIRECTION('',(0.999999983349,1.824890392822E-04,-0.));
#7548 = ORIENTED_EDGE('',*,*,#7549,.F.);
#7549 = EDGE_CURVE('',#7550,#7541,#7552,.T.);
#7550 = VERTEX_POINT('',#7551);
#7551 = CARTESIAN_POINT('',(25.619771,-7.98734,1.51));
#7552 = LINE('',#7553,#7554);
#7553 = CARTESIAN_POINT('',(25.619771,-7.98734,1.51));
#7554 = VECTOR('',#7555,1.);
#7555 = DIRECTION('',(0.,1.,0.));
#7556 = ORIENTED_EDGE('',*,*,#7557,.F.);
#7557 = EDGE_CURVE('',#7558,#7550,#7560,.T.);
#7558 = VERTEX_POINT('',#7559);
#7559 = CARTESIAN_POINT('',(25.319771,-8.28734,1.51));
#7560 = CIRCLE('',#7561,0.300000117299);
#7561 = AXIS2_PLACEMENT_3D('',#7562,#7563,#7564);
#7562 = CARTESIAN_POINT('',(25.319770882701,-7.987339882701,1.51));
#7563 = DIRECTION('',(0.,0.,1.));
#7564 = DIRECTION('',(3.909953616065E-07,-1.,0.));
#7565 = ORIENTED_EDGE('',*,*,#7566,.F.);
#7566 = EDGE_CURVE('',#7567,#7558,#7569,.T.);
#7567 = VERTEX_POINT('',#7568);
#7568 = CARTESIAN_POINT('',(11.919771,-8.28734,1.51));
#7569 = LINE('',#7570,#7571);
#7570 = CARTESIAN_POINT('',(11.919771,-8.28734,1.51));
#7571 = VECTOR('',#7572,1.);
#7572 = DIRECTION('',(1.,0.,0.));
#7573 = ORIENTED_EDGE('',*,*,#7574,.F.);
#7574 = EDGE_CURVE('',#7575,#7567,#7577,.T.);
#7575 = VERTEX_POINT('',#7576);
#7576 = CARTESIAN_POINT('',(11.619771,-7.98734,1.51));
#7577 = CIRCLE('',#7578,0.299945506713);
#7578 = AXIS2_PLACEMENT_3D('',#7579,#7580,#7581);
#7579 = CARTESIAN_POINT('',(11.919716501762,-7.987394498238,1.51));
#7580 = DIRECTION('',(0.,0.,1.));
#7581 = DIRECTION('',(-0.999999983494,1.81693797222E-04,0.));
#7582 = ORIENTED_EDGE('',*,*,#7583,.F.);
#7583 = EDGE_CURVE('',#7524,#7575,#7584,.T.);
#7584 = LINE('',#7585,#7586);
#7585 = CARTESIAN_POINT('',(11.619771,5.41266,1.51));
#7586 = VECTOR('',#7587,1.);
#7587 = DIRECTION('',(0.,-1.,0.));
#7588 = FACE_BOUND('',#7589,.T.);
#7589 = EDGE_LOOP('',(#7590,#7601,#7609,#7618,#7626,#7635,#7643,#7652));
#7590 = ORIENTED_EDGE('',*,*,#7591,.F.);
#7591 = EDGE_CURVE('',#7592,#7594,#7596,.T.);
#7592 = VERTEX_POINT('',#7593);
#7593 = CARTESIAN_POINT('',(-26.180229,24.76266,1.51));
#7594 = VERTEX_POINT('',#7595);
#7595 = CARTESIAN_POINT('',(-26.480229,24.46266,1.51));
#7596 = CIRCLE('',#7597,0.300063302461);
#7597 = AXIS2_PLACEMENT_3D('',#7598,#7599,#7600);
#7598 = CARTESIAN_POINT('',(-26.18016570421,24.462596704215,1.51));
#7599 = DIRECTION('',(0.,0.,1.));
#7600 = DIRECTION('',(-2.109414400786E-04,0.999999977752,0.));
#7601 = ORIENTED_EDGE('',*,*,#7602,.F.);
#7602 = EDGE_CURVE('',#7603,#7592,#7605,.T.);
#7603 = VERTEX_POINT('',#7604);
#7604 = CARTESIAN_POINT('',(-12.780229,24.76266,1.51));
#7605 = LINE('',#7606,#7607);
#7606 = CARTESIAN_POINT('',(-12.780229,24.76266,1.51));
#7607 = VECTOR('',#7608,1.);
#7608 = DIRECTION('',(-1.,0.,0.));
#7609 = ORIENTED_EDGE('',*,*,#7610,.F.);
#7610 = EDGE_CURVE('',#7611,#7603,#7613,.T.);
#7611 = VERTEX_POINT('',#7612);
#7612 = CARTESIAN_POINT('',(-12.480229,24.46266,1.51));
#7613 = CIRCLE('',#7614,0.300054761701);
#7614 = AXIS2_PLACEMENT_3D('',#7615,#7616,#7617);
#7615 = CARTESIAN_POINT('',(-12.7802837567,24.462605243295,1.51));
#7616 = DIRECTION('',(0.,0.,1.));
#7617 = DIRECTION('',(0.999999983349,1.824890392881E-04,-0.));
#7618 = ORIENTED_EDGE('',*,*,#7619,.F.);
#7619 = EDGE_CURVE('',#7620,#7611,#7622,.T.);
#7620 = VERTEX_POINT('',#7621);
#7621 = CARTESIAN_POINT('',(-12.480229,11.06266,1.51));
#7622 = LINE('',#7623,#7624);
#7623 = CARTESIAN_POINT('',(-12.480229,11.06266,1.51));
#7624 = VECTOR('',#7625,1.);
#7625 = DIRECTION('',(0.,1.,0.));
#7626 = ORIENTED_EDGE('',*,*,#7627,.F.);
#7627 = EDGE_CURVE('',#7628,#7620,#7630,.T.);
#7628 = VERTEX_POINT('',#7629);
#7629 = CARTESIAN_POINT('',(-12.780229,10.76266,1.51));
#7630 = CIRCLE('',#7631,0.300000117299);
#7631 = AXIS2_PLACEMENT_3D('',#7632,#7633,#7634);
#7632 = CARTESIAN_POINT('',(-12.78022911729,11.062660117299,1.51));
#7633 = DIRECTION('',(0.,0.,1.));
#7634 = DIRECTION('',(3.909953616065E-07,-1.,0.));
#7635 = ORIENTED_EDGE('',*,*,#7636,.F.);
#7636 = EDGE_CURVE('',#7637,#7628,#7639,.T.);
#7637 = VERTEX_POINT('',#7638);
#7638 = CARTESIAN_POINT('',(-26.180229,10.76266,1.51));
#7639 = LINE('',#7640,#7641);
#7640 = CARTESIAN_POINT('',(-26.180229,10.76266,1.51));
#7641 = VECTOR('',#7642,1.);
#7642 = DIRECTION('',(1.,0.,0.));
#7643 = ORIENTED_EDGE('',*,*,#7644,.F.);
#7644 = EDGE_CURVE('',#7645,#7637,#7647,.T.);
#7645 = VERTEX_POINT('',#7646);
#7646 = CARTESIAN_POINT('',(-26.480229,11.06266,1.51));
#7647 = CIRCLE('',#7648,0.300000117299);
#7648 = AXIS2_PLACEMENT_3D('',#7649,#7650,#7651);
#7649 = CARTESIAN_POINT('',(-26.1802288827,11.062660117299,1.51));
#7650 = DIRECTION('',(0.,0.,1.));
#7651 = DIRECTION('',(-1.,-3.909953616065E-07,0.));
#7652 = ORIENTED_EDGE('',*,*,#7653,.F.);
#7653 = EDGE_CURVE('',#7594,#7645,#7654,.T.);
#7654 = LINE('',#7655,#7656);
#7655 = CARTESIAN_POINT('',(-26.480229,24.46266,1.51));
#7656 = VECTOR('',#7657,1.);
#7657 = DIRECTION('',(0.,-1.,0.));
#7658 = FACE_BOUND('',#7659,.T.);
#7659 = EDGE_LOOP('',(#7660,#7671,#7679,#7688,#7696,#7705,#7713,#7722));
#7660 = ORIENTED_EDGE('',*,*,#7661,.F.);
#7661 = EDGE_CURVE('',#7662,#7664,#7666,.T.);
#7662 = VERTEX_POINT('',#7663);
#7663 = CARTESIAN_POINT('',(-7.130229,24.76266,1.51));
#7664 = VERTEX_POINT('',#7665);
#7665 = CARTESIAN_POINT('',(-7.430229,24.46266,1.51));
#7666 = CIRCLE('',#7667,0.300063302461);
#7667 = AXIS2_PLACEMENT_3D('',#7668,#7669,#7670);
#7668 = CARTESIAN_POINT('',(-7.130165704215,24.462596704215,1.51));
#7669 = DIRECTION('',(0.,0.,1.));
#7670 = DIRECTION('',(-2.109414400757E-04,0.999999977752,0.));
#7671 = ORIENTED_EDGE('',*,*,#7672,.F.);
#7672 = EDGE_CURVE('',#7673,#7662,#7675,.T.);
#7673 = VERTEX_POINT('',#7674);
#7674 = CARTESIAN_POINT('',(6.269771,24.76266,1.51));
#7675 = LINE('',#7676,#7677);
#7676 = CARTESIAN_POINT('',(6.269771,24.76266,1.51));
#7677 = VECTOR('',#7678,1.);
#7678 = DIRECTION('',(-1.,0.,0.));
#7679 = ORIENTED_EDGE('',*,*,#7680,.F.);
#7680 = EDGE_CURVE('',#7681,#7673,#7683,.T.);
#7681 = VERTEX_POINT('',#7682);
#7682 = CARTESIAN_POINT('',(6.569771,24.46266,1.51));
#7683 = CIRCLE('',#7684,0.300054761701);
#7684 = AXIS2_PLACEMENT_3D('',#7685,#7686,#7687);
#7685 = CARTESIAN_POINT('',(6.269716243295,24.462605243295,1.51));
#7686 = DIRECTION('',(0.,0.,1.));
#7687 = DIRECTION('',(0.999999983349,1.824890392881E-04,-0.));
#7688 = ORIENTED_EDGE('',*,*,#7689,.F.);
#7689 = EDGE_CURVE('',#7690,#7681,#7692,.T.);
#7690 = VERTEX_POINT('',#7691);
#7691 = CARTESIAN_POINT('',(6.569771,11.06266,1.51));
#7692 = LINE('',#7693,#7694);
#7693 = CARTESIAN_POINT('',(6.569771,11.06266,1.51));
#7694 = VECTOR('',#7695,1.);
#7695 = DIRECTION('',(0.,1.,0.));
#7696 = ORIENTED_EDGE('',*,*,#7697,.F.);
#7697 = EDGE_CURVE('',#7698,#7690,#7700,.T.);
#7698 = VERTEX_POINT('',#7699);
#7699 = CARTESIAN_POINT('',(6.269771,10.76266,1.51));
#7700 = CIRCLE('',#7701,0.300000117299);
#7701 = AXIS2_PLACEMENT_3D('',#7702,#7703,#7704);
#7702 = CARTESIAN_POINT('',(6.269770882701,11.062660117299,1.51));
#7703 = DIRECTION('',(0.,0.,1.));
#7704 = DIRECTION('',(3.909953616065E-07,-1.,0.));
#7705 = ORIENTED_EDGE('',*,*,#7706,.F.);
#7706 = EDGE_CURVE('',#7707,#7698,#7709,.T.);
#7707 = VERTEX_POINT('',#7708);
#7708 = CARTESIAN_POINT('',(-7.130229,10.76266,1.51));
#7709 = LINE('',#7710,#7711);
#7710 = CARTESIAN_POINT('',(-7.130229,10.76266,1.51));
#7711 = VECTOR('',#7712,1.);
#7712 = DIRECTION('',(1.,0.,0.));
#7713 = ORIENTED_EDGE('',*,*,#7714,.F.);
#7714 = EDGE_CURVE('',#7715,#7707,#7717,.T.);
#7715 = VERTEX_POINT('',#7716);
#7716 = CARTESIAN_POINT('',(-7.430229,11.06266,1.51));
#7717 = CIRCLE('',#7718,0.300000117299);
#7718 = AXIS2_PLACEMENT_3D('',#7719,#7720,#7721);
#7719 = CARTESIAN_POINT('',(-7.130228882701,11.062660117299,1.51));
#7720 = DIRECTION('',(0.,0.,1.));
#7721 = DIRECTION('',(-1.,-3.909953616065E-07,0.));
#7722 = ORIENTED_EDGE('',*,*,#7723,.F.);
#7723 = EDGE_CURVE('',#7664,#7715,#7724,.T.);
#7724 = LINE('',#7725,#7726);
#7725 = CARTESIAN_POINT('',(-7.430229,24.46266,1.51));
#7726 = VECTOR('',#7727,1.);
#7727 = DIRECTION('',(0.,-1.,0.));
#7728 = FACE_BOUND('',#7729,.T.);
#7729 = EDGE_LOOP('',(#7730));
#7730 = ORIENTED_EDGE('',*,*,#7731,.T.);
#7731 = EDGE_CURVE('',#7732,#7732,#7734,.T.);
#7732 = VERTEX_POINT('',#7733);
#7733 = CARTESIAN_POINT('',(-29.,55.4,1.51));
#7734 = CIRCLE('',#7735,1.1);
#7735 = AXIS2_PLACEMENT_3D('',#7736,#7737,#7738);
#7736 = CARTESIAN_POINT('',(-29.,56.5,1.51));
#7737 = DIRECTION('',(-0.,0.,-1.));
#7738 = DIRECTION('',(-0.,-1.,0.));
#7739 = FACE_BOUND('',#7740,.T.);
#7740 = EDGE_LOOP('',(#7741,#7752,#7760,#7769,#7777,#7786,#7794,#7803));
#7741 = ORIENTED_EDGE('',*,*,#7742,.F.);
#7742 = EDGE_CURVE('',#7743,#7745,#7747,.T.);
#7743 = VERTEX_POINT('',#7744);
#7744 = CARTESIAN_POINT('',(-28.83977,41.67884,1.51));
#7745 = VERTEX_POINT('',#7746);
#7746 = CARTESIAN_POINT('',(-29.13977,41.37884,1.51));
#7747 = CIRCLE('',#7748,0.300000117299);
#7748 = AXIS2_PLACEMENT_3D('',#7749,#7750,#7751);
#7749 = CARTESIAN_POINT('',(-28.8397698827,41.378839882701,1.51));
#7750 = DIRECTION('',(0.,0.,1.));
#7751 = DIRECTION('',(-3.909953852912E-07,1.,0.));
#7752 = ORIENTED_EDGE('',*,*,#7753,.F.);
#7753 = EDGE_CURVE('',#7754,#7743,#7756,.T.);
#7754 = VERTEX_POINT('',#7755);
#7755 = CARTESIAN_POINT('',(9.56023,41.67884,1.51));
#7756 = LINE('',#7757,#7758);
#7757 = CARTESIAN_POINT('',(9.56023,41.67884,1.51));
#7758 = VECTOR('',#7759,1.);
#7759 = DIRECTION('',(-1.,0.,0.));
#7760 = ORIENTED_EDGE('',*,*,#7761,.F.);
#7761 = EDGE_CURVE('',#7762,#7754,#7764,.T.);
#7762 = VERTEX_POINT('',#7763);
#7763 = CARTESIAN_POINT('',(9.86023,41.37884,1.51));
#7764 = CIRCLE('',#7765,0.300000117299);
#7765 = AXIS2_PLACEMENT_3D('',#7766,#7767,#7768);
#7766 = CARTESIAN_POINT('',(9.560229882701,41.378839882701,1.51));
#7767 = DIRECTION('',(0.,0.,1.));
#7768 = DIRECTION('',(1.,3.909953616065E-07,-0.));
#7769 = ORIENTED_EDGE('',*,*,#7770,.F.);
#7770 = EDGE_CURVE('',#7771,#7762,#7773,.T.);
#7771 = VERTEX_POINT('',#7772);
#7772 = CARTESIAN_POINT('',(9.86023,28.97884,1.51));
#7773 = LINE('',#7774,#7775);
#7774 = CARTESIAN_POINT('',(9.86023,28.97884,1.51));
#7775 = VECTOR('',#7776,1.);
#7776 = DIRECTION('',(0.,1.,0.));
#7777 = ORIENTED_EDGE('',*,*,#7778,.F.);
#7778 = EDGE_CURVE('',#7779,#7771,#7781,.T.);
#7779 = VERTEX_POINT('',#7780);
#7780 = CARTESIAN_POINT('',(9.56023,28.67884,1.51));
#7781 = CIRCLE('',#7782,0.300000117299);
#7782 = AXIS2_PLACEMENT_3D('',#7783,#7784,#7785);
#7783 = CARTESIAN_POINT('',(9.560229882701,28.978840117299,1.51));
#7784 = DIRECTION('',(0.,0.,1.));
#7785 = DIRECTION('',(3.909953675276E-07,-1.,0.));
#7786 = ORIENTED_EDGE('',*,*,#7787,.F.);
#7787 = EDGE_CURVE('',#7788,#7779,#7790,.T.);
#7788 = VERTEX_POINT('',#7789);
#7789 = CARTESIAN_POINT('',(-28.83977,28.67884,1.51));
#7790 = LINE('',#7791,#7792);
#7791 = CARTESIAN_POINT('',(-28.83977,28.67884,1.51));
#7792 = VECTOR('',#7793,1.);
#7793 = DIRECTION('',(1.,0.,0.));
#7794 = ORIENTED_EDGE('',*,*,#7795,.F.);
#7795 = EDGE_CURVE('',#7796,#7788,#7798,.T.);
#7796 = VERTEX_POINT('',#7797);
#7797 = CARTESIAN_POINT('',(-29.13977,28.97884,1.51));
#7798 = CIRCLE('',#7799,0.300000117299);
#7799 = AXIS2_PLACEMENT_3D('',#7800,#7801,#7802);
#7800 = CARTESIAN_POINT('',(-28.8397698827,28.978840117299,1.51));
#7801 = DIRECTION('',(0.,0.,1.));
#7802 = DIRECTION('',(-1.,-3.909953616065E-07,0.));
#7803 = ORIENTED_EDGE('',*,*,#7804,.F.);
#7804 = EDGE_CURVE('',#7745,#7796,#7805,.T.);
#7805 = LINE('',#7806,#7807);
#7806 = CARTESIAN_POINT('',(-29.13977,41.37884,1.51));
#7807 = VECTOR('',#7808,1.);
#7808 = DIRECTION('',(0.,-1.,0.));
#7809 = FACE_BOUND('',#7810,.T.);
#7810 = EDGE_LOOP('',(#7811,#7822,#7830,#7839,#7847,#7856,#7864,#7873));
#7811 = ORIENTED_EDGE('',*,*,#7812,.F.);
#7812 = EDGE_CURVE('',#7813,#7815,#7817,.T.);
#7813 = VERTEX_POINT('',#7814);
#7814 = CARTESIAN_POINT('',(11.919771,24.76266,1.51));
#7815 = VERTEX_POINT('',#7816);
#7816 = CARTESIAN_POINT('',(11.619771,24.46266,1.51));
#7817 = CIRCLE('',#7818,0.300063302461);
#7818 = AXIS2_PLACEMENT_3D('',#7819,#7820,#7821);
#7819 = CARTESIAN_POINT('',(11.919834295785,24.462596704215,1.51));
#7820 = DIRECTION('',(0.,0.,1.));
#7821 = DIRECTION('',(-2.109414400727E-04,0.999999977752,0.));
#7822 = ORIENTED_EDGE('',*,*,#7823,.F.);
#7823 = EDGE_CURVE('',#7824,#7813,#7826,.T.);
#7824 = VERTEX_POINT('',#7825);
#7825 = CARTESIAN_POINT('',(25.319771,24.76266,1.51));
#7826 = LINE('',#7827,#7828);
#7827 = CARTESIAN_POINT('',(25.319771,24.76266,1.51));
#7828 = VECTOR('',#7829,1.);
#7829 = DIRECTION('',(-1.,0.,0.));
#7830 = ORIENTED_EDGE('',*,*,#7831,.F.);
#7831 = EDGE_CURVE('',#7832,#7824,#7834,.T.);
#7832 = VERTEX_POINT('',#7833);
#7833 = CARTESIAN_POINT('',(25.619771,24.46266,1.51));
#7834 = CIRCLE('',#7835,0.300054761701);
#7835 = AXIS2_PLACEMENT_3D('',#7836,#7837,#7838);
#7836 = CARTESIAN_POINT('',(25.319716243295,24.462605243295,1.51));
#7837 = DIRECTION('',(0.,0.,1.));
#7838 = DIRECTION('',(0.999999983349,1.824890392763E-04,-0.));
#7839 = ORIENTED_EDGE('',*,*,#7840,.F.);
#7840 = EDGE_CURVE('',#7841,#7832,#7843,.T.);
#7841 = VERTEX_POINT('',#7842);
#7842 = CARTESIAN_POINT('',(25.619771,11.06266,1.51));
#7843 = LINE('',#7844,#7845);
#7844 = CARTESIAN_POINT('',(25.619771,11.06266,1.51));
#7845 = VECTOR('',#7846,1.);
#7846 = DIRECTION('',(0.,1.,0.));
#7847 = ORIENTED_EDGE('',*,*,#7848,.F.);
#7848 = EDGE_CURVE('',#7849,#7841,#7851,.T.);
#7849 = VERTEX_POINT('',#7850);
#7850 = CARTESIAN_POINT('',(25.319771,10.76266,1.51));
#7851 = CIRCLE('',#7852,0.299936976378);
#7852 = AXIS2_PLACEMENT_3D('',#7853,#7854,#7855);
#7853 = CARTESIAN_POINT('',(25.319834030245,11.062596969755,1.51));
#7854 = DIRECTION('',(0.,0.,1.));
#7855 = DIRECTION('',(-2.101449640891E-04,-0.99999997792,0.));
#7856 = ORIENTED_EDGE('',*,*,#7857,.F.);
#7857 = EDGE_CURVE('',#7858,#7849,#7860,.T.);
#7858 = VERTEX_POINT('',#7859);
#7859 = CARTESIAN_POINT('',(11.919771,10.76266,1.51));
#7860 = LINE('',#7861,#7862);
#7861 = CARTESIAN_POINT('',(11.919771,10.76266,1.51));
#7862 = VECTOR('',#7863,1.);
#7863 = DIRECTION('',(1.,0.,0.));
#7864 = ORIENTED_EDGE('',*,*,#7865,.F.);
#7865 = EDGE_CURVE('',#7866,#7858,#7868,.T.);
#7866 = VERTEX_POINT('',#7867);
#7867 = CARTESIAN_POINT('',(11.619771,11.06266,1.51));
#7868 = CIRCLE('',#7869,0.300000117299);
#7869 = AXIS2_PLACEMENT_3D('',#7870,#7871,#7872);
#7870 = CARTESIAN_POINT('',(11.919771117299,11.062660117299,1.51));
#7871 = DIRECTION('',(0.,0.,1.));
#7872 = DIRECTION('',(-1.,-3.909953675276E-07,0.));
#7873 = ORIENTED_EDGE('',*,*,#7874,.F.);
#7874 = EDGE_CURVE('',#7815,#7866,#7875,.T.);
#7875 = LINE('',#7876,#7877);
#7876 = CARTESIAN_POINT('',(11.619771,24.46266,1.51));
#7877 = VECTOR('',#7878,1.);
#7878 = DIRECTION('',(0.,-1.,0.));
#7879 = FACE_BOUND('',#7880,.T.);
#7880 = EDGE_LOOP('',(#7881,#7892,#7900,#7909,#7917,#7926,#7934,#7943));
#7881 = ORIENTED_EDGE('',*,*,#7882,.F.);
#7882 = EDGE_CURVE('',#7883,#7885,#7887,.T.);
#7883 = VERTEX_POINT('',#7884);
#7884 = CARTESIAN_POINT('',(14.019771,41.85016,1.51));
#7885 = VERTEX_POINT('',#7886);
#7886 = CARTESIAN_POINT('',(13.719771,41.55016,1.51));
#7887 = CIRCLE('',#7888,0.300063302461);
#7888 = AXIS2_PLACEMENT_3D('',#7889,#7890,#7891);
#7889 = CARTESIAN_POINT('',(14.019834295785,41.550096704215,1.51));
#7890 = DIRECTION('',(0.,0.,1.));
#7891 = DIRECTION('',(-2.109414400964E-04,0.999999977752,0.));
#7892 = ORIENTED_EDGE('',*,*,#7893,.F.);
#7893 = EDGE_CURVE('',#7894,#7883,#7896,.T.);
#7894 = VERTEX_POINT('',#7895);
#7895 = CARTESIAN_POINT('',(25.919771,41.85016,1.51));
#7896 = LINE('',#7897,#7898);
#7897 = CARTESIAN_POINT('',(25.919771,41.85016,1.51));
#7898 = VECTOR('',#7899,1.);
#7899 = DIRECTION('',(-1.,0.,0.));
#7900 = ORIENTED_EDGE('',*,*,#7901,.F.);
#7901 = EDGE_CURVE('',#7902,#7894,#7904,.T.);
#7902 = VERTEX_POINT('',#7903);
#7903 = CARTESIAN_POINT('',(26.219771,41.55016,1.51));
#7904 = CIRCLE('',#7905,0.300054761701);
#7905 = AXIS2_PLACEMENT_3D('',#7906,#7907,#7908);
#7906 = CARTESIAN_POINT('',(25.919716243295,41.550105243295,1.51));
#7907 = DIRECTION('',(0.,0.,1.));
#7908 = DIRECTION('',(0.999999983349,1.824890393118E-04,-0.));
#7909 = ORIENTED_EDGE('',*,*,#7910,.F.);
#7910 = EDGE_CURVE('',#7911,#7902,#7913,.T.);
#7911 = VERTEX_POINT('',#7912);
#7912 = CARTESIAN_POINT('',(26.219771,29.40016,1.51));
#7913 = LINE('',#7914,#7915);
#7914 = CARTESIAN_POINT('',(26.219771,29.40016,1.51));
#7915 = VECTOR('',#7916,1.);
#7916 = DIRECTION('',(0.,1.,0.));
#7917 = ORIENTED_EDGE('',*,*,#7918,.F.);
#7918 = EDGE_CURVE('',#7919,#7911,#7921,.T.);
#7919 = VERTEX_POINT('',#7920);
#7920 = CARTESIAN_POINT('',(25.919771,29.10016,1.51));
#7921 = CIRCLE('',#7922,0.300000117299);
#7922 = AXIS2_PLACEMENT_3D('',#7923,#7924,#7925);
#7923 = CARTESIAN_POINT('',(25.919770882701,29.400160117299,1.51));
#7924 = DIRECTION('',(0.,0.,1.));
#7925 = DIRECTION('',(3.909953616065E-07,-1.,0.));
#7926 = ORIENTED_EDGE('',*,*,#7927,.F.);
#7927 = EDGE_CURVE('',#7928,#7919,#7930,.T.);
#7928 = VERTEX_POINT('',#7929);
#7929 = CARTESIAN_POINT('',(14.019771,29.10016,1.51));
#7930 = LINE('',#7931,#7932);
#7931 = CARTESIAN_POINT('',(14.019771,29.10016,1.51));
#7932 = VECTOR('',#7933,1.);
#7933 = DIRECTION('',(1.,0.,0.));
#7934 = ORIENTED_EDGE('',*,*,#7935,.F.);
#7935 = EDGE_CURVE('',#7936,#7928,#7938,.T.);
#7936 = VERTEX_POINT('',#7937);
#7937 = CARTESIAN_POINT('',(13.719771,29.40016,1.51));
#7938 = CIRCLE('',#7939,0.300000117299);
#7939 = AXIS2_PLACEMENT_3D('',#7940,#7941,#7942);
#7940 = CARTESIAN_POINT('',(14.019771117299,29.400160117299,1.51));
#7941 = DIRECTION('',(0.,0.,1.));
#7942 = DIRECTION('',(-1.,-3.909953734488E-07,0.));
#7943 = ORIENTED_EDGE('',*,*,#7944,.F.);
#7944 = EDGE_CURVE('',#7885,#7936,#7945,.T.);
#7945 = LINE('',#7946,#7947);
#7946 = CARTESIAN_POINT('',(13.719771,41.55016,1.51));
#7947 = VECTOR('',#7948,1.);
#7948 = DIRECTION('',(0.,-1.,0.));
#7949 = FACE_BOUND('',#7950,.T.);
#7950 = EDGE_LOOP('',(#7951));
#7951 = ORIENTED_EDGE('',*,*,#7952,.T.);
#7952 = EDGE_CURVE('',#7953,#7953,#7955,.T.);
#7953 = VERTEX_POINT('',#7954);
#7954 = CARTESIAN_POINT('',(29.,55.4,1.51));
#7955 = CIRCLE('',#7956,1.1);
#7956 = AXIS2_PLACEMENT_3D('',#7957,#7958,#7959);
#7957 = CARTESIAN_POINT('',(29.,56.5,1.51));
#7958 = DIRECTION('',(-0.,0.,-1.));
#7959 = DIRECTION('',(-0.,-1.,0.));
#7960 = PLANE('',#7961);
#7961 = AXIS2_PLACEMENT_3D('',#7962,#7963,#7964);
#7962 = CARTESIAN_POINT('',(0.,0.,1.51));
#7963 = DIRECTION('',(0.,0.,1.));
#7964 = DIRECTION('',(1.,0.,-0.));
#7965 = ADVANCED_FACE('',(#7966),#7977,.T.);
#7966 = FACE_BOUND('',#7967,.T.);
#7967 = EDGE_LOOP('',(#7968,#7974,#7975,#7976));
#7968 = ORIENTED_EDGE('',*,*,#7969,.T.);
#7969 = EDGE_CURVE('',#5684,#6828,#7970,.T.);
#7970 = LINE('',#7971,#7972);
#7971 = CARTESIAN_POINT('',(-32.5,56.5,0.));
#7972 = VECTOR('',#7973,1.);
#7973 = DIRECTION('',(0.,0.,1.));
#7974 = ORIENTED_EDGE('',*,*,#6827,.T.);
#7975 = ORIENTED_EDGE('',*,*,#5619,.F.);
#7976 = ORIENTED_EDGE('',*,*,#5683,.F.);
#7977 = CYLINDRICAL_SURFACE('',#7978,3.499999092342);
#7978 = AXIS2_PLACEMENT_3D('',#7979,#7980,#7981);
#7979 = CARTESIAN_POINT('',(-29.00000090765,56.500000907658,0.));
#7980 = DIRECTION('',(0.,0.,-1.));
#7981 = DIRECTION('',(-1.,-2.593310478154E-07,-0.));
#7982 = ADVANCED_FACE('',(#7983),#7994,.T.);
#7983 = FACE_BOUND('',#7984,.T.);
#7984 = EDGE_LOOP('',(#7985,#7986,#7987,#7993));
#7985 = ORIENTED_EDGE('',*,*,#5659,.T.);
#7986 = ORIENTED_EDGE('',*,*,#6929,.T.);
#7987 = ORIENTED_EDGE('',*,*,#7988,.F.);
#7988 = EDGE_CURVE('',#5778,#6922,#7989,.T.);
#7989 = LINE('',#7990,#7991);
#7990 = CARTESIAN_POINT('',(29.,-60.,0.));
#7991 = VECTOR('',#7992,1.);
#7992 = DIRECTION('',(0.,0.,1.));
#7993 = ORIENTED_EDGE('',*,*,#5785,.F.);
#7994 = CYLINDRICAL_SURFACE('',#7995,3.499999092342);
#7995 = AXIS2_PLACEMENT_3D('',#7996,#7997,#7998);
#7996 = CARTESIAN_POINT('',(29.000000907658,-56.50000090765,0.));
#7997 = DIRECTION('',(0.,0.,-1.));
#7998 = DIRECTION('',(1.,2.593310478154E-07,0.));
#7999 = ADVANCED_FACE('',(#8000),#8011,.T.);
#8000 = FACE_BOUND('',#8001,.T.);
#8001 = EDGE_LOOP('',(#8002,#8008,#8009,#8010));
#8002 = ORIENTED_EDGE('',*,*,#8003,.T.);
#8003 = EDGE_CURVE('',#5693,#6837,#8004,.T.);
#8004 = LINE('',#8005,#8006);
#8005 = CARTESIAN_POINT('',(-32.5,52.17884,0.));
#8006 = VECTOR('',#8007,1.);
#8007 = DIRECTION('',(0.,0.,1.));
#8008 = ORIENTED_EDGE('',*,*,#6836,.T.);
#8009 = ORIENTED_EDGE('',*,*,#7969,.F.);
#8010 = ORIENTED_EDGE('',*,*,#5692,.F.);
#8011 = PLANE('',#8012);
#8012 = AXIS2_PLACEMENT_3D('',#8013,#8014,#8015);
#8013 = CARTESIAN_POINT('',(-32.5,52.17884,0.));
#8014 = DIRECTION('',(-1.,0.,0.));
#8015 = DIRECTION('',(0.,1.,0.));
#8016 = ADVANCED_FACE('',(#8017),#8028,.T.);
#8017 = FACE_BOUND('',#8018,.T.);
#8018 = EDGE_LOOP('',(#8019,#8020,#8021,#8027));
#8019 = ORIENTED_EDGE('',*,*,#7988,.T.);
#8020 = ORIENTED_EDGE('',*,*,#6921,.T.);
#8021 = ORIENTED_EDGE('',*,*,#8022,.F.);
#8022 = EDGE_CURVE('',#5769,#6913,#8023,.T.);
#8023 = LINE('',#8024,#8025);
#8024 = CARTESIAN_POINT('',(-29.,-60.,0.));
#8025 = VECTOR('',#8026,1.);
#8026 = DIRECTION('',(0.,0.,1.));
#8027 = ORIENTED_EDGE('',*,*,#5777,.F.);
#8028 = PLANE('',#8029);
#8029 = AXIS2_PLACEMENT_3D('',#8030,#8031,#8032);
#8030 = CARTESIAN_POINT('',(29.,-60.,0.));
#8031 = DIRECTION('',(0.,-1.,0.));
#8032 = DIRECTION('',(-1.,0.,0.));
#8033 = ADVANCED_FACE('',(#8034),#8045,.T.);
#8034 = FACE_BOUND('',#8035,.T.);
#8035 = EDGE_LOOP('',(#8036,#8042,#8043,#8044));
#8036 = ORIENTED_EDGE('',*,*,#8037,.T.);
#8037 = EDGE_CURVE('',#5701,#6845,#8038,.T.);
#8038 = LINE('',#8039,#8040);
#8039 = CARTESIAN_POINT('',(-32.2,51.87884,0.));
#8040 = VECTOR('',#8041,1.);
#8041 = DIRECTION('',(0.,0.,1.));
#8042 = ORIENTED_EDGE('',*,*,#6844,.T.);
#8043 = ORIENTED_EDGE('',*,*,#8003,.F.);
#8044 = ORIENTED_EDGE('',*,*,#5700,.F.);
#8045 = CYLINDRICAL_SURFACE('',#8046,0.30005134537);
#8046 = AXIS2_PLACEMENT_3D('',#8047,#8048,#8049);
#8047 = CARTESIAN_POINT('',(-32.19994865902,52.178891340978,0.));
#8048 = DIRECTION('',(0.,0.,-1.));
#8049 = DIRECTION('',(-1.711073065099E-04,-0.999999985361,-0.));
#8050 = ADVANCED_FACE('',(#8051),#8062,.T.);
#8051 = FACE_BOUND('',#8052,.T.);
#8052 = EDGE_LOOP('',(#8053,#8054,#8055,#8061));
#8053 = ORIENTED_EDGE('',*,*,#8022,.T.);
#8054 = ORIENTED_EDGE('',*,*,#6912,.T.);
#8055 = ORIENTED_EDGE('',*,*,#8056,.F.);
#8056 = EDGE_CURVE('',#5761,#6905,#8057,.T.);
#8057 = LINE('',#8058,#8059);
#8058 = CARTESIAN_POINT('',(-32.5,-56.5,0.));
#8059 = VECTOR('',#8060,1.);
#8060 = DIRECTION('',(0.,0.,1.));
#8061 = ORIENTED_EDGE('',*,*,#5768,.F.);
#8062 = CYLINDRICAL_SURFACE('',#8063,3.499999092342);
#8063 = AXIS2_PLACEMENT_3D('',#8064,#8065,#8066);
#8064 = CARTESIAN_POINT('',(-29.00000090765,-56.50000090765,0.));
#8065 = DIRECTION('',(0.,0.,-1.));
#8066 = DIRECTION('',(2.593310488305E-07,-1.,0.));
#8067 = ADVANCED_FACE('',(#8068),#8079,.T.);
#8068 = FACE_BOUND('',#8069,.T.);
#8069 = EDGE_LOOP('',(#8070,#8076,#8077,#8078));
#8070 = ORIENTED_EDGE('',*,*,#8071,.T.);
#8071 = EDGE_CURVE('',#5710,#6854,#8072,.T.);
#8072 = LINE('',#8073,#8074);
#8073 = CARTESIAN_POINT('',(-24.93977,51.87884,0.));
#8074 = VECTOR('',#8075,1.);
#8075 = DIRECTION('',(0.,0.,1.));
#8076 = ORIENTED_EDGE('',*,*,#6853,.T.);
#8077 = ORIENTED_EDGE('',*,*,#8037,.F.);
#8078 = ORIENTED_EDGE('',*,*,#5709,.F.);
#8079 = PLANE('',#8080);
#8080 = AXIS2_PLACEMENT_3D('',#8081,#8082,#8083);
#8081 = CARTESIAN_POINT('',(-24.93977,51.87884,0.));
#8082 = DIRECTION('',(0.,-1.,0.));
#8083 = DIRECTION('',(-1.,0.,0.));
#8084 = ADVANCED_FACE('',(#8085),#8096,.T.);
#8085 = FACE_BOUND('',#8086,.T.);
#8086 = EDGE_LOOP('',(#8087,#8088,#8089,#8095));
#8087 = ORIENTED_EDGE('',*,*,#8056,.T.);
#8088 = ORIENTED_EDGE('',*,*,#6904,.T.);
#8089 = ORIENTED_EDGE('',*,*,#8090,.F.);
#8090 = EDGE_CURVE('',#5752,#6896,#8091,.T.);
#8091 = LINE('',#8092,#8093);
#8092 = CARTESIAN_POINT('',(-32.5,42.57884,0.));
#8093 = VECTOR('',#8094,1.);
#8094 = DIRECTION('',(0.,0.,1.));
#8095 = ORIENTED_EDGE('',*,*,#5760,.F.);
#8096 = PLANE('',#8097);
#8097 = AXIS2_PLACEMENT_3D('',#8098,#8099,#8100);
#8098 = CARTESIAN_POINT('',(-32.5,-56.5,0.));
#8099 = DIRECTION('',(-1.,0.,0.));
#8100 = DIRECTION('',(0.,1.,0.));
#8101 = ADVANCED_FACE('',(#8102),#8113,.F.);
#8102 = FACE_BOUND('',#8103,.T.);
#8103 = EDGE_LOOP('',(#8104,#8110,#8111,#8112));
#8104 = ORIENTED_EDGE('',*,*,#8105,.T.);
#8105 = EDGE_CURVE('',#5718,#6862,#8106,.T.);
#8106 = LINE('',#8107,#8108);
#8107 = CARTESIAN_POINT('',(-24.63977,51.57884,0.));
#8108 = VECTOR('',#8109,1.);
#8109 = DIRECTION('',(0.,0.,1.));
#8110 = ORIENTED_EDGE('',*,*,#6861,.T.);
#8111 = ORIENTED_EDGE('',*,*,#8071,.F.);
#8112 = ORIENTED_EDGE('',*,*,#5717,.F.);
#8113 = CYLINDRICAL_SURFACE('',#8114,0.300000117299);
#8114 = AXIS2_PLACEMENT_3D('',#8115,#8116,#8117);
#8115 = CARTESIAN_POINT('',(-24.93977011729,51.578839882701,0.));
#8116 = DIRECTION('',(-0.,-0.,-1.));
#8117 = DIRECTION('',(1.,3.909953616065E-07,-0.));
#8118 = ADVANCED_FACE('',(#8119),#8130,.T.);
#8119 = FACE_BOUND('',#8120,.T.);
#8120 = EDGE_LOOP('',(#8121,#8122,#8123,#8129));
#8121 = ORIENTED_EDGE('',*,*,#8090,.T.);
#8122 = ORIENTED_EDGE('',*,*,#6895,.T.);
#8123 = ORIENTED_EDGE('',*,*,#8124,.F.);
#8124 = EDGE_CURVE('',#5744,#6888,#8125,.T.);
#8125 = LINE('',#8126,#8127);
#8126 = CARTESIAN_POINT('',(-32.2,42.87884,0.));
#8127 = VECTOR('',#8128,1.);
#8128 = DIRECTION('',(0.,0.,1.));
#8129 = ORIENTED_EDGE('',*,*,#5751,.F.);
#8130 = CYLINDRICAL_SURFACE('',#8131,0.300000117299);
#8131 = AXIS2_PLACEMENT_3D('',#8132,#8133,#8134);
#8132 = CARTESIAN_POINT('',(-32.1999998827,42.578839882701,0.));
#8133 = DIRECTION('',(0.,0.,-1.));
#8134 = DIRECTION('',(-1.,3.909953852912E-07,0.));
#8135 = ADVANCED_FACE('',(#8136),#8147,.T.);
#8136 = FACE_BOUND('',#8137,.T.);
#8137 = EDGE_LOOP('',(#8138,#8144,#8145,#8146));
#8138 = ORIENTED_EDGE('',*,*,#8139,.T.);
#8139 = EDGE_CURVE('',#5727,#6871,#8140,.T.);
#8140 = LINE('',#8141,#8142);
#8141 = CARTESIAN_POINT('',(-24.63977,43.17884,0.));
#8142 = VECTOR('',#8143,1.);
#8143 = DIRECTION('',(0.,0.,1.));
#8144 = ORIENTED_EDGE('',*,*,#6870,.T.);
#8145 = ORIENTED_EDGE('',*,*,#8105,.F.);
#8146 = ORIENTED_EDGE('',*,*,#5726,.F.);
#8147 = PLANE('',#8148);
#8148 = AXIS2_PLACEMENT_3D('',#8149,#8150,#8151);
#8149 = CARTESIAN_POINT('',(-24.63977,43.17884,0.));
#8150 = DIRECTION('',(-1.,0.,0.));
#8151 = DIRECTION('',(0.,1.,0.));
#8152 = ADVANCED_FACE('',(#8153),#8164,.T.);
#8153 = FACE_BOUND('',#8154,.T.);
#8154 = EDGE_LOOP('',(#8155,#8156,#8157,#8163));
#8155 = ORIENTED_EDGE('',*,*,#8124,.T.);
#8156 = ORIENTED_EDGE('',*,*,#6887,.T.);
#8157 = ORIENTED_EDGE('',*,*,#8158,.F.);
#8158 = EDGE_CURVE('',#5735,#6879,#8159,.T.);
#8159 = LINE('',#8160,#8161);
#8160 = CARTESIAN_POINT('',(-24.93977,42.87884,0.));
#8161 = VECTOR('',#8162,1.);
#8162 = DIRECTION('',(0.,0.,1.));
#8163 = ORIENTED_EDGE('',*,*,#5743,.F.);
#8164 = PLANE('',#8165);
#8165 = AXIS2_PLACEMENT_3D('',#8166,#8167,#8168);
#8166 = CARTESIAN_POINT('',(-32.2,42.87884,0.));
#8167 = DIRECTION('',(0.,1.,0.));
#8168 = DIRECTION('',(1.,0.,0.));
#8169 = ADVANCED_FACE('',(#8170),#8176,.F.);
#8170 = FACE_BOUND('',#8171,.T.);
#8171 = EDGE_LOOP('',(#8172,#8173,#8174,#8175));
#8172 = ORIENTED_EDGE('',*,*,#8158,.T.);
#8173 = ORIENTED_EDGE('',*,*,#6878,.T.);
#8174 = ORIENTED_EDGE('',*,*,#8139,.F.);
#8175 = ORIENTED_EDGE('',*,*,#5734,.F.);
#8176 = CYLINDRICAL_SURFACE('',#8177,0.300000117299);
#8177 = AXIS2_PLACEMENT_3D('',#8178,#8179,#8180);
#8178 = CARTESIAN_POINT('',(-24.93977011729,43.178840117299,0.));
#8179 = DIRECTION('',(-0.,-0.,-1.));
#8180 = DIRECTION('',(3.909953497641E-07,-1.,0.));
#8181 = ADVANCED_FACE('',(#8182),#8193,.F.);
#8182 = FACE_BOUND('',#8183,.T.);
#8183 = EDGE_LOOP('',(#8184,#8185,#8191,#8192));
#8184 = ORIENTED_EDGE('',*,*,#5795,.T.);
#8185 = ORIENTED_EDGE('',*,*,#8186,.T.);
#8186 = EDGE_CURVE('',#5796,#6940,#8187,.T.);
#8187 = LINE('',#8188,#8189);
#8188 = CARTESIAN_POINT('',(-29.,-57.6,-4.6E-02));
#8189 = VECTOR('',#8190,1.);
#8190 = DIRECTION('',(0.,0.,1.));
#8191 = ORIENTED_EDGE('',*,*,#6939,.F.);
#8192 = ORIENTED_EDGE('',*,*,#8186,.F.);
#8193 = CYLINDRICAL_SURFACE('',#8194,1.1);
#8194 = AXIS2_PLACEMENT_3D('',#8195,#8196,#8197);
#8195 = CARTESIAN_POINT('',(-29.,-56.5,-4.6E-02));
#8196 = DIRECTION('',(-0.,-0.,-1.));
#8197 = DIRECTION('',(-0.,-1.,0.));
#8198 = ADVANCED_FACE('',(#8199),#8215,.F.);
#8199 = FACE_BOUND('',#8200,.T.);
#8200 = EDGE_LOOP('',(#8201,#8207,#8208,#8214));
#8201 = ORIENTED_EDGE('',*,*,#8202,.T.);
#8202 = EDGE_CURVE('',#5807,#6951,#8203,.T.);
#8203 = LINE('',#8204,#8205);
#8204 = CARTESIAN_POINT('',(-26.180229,-32.38734,0.));
#8205 = VECTOR('',#8206,1.);
#8206 = DIRECTION('',(0.,0.,1.));
#8207 = ORIENTED_EDGE('',*,*,#6950,.T.);
#8208 = ORIENTED_EDGE('',*,*,#8209,.F.);
#8209 = EDGE_CURVE('',#5809,#6953,#8210,.T.);
#8210 = LINE('',#8211,#8212);
#8211 = CARTESIAN_POINT('',(-26.480229,-32.68734,0.));
#8212 = VECTOR('',#8213,1.);
#8213 = DIRECTION('',(0.,0.,1.));
#8214 = ORIENTED_EDGE('',*,*,#5806,.F.);
#8215 = CYLINDRICAL_SURFACE('',#8216,0.300063302461);
#8216 = AXIS2_PLACEMENT_3D('',#8217,#8218,#8219);
#8217 = CARTESIAN_POINT('',(-26.18016570421,-32.68740329578,0.));
#8218 = DIRECTION('',(-0.,-0.,-1.));
#8219 = DIRECTION('',(-2.109414400668E-04,0.999999977752,0.));
#8220 = ADVANCED_FACE('',(#8221),#8232,.T.);
#8221 = FACE_BOUND('',#8222,.T.);
#8222 = EDGE_LOOP('',(#8223,#8229,#8230,#8231));
#8223 = ORIENTED_EDGE('',*,*,#8224,.T.);
#8224 = EDGE_CURVE('',#5818,#6962,#8225,.T.);
#8225 = LINE('',#8226,#8227);
#8226 = CARTESIAN_POINT('',(-12.780229,-32.38734,0.));
#8227 = VECTOR('',#8228,1.);
#8228 = DIRECTION('',(0.,0.,1.));
#8229 = ORIENTED_EDGE('',*,*,#6961,.T.);
#8230 = ORIENTED_EDGE('',*,*,#8202,.F.);
#8231 = ORIENTED_EDGE('',*,*,#5817,.F.);
#8232 = PLANE('',#8233);
#8233 = AXIS2_PLACEMENT_3D('',#8234,#8235,#8236);
#8234 = CARTESIAN_POINT('',(-12.780229,-32.38734,0.));
#8235 = DIRECTION('',(0.,-1.,0.));
#8236 = DIRECTION('',(-1.,0.,0.));
#8237 = ADVANCED_FACE('',(#8238),#8249,.T.);
#8238 = FACE_BOUND('',#8239,.T.);
#8239 = EDGE_LOOP('',(#8240,#8241,#8242,#8248));
#8240 = ORIENTED_EDGE('',*,*,#8209,.T.);
#8241 = ORIENTED_EDGE('',*,*,#7012,.T.);
#8242 = ORIENTED_EDGE('',*,*,#8243,.F.);
#8243 = EDGE_CURVE('',#5860,#7004,#8244,.T.);
#8244 = LINE('',#8245,#8246);
#8245 = CARTESIAN_POINT('',(-26.480229,-46.08734,0.));
#8246 = VECTOR('',#8247,1.);
#8247 = DIRECTION('',(0.,0.,1.));
#8248 = ORIENTED_EDGE('',*,*,#5868,.F.);
#8249 = PLANE('',#8250);
#8250 = AXIS2_PLACEMENT_3D('',#8251,#8252,#8253);
#8251 = CARTESIAN_POINT('',(-26.480229,-32.68734,0.));
#8252 = DIRECTION('',(1.,0.,-0.));
#8253 = DIRECTION('',(0.,-1.,0.));
#8254 = ADVANCED_FACE('',(#8255),#8266,.F.);
#8255 = FACE_BOUND('',#8256,.T.);
#8256 = EDGE_LOOP('',(#8257,#8263,#8264,#8265));
#8257 = ORIENTED_EDGE('',*,*,#8258,.T.);
#8258 = EDGE_CURVE('',#5826,#6970,#8259,.T.);
#8259 = LINE('',#8260,#8261);
#8260 = CARTESIAN_POINT('',(-12.480229,-32.68734,0.));
#8261 = VECTOR('',#8262,1.);
#8262 = DIRECTION('',(0.,0.,1.));
#8263 = ORIENTED_EDGE('',*,*,#6969,.T.);
#8264 = ORIENTED_EDGE('',*,*,#8224,.F.);
#8265 = ORIENTED_EDGE('',*,*,#5825,.F.);
#8266 = CYLINDRICAL_SURFACE('',#8267,0.300000117299);
#8267 = AXIS2_PLACEMENT_3D('',#8268,#8269,#8270);
#8268 = CARTESIAN_POINT('',(-12.78022911729,-32.68734011729,0.));
#8269 = DIRECTION('',(-0.,-0.,-1.));
#8270 = DIRECTION('',(1.,3.909953852912E-07,-0.));
#8271 = ADVANCED_FACE('',(#8272),#8283,.F.);
#8272 = FACE_BOUND('',#8273,.T.);
#8273 = EDGE_LOOP('',(#8274,#8275,#8276,#8282));
#8274 = ORIENTED_EDGE('',*,*,#8243,.T.);
#8275 = ORIENTED_EDGE('',*,*,#7003,.T.);
#8276 = ORIENTED_EDGE('',*,*,#8277,.F.);
#8277 = EDGE_CURVE('',#5852,#6996,#8278,.T.);
#8278 = LINE('',#8279,#8280);
#8279 = CARTESIAN_POINT('',(-26.180229,-46.38734,0.));
#8280 = VECTOR('',#8281,1.);
#8281 = DIRECTION('',(0.,0.,1.));
#8282 = ORIENTED_EDGE('',*,*,#5859,.F.);
#8283 = CYLINDRICAL_SURFACE('',#8284,0.300000117299);
#8284 = AXIS2_PLACEMENT_3D('',#8285,#8286,#8287);
#8285 = CARTESIAN_POINT('',(-26.1802288827,-46.0873398827,0.));
#8286 = DIRECTION('',(-0.,-0.,-1.));
#8287 = DIRECTION('',(-1.,-3.909953616065E-07,0.));
#8288 = ADVANCED_FACE('',(#8289),#8300,.T.);
#8289 = FACE_BOUND('',#8290,.T.);
#8290 = EDGE_LOOP('',(#8291,#8297,#8298,#8299));
#8291 = ORIENTED_EDGE('',*,*,#8292,.T.);
#8292 = EDGE_CURVE('',#5835,#6979,#8293,.T.);
#8293 = LINE('',#8294,#8295);
#8294 = CARTESIAN_POINT('',(-12.480229,-46.08734,0.));
#8295 = VECTOR('',#8296,1.);
#8296 = DIRECTION('',(0.,0.,1.));
#8297 = ORIENTED_EDGE('',*,*,#6978,.T.);
#8298 = ORIENTED_EDGE('',*,*,#8258,.F.);
#8299 = ORIENTED_EDGE('',*,*,#5834,.F.);
#8300 = PLANE('',#8301);
#8301 = AXIS2_PLACEMENT_3D('',#8302,#8303,#8304);
#8302 = CARTESIAN_POINT('',(-12.480229,-46.08734,0.));
#8303 = DIRECTION('',(-1.,0.,0.));
#8304 = DIRECTION('',(0.,1.,0.));
#8305 = ADVANCED_FACE('',(#8306),#8317,.T.);
#8306 = FACE_BOUND('',#8307,.T.);
#8307 = EDGE_LOOP('',(#8308,#8309,#8310,#8316));
#8308 = ORIENTED_EDGE('',*,*,#8277,.T.);
#8309 = ORIENTED_EDGE('',*,*,#6995,.T.);
#8310 = ORIENTED_EDGE('',*,*,#8311,.F.);
#8311 = EDGE_CURVE('',#5843,#6987,#8312,.T.);
#8312 = LINE('',#8313,#8314);
#8313 = CARTESIAN_POINT('',(-12.780229,-46.38734,0.));
#8314 = VECTOR('',#8315,1.);
#8315 = DIRECTION('',(0.,0.,1.));
#8316 = ORIENTED_EDGE('',*,*,#5851,.F.);
#8317 = PLANE('',#8318);
#8318 = AXIS2_PLACEMENT_3D('',#8319,#8320,#8321);
#8319 = CARTESIAN_POINT('',(-26.180229,-46.38734,0.));
#8320 = DIRECTION('',(0.,1.,0.));
#8321 = DIRECTION('',(1.,0.,0.));
#8322 = ADVANCED_FACE('',(#8323),#8329,.F.);
#8323 = FACE_BOUND('',#8324,.T.);
#8324 = EDGE_LOOP('',(#8325,#8326,#8327,#8328));
#8325 = ORIENTED_EDGE('',*,*,#8311,.T.);
#8326 = ORIENTED_EDGE('',*,*,#6986,.T.);
#8327 = ORIENTED_EDGE('',*,*,#8292,.F.);
#8328 = ORIENTED_EDGE('',*,*,#5842,.F.);
#8329 = CYLINDRICAL_SURFACE('',#8330,0.300000117299);
#8330 = AXIS2_PLACEMENT_3D('',#8331,#8332,#8333);
#8331 = CARTESIAN_POINT('',(-12.78022911729,-46.0873398827,0.));
#8332 = DIRECTION('',(-0.,-0.,-1.));
#8333 = DIRECTION('',(3.909953675276E-07,-1.,0.));
#8334 = ADVANCED_FACE('',(#8335),#8351,.F.);
#8335 = FACE_BOUND('',#8336,.T.);
#8336 = EDGE_LOOP('',(#8337,#8343,#8344,#8350));
#8337 = ORIENTED_EDGE('',*,*,#8338,.T.);
#8338 = EDGE_CURVE('',#5877,#7021,#8339,.T.);
#8339 = LINE('',#8340,#8341);
#8340 = CARTESIAN_POINT('',(-7.130229,-32.38734,0.));
#8341 = VECTOR('',#8342,1.);
#8342 = DIRECTION('',(0.,0.,1.));
#8343 = ORIENTED_EDGE('',*,*,#7020,.T.);
#8344 = ORIENTED_EDGE('',*,*,#8345,.F.);
#8345 = EDGE_CURVE('',#5879,#7023,#8346,.T.);
#8346 = LINE('',#8347,#8348);
#8347 = CARTESIAN_POINT('',(-7.430229,-32.68734,0.));
#8348 = VECTOR('',#8349,1.);
#8349 = DIRECTION('',(0.,0.,1.));
#8350 = ORIENTED_EDGE('',*,*,#5876,.F.);
#8351 = CYLINDRICAL_SURFACE('',#8352,0.300000117299);
#8352 = AXIS2_PLACEMENT_3D('',#8353,#8354,#8355);
#8353 = CARTESIAN_POINT('',(-7.130228882701,-32.68734011729,0.));
#8354 = DIRECTION('',(-0.,-0.,-1.));
#8355 = DIRECTION('',(-3.909953616065E-07,1.,0.));
#8356 = ADVANCED_FACE('',(#8357),#8368,.T.);
#8357 = FACE_BOUND('',#8358,.T.);
#8358 = EDGE_LOOP('',(#8359,#8365,#8366,#8367));
#8359 = ORIENTED_EDGE('',*,*,#8360,.T.);
#8360 = EDGE_CURVE('',#5888,#7032,#8361,.T.);
#8361 = LINE('',#8362,#8363);
#8362 = CARTESIAN_POINT('',(6.269771,-32.38734,0.));
#8363 = VECTOR('',#8364,1.);
#8364 = DIRECTION('',(0.,0.,1.));
#8365 = ORIENTED_EDGE('',*,*,#7031,.T.);
#8366 = ORIENTED_EDGE('',*,*,#8338,.F.);
#8367 = ORIENTED_EDGE('',*,*,#5887,.F.);
#8368 = PLANE('',#8369);
#8369 = AXIS2_PLACEMENT_3D('',#8370,#8371,#8372);
#8370 = CARTESIAN_POINT('',(6.269771,-32.38734,0.));
#8371 = DIRECTION('',(0.,-1.,0.));
#8372 = DIRECTION('',(-1.,0.,0.));
#8373 = ADVANCED_FACE('',(#8374),#8385,.T.);
#8374 = FACE_BOUND('',#8375,.T.);
#8375 = EDGE_LOOP('',(#8376,#8377,#8378,#8384));
#8376 = ORIENTED_EDGE('',*,*,#8345,.T.);
#8377 = ORIENTED_EDGE('',*,*,#7082,.T.);
#8378 = ORIENTED_EDGE('',*,*,#8379,.F.);
#8379 = EDGE_CURVE('',#5930,#7074,#8380,.T.);
#8380 = LINE('',#8381,#8382);
#8381 = CARTESIAN_POINT('',(-7.430229,-46.08734,0.));
#8382 = VECTOR('',#8383,1.);
#8383 = DIRECTION('',(0.,0.,1.));
#8384 = ORIENTED_EDGE('',*,*,#5938,.F.);
#8385 = PLANE('',#8386);
#8386 = AXIS2_PLACEMENT_3D('',#8387,#8388,#8389);
#8387 = CARTESIAN_POINT('',(-7.430229,-32.68734,0.));
#8388 = DIRECTION('',(1.,0.,-0.));
#8389 = DIRECTION('',(0.,-1.,0.));
#8390 = ADVANCED_FACE('',(#8391),#8402,.F.);
#8391 = FACE_BOUND('',#8392,.T.);
#8392 = EDGE_LOOP('',(#8393,#8399,#8400,#8401));
#8393 = ORIENTED_EDGE('',*,*,#8394,.T.);
#8394 = EDGE_CURVE('',#5896,#7040,#8395,.T.);
#8395 = LINE('',#8396,#8397);
#8396 = CARTESIAN_POINT('',(6.569771,-32.68734,0.));
#8397 = VECTOR('',#8398,1.);
#8398 = DIRECTION('',(0.,0.,1.));
#8399 = ORIENTED_EDGE('',*,*,#7039,.T.);
#8400 = ORIENTED_EDGE('',*,*,#8360,.F.);
#8401 = ORIENTED_EDGE('',*,*,#5895,.F.);
#8402 = CYLINDRICAL_SURFACE('',#8403,0.300000117299);
#8403 = AXIS2_PLACEMENT_3D('',#8404,#8405,#8406);
#8404 = CARTESIAN_POINT('',(6.269770882701,-32.68734011729,0.));
#8405 = DIRECTION('',(-0.,-0.,-1.));
#8406 = DIRECTION('',(1.,3.909953852912E-07,-0.));
#8407 = ADVANCED_FACE('',(#8408),#8419,.F.);
#8408 = FACE_BOUND('',#8409,.T.);
#8409 = EDGE_LOOP('',(#8410,#8411,#8412,#8418));
#8410 = ORIENTED_EDGE('',*,*,#8379,.T.);
#8411 = ORIENTED_EDGE('',*,*,#7073,.T.);
#8412 = ORIENTED_EDGE('',*,*,#8413,.F.);
#8413 = EDGE_CURVE('',#5922,#7066,#8414,.T.);
#8414 = LINE('',#8415,#8416);
#8415 = CARTESIAN_POINT('',(-7.130229,-46.38734,0.));
#8416 = VECTOR('',#8417,1.);
#8417 = DIRECTION('',(0.,0.,1.));
#8418 = ORIENTED_EDGE('',*,*,#5929,.F.);
#8419 = CYLINDRICAL_SURFACE('',#8420,0.299945506713);
#8420 = AXIS2_PLACEMENT_3D('',#8421,#8422,#8423);
#8421 = CARTESIAN_POINT('',(-7.130283498238,-46.08739449823,0.));
#8422 = DIRECTION('',(-0.,-0.,-1.));
#8423 = DIRECTION('',(-0.999999983494,1.816937972131E-04,0.));
#8424 = ADVANCED_FACE('',(#8425),#8436,.T.);
#8425 = FACE_BOUND('',#8426,.T.);
#8426 = EDGE_LOOP('',(#8427,#8433,#8434,#8435));
#8427 = ORIENTED_EDGE('',*,*,#8428,.T.);
#8428 = EDGE_CURVE('',#5905,#7049,#8429,.T.);
#8429 = LINE('',#8430,#8431);
#8430 = CARTESIAN_POINT('',(6.569771,-46.08734,0.));
#8431 = VECTOR('',#8432,1.);
#8432 = DIRECTION('',(0.,0.,1.));
#8433 = ORIENTED_EDGE('',*,*,#7048,.T.);
#8434 = ORIENTED_EDGE('',*,*,#8394,.F.);
#8435 = ORIENTED_EDGE('',*,*,#5904,.F.);
#8436 = PLANE('',#8437);
#8437 = AXIS2_PLACEMENT_3D('',#8438,#8439,#8440);
#8438 = CARTESIAN_POINT('',(6.569771,-46.08734,0.));
#8439 = DIRECTION('',(-1.,0.,0.));
#8440 = DIRECTION('',(0.,1.,0.));
#8441 = ADVANCED_FACE('',(#8442),#8453,.T.);
#8442 = FACE_BOUND('',#8443,.T.);
#8443 = EDGE_LOOP('',(#8444,#8445,#8446,#8452));
#8444 = ORIENTED_EDGE('',*,*,#8413,.T.);
#8445 = ORIENTED_EDGE('',*,*,#7065,.T.);
#8446 = ORIENTED_EDGE('',*,*,#8447,.F.);
#8447 = EDGE_CURVE('',#5913,#7057,#8448,.T.);
#8448 = LINE('',#8449,#8450);
#8449 = CARTESIAN_POINT('',(6.269771,-46.38734,0.));
#8450 = VECTOR('',#8451,1.);
#8451 = DIRECTION('',(0.,0.,1.));
#8452 = ORIENTED_EDGE('',*,*,#5921,.F.);
#8453 = PLANE('',#8454);
#8454 = AXIS2_PLACEMENT_3D('',#8455,#8456,#8457);
#8455 = CARTESIAN_POINT('',(-7.130229,-46.38734,0.));
#8456 = DIRECTION('',(0.,1.,0.));
#8457 = DIRECTION('',(1.,0.,0.));
#8458 = ADVANCED_FACE('',(#8459),#8465,.F.);
#8459 = FACE_BOUND('',#8460,.T.);
#8460 = EDGE_LOOP('',(#8461,#8462,#8463,#8464));
#8461 = ORIENTED_EDGE('',*,*,#8447,.T.);
#8462 = ORIENTED_EDGE('',*,*,#7056,.T.);
#8463 = ORIENTED_EDGE('',*,*,#8428,.F.);
#8464 = ORIENTED_EDGE('',*,*,#5912,.F.);
#8465 = CYLINDRICAL_SURFACE('',#8466,0.300000117299);
#8466 = AXIS2_PLACEMENT_3D('',#8467,#8468,#8469);
#8467 = CARTESIAN_POINT('',(6.269770882701,-46.0873398827,0.));
#8468 = DIRECTION('',(-0.,-0.,-1.));
#8469 = DIRECTION('',(3.909953704882E-07,-1.,0.));
#8470 = ADVANCED_FACE('',(#8471),#8487,.F.);
#8471 = FACE_BOUND('',#8472,.T.);
#8472 = EDGE_LOOP('',(#8473,#8479,#8480,#8486));
#8473 = ORIENTED_EDGE('',*,*,#8474,.T.);
#8474 = EDGE_CURVE('',#5947,#7091,#8475,.T.);
#8475 = LINE('',#8476,#8477);
#8476 = CARTESIAN_POINT('',(-26.180229,-13.33734,0.));
#8477 = VECTOR('',#8478,1.);
#8478 = DIRECTION('',(0.,0.,1.));
#8479 = ORIENTED_EDGE('',*,*,#7090,.T.);
#8480 = ORIENTED_EDGE('',*,*,#8481,.F.);
#8481 = EDGE_CURVE('',#5949,#7093,#8482,.T.);
#8482 = LINE('',#8483,#8484);
#8483 = CARTESIAN_POINT('',(-26.480229,-13.63734,0.));
#8484 = VECTOR('',#8485,1.);
#8485 = DIRECTION('',(0.,0.,1.));
#8486 = ORIENTED_EDGE('',*,*,#5946,.F.);
#8487 = CYLINDRICAL_SURFACE('',#8488,0.300000117299);
#8488 = AXIS2_PLACEMENT_3D('',#8489,#8490,#8491);
#8489 = CARTESIAN_POINT('',(-26.1802288827,-13.63734011729,0.));
#8490 = DIRECTION('',(-0.,-0.,-1.));
#8491 = DIRECTION('',(-3.909953616065E-07,1.,0.));
#8492 = ADVANCED_FACE('',(#8493),#8504,.T.);
#8493 = FACE_BOUND('',#8494,.T.);
#8494 = EDGE_LOOP('',(#8495,#8501,#8502,#8503));
#8495 = ORIENTED_EDGE('',*,*,#8496,.T.);
#8496 = EDGE_CURVE('',#5958,#7102,#8497,.T.);
#8497 = LINE('',#8498,#8499);
#8498 = CARTESIAN_POINT('',(-12.780229,-13.33734,0.));
#8499 = VECTOR('',#8500,1.);
#8500 = DIRECTION('',(0.,0.,1.));
#8501 = ORIENTED_EDGE('',*,*,#7101,.T.);
#8502 = ORIENTED_EDGE('',*,*,#8474,.F.);
#8503 = ORIENTED_EDGE('',*,*,#5957,.F.);
#8504 = PLANE('',#8505);
#8505 = AXIS2_PLACEMENT_3D('',#8506,#8507,#8508);
#8506 = CARTESIAN_POINT('',(-12.780229,-13.33734,0.));
#8507 = DIRECTION('',(0.,-1.,0.));
#8508 = DIRECTION('',(-1.,0.,0.));
#8509 = ADVANCED_FACE('',(#8510),#8521,.T.);
#8510 = FACE_BOUND('',#8511,.T.);
#8511 = EDGE_LOOP('',(#8512,#8513,#8514,#8520));
#8512 = ORIENTED_EDGE('',*,*,#8481,.T.);
#8513 = ORIENTED_EDGE('',*,*,#7152,.T.);
#8514 = ORIENTED_EDGE('',*,*,#8515,.F.);
#8515 = EDGE_CURVE('',#6000,#7144,#8516,.T.);
#8516 = LINE('',#8517,#8518);
#8517 = CARTESIAN_POINT('',(-26.480229,-27.03734,0.));
#8518 = VECTOR('',#8519,1.);
#8519 = DIRECTION('',(0.,0.,1.));
#8520 = ORIENTED_EDGE('',*,*,#6008,.F.);
#8521 = PLANE('',#8522);
#8522 = AXIS2_PLACEMENT_3D('',#8523,#8524,#8525);
#8523 = CARTESIAN_POINT('',(-26.480229,-13.63734,0.));
#8524 = DIRECTION('',(1.,0.,-0.));
#8525 = DIRECTION('',(0.,-1.,0.));
#8526 = ADVANCED_FACE('',(#8527),#8538,.F.);
#8527 = FACE_BOUND('',#8528,.T.);
#8528 = EDGE_LOOP('',(#8529,#8535,#8536,#8537));
#8529 = ORIENTED_EDGE('',*,*,#8530,.T.);
#8530 = EDGE_CURVE('',#5966,#7110,#8531,.T.);
#8531 = LINE('',#8532,#8533);
#8532 = CARTESIAN_POINT('',(-12.480229,-13.63734,0.));
#8533 = VECTOR('',#8534,1.);
#8534 = DIRECTION('',(0.,0.,1.));
#8535 = ORIENTED_EDGE('',*,*,#7109,.T.);
#8536 = ORIENTED_EDGE('',*,*,#8496,.F.);
#8537 = ORIENTED_EDGE('',*,*,#5965,.F.);
#8538 = CYLINDRICAL_SURFACE('',#8539,0.300000117299);
#8539 = AXIS2_PLACEMENT_3D('',#8540,#8541,#8542);
#8540 = CARTESIAN_POINT('',(-12.78022911729,-13.63734011729,0.));
#8541 = DIRECTION('',(-0.,-0.,-1.));
#8542 = DIRECTION('',(1.,3.909953616065E-07,-0.));
#8543 = ADVANCED_FACE('',(#8544),#8555,.F.);
#8544 = FACE_BOUND('',#8545,.T.);
#8545 = EDGE_LOOP('',(#8546,#8547,#8548,#8554));
#8546 = ORIENTED_EDGE('',*,*,#8515,.T.);
#8547 = ORIENTED_EDGE('',*,*,#7143,.T.);
#8548 = ORIENTED_EDGE('',*,*,#8549,.F.);
#8549 = EDGE_CURVE('',#5992,#7136,#8550,.T.);
#8550 = LINE('',#8551,#8552);
#8551 = CARTESIAN_POINT('',(-26.180229,-27.33734,0.));
#8552 = VECTOR('',#8553,1.);
#8553 = DIRECTION('',(0.,0.,1.));
#8554 = ORIENTED_EDGE('',*,*,#5999,.F.);
#8555 = CYLINDRICAL_SURFACE('',#8556,0.299945506713);
#8556 = AXIS2_PLACEMENT_3D('',#8557,#8558,#8559);
#8557 = CARTESIAN_POINT('',(-26.18028349823,-27.03739449823,0.));
#8558 = DIRECTION('',(-0.,-0.,-1.));
#8559 = DIRECTION('',(-0.999999983494,1.816937972131E-04,0.));
#8560 = ADVANCED_FACE('',(#8561),#8572,.T.);
#8561 = FACE_BOUND('',#8562,.T.);
#8562 = EDGE_LOOP('',(#8563,#8569,#8570,#8571));
#8563 = ORIENTED_EDGE('',*,*,#8564,.T.);
#8564 = EDGE_CURVE('',#5975,#7119,#8565,.T.);
#8565 = LINE('',#8566,#8567);
#8566 = CARTESIAN_POINT('',(-12.480229,-27.03734,0.));
#8567 = VECTOR('',#8568,1.);
#8568 = DIRECTION('',(0.,0.,1.));
#8569 = ORIENTED_EDGE('',*,*,#7118,.T.);
#8570 = ORIENTED_EDGE('',*,*,#8530,.F.);
#8571 = ORIENTED_EDGE('',*,*,#5974,.F.);
#8572 = PLANE('',#8573);
#8573 = AXIS2_PLACEMENT_3D('',#8574,#8575,#8576);
#8574 = CARTESIAN_POINT('',(-12.480229,-27.03734,0.));
#8575 = DIRECTION('',(-1.,0.,0.));
#8576 = DIRECTION('',(0.,1.,0.));
#8577 = ADVANCED_FACE('',(#8578),#8589,.T.);
#8578 = FACE_BOUND('',#8579,.T.);
#8579 = EDGE_LOOP('',(#8580,#8581,#8582,#8588));
#8580 = ORIENTED_EDGE('',*,*,#8549,.T.);
#8581 = ORIENTED_EDGE('',*,*,#7135,.T.);
#8582 = ORIENTED_EDGE('',*,*,#8583,.F.);
#8583 = EDGE_CURVE('',#5983,#7127,#8584,.T.);
#8584 = LINE('',#8585,#8586);
#8585 = CARTESIAN_POINT('',(-12.780229,-27.33734,0.));
#8586 = VECTOR('',#8587,1.);
#8587 = DIRECTION('',(0.,0.,1.));
#8588 = ORIENTED_EDGE('',*,*,#5991,.F.);
#8589 = PLANE('',#8590);
#8590 = AXIS2_PLACEMENT_3D('',#8591,#8592,#8593);
#8591 = CARTESIAN_POINT('',(-26.180229,-27.33734,0.));
#8592 = DIRECTION('',(0.,1.,0.));
#8593 = DIRECTION('',(1.,0.,0.));
#8594 = ADVANCED_FACE('',(#8595),#8601,.F.);
#8595 = FACE_BOUND('',#8596,.T.);
#8596 = EDGE_LOOP('',(#8597,#8598,#8599,#8600));
#8597 = ORIENTED_EDGE('',*,*,#8583,.T.);
#8598 = ORIENTED_EDGE('',*,*,#7126,.T.);
#8599 = ORIENTED_EDGE('',*,*,#8564,.F.);
#8600 = ORIENTED_EDGE('',*,*,#5982,.F.);
#8601 = CYLINDRICAL_SURFACE('',#8602,0.299936976378);
#8602 = AXIS2_PLACEMENT_3D('',#8603,#8604,#8605);
#8603 = CARTESIAN_POINT('',(-12.78016596975,-27.03740303024,0.));
#8604 = DIRECTION('',(-0.,-0.,-1.));
#8605 = DIRECTION('',(-2.101449640891E-04,-0.99999997792,0.));
#8606 = ADVANCED_FACE('',(#8607),#8623,.F.);
#8607 = FACE_BOUND('',#8608,.T.);
#8608 = EDGE_LOOP('',(#8609,#8615,#8616,#8622));
#8609 = ORIENTED_EDGE('',*,*,#8610,.T.);
#8610 = EDGE_CURVE('',#6017,#7161,#8611,.T.);
#8611 = LINE('',#8612,#8613);
#8612 = CARTESIAN_POINT('',(-26.180229,5.71266,0.));
#8613 = VECTOR('',#8614,1.);
#8614 = DIRECTION('',(0.,0.,1.));
#8615 = ORIENTED_EDGE('',*,*,#7160,.T.);
#8616 = ORIENTED_EDGE('',*,*,#8617,.F.);
#8617 = EDGE_CURVE('',#6019,#7163,#8618,.T.);
#8618 = LINE('',#8619,#8620);
#8619 = CARTESIAN_POINT('',(-26.480229,5.41266,0.));
#8620 = VECTOR('',#8621,1.);
#8621 = DIRECTION('',(0.,0.,1.));
#8622 = ORIENTED_EDGE('',*,*,#6016,.F.);
#8623 = CYLINDRICAL_SURFACE('',#8624,0.300000117299);
#8624 = AXIS2_PLACEMENT_3D('',#8625,#8626,#8627);
#8625 = CARTESIAN_POINT('',(-26.1802288827,5.412659882701,0.));
#8626 = DIRECTION('',(-0.,-0.,-1.));
#8627 = DIRECTION('',(-3.909953497641E-07,1.,0.));
#8628 = ADVANCED_FACE('',(#8629),#8640,.T.);
#8629 = FACE_BOUND('',#8630,.T.);
#8630 = EDGE_LOOP('',(#8631,#8637,#8638,#8639));
#8631 = ORIENTED_EDGE('',*,*,#8632,.T.);
#8632 = EDGE_CURVE('',#6028,#7172,#8633,.T.);
#8633 = LINE('',#8634,#8635);
#8634 = CARTESIAN_POINT('',(-12.780229,5.71266,0.));
#8635 = VECTOR('',#8636,1.);
#8636 = DIRECTION('',(0.,0.,1.));
#8637 = ORIENTED_EDGE('',*,*,#7171,.T.);
#8638 = ORIENTED_EDGE('',*,*,#8610,.F.);
#8639 = ORIENTED_EDGE('',*,*,#6027,.F.);
#8640 = PLANE('',#8641);
#8641 = AXIS2_PLACEMENT_3D('',#8642,#8643,#8644);
#8642 = CARTESIAN_POINT('',(-12.780229,5.71266,0.));
#8643 = DIRECTION('',(0.,-1.,0.));
#8644 = DIRECTION('',(-1.,0.,0.));
#8645 = ADVANCED_FACE('',(#8646),#8657,.T.);
#8646 = FACE_BOUND('',#8647,.T.);
#8647 = EDGE_LOOP('',(#8648,#8649,#8650,#8656));
#8648 = ORIENTED_EDGE('',*,*,#8617,.T.);
#8649 = ORIENTED_EDGE('',*,*,#7222,.T.);
#8650 = ORIENTED_EDGE('',*,*,#8651,.F.);
#8651 = EDGE_CURVE('',#6070,#7214,#8652,.T.);
#8652 = LINE('',#8653,#8654);
#8653 = CARTESIAN_POINT('',(-26.480229,-7.98734,0.));
#8654 = VECTOR('',#8655,1.);
#8655 = DIRECTION('',(0.,0.,1.));
#8656 = ORIENTED_EDGE('',*,*,#6078,.F.);
#8657 = PLANE('',#8658);
#8658 = AXIS2_PLACEMENT_3D('',#8659,#8660,#8661);
#8659 = CARTESIAN_POINT('',(-26.480229,5.41266,0.));
#8660 = DIRECTION('',(1.,0.,-0.));
#8661 = DIRECTION('',(0.,-1.,0.));
#8662 = ADVANCED_FACE('',(#8663),#8674,.F.);
#8663 = FACE_BOUND('',#8664,.T.);
#8664 = EDGE_LOOP('',(#8665,#8671,#8672,#8673));
#8665 = ORIENTED_EDGE('',*,*,#8666,.T.);
#8666 = EDGE_CURVE('',#6036,#7180,#8667,.T.);
#8667 = LINE('',#8668,#8669);
#8668 = CARTESIAN_POINT('',(-12.480229,5.41266,0.));
#8669 = VECTOR('',#8670,1.);
#8670 = DIRECTION('',(0.,0.,1.));
#8671 = ORIENTED_EDGE('',*,*,#7179,.T.);
#8672 = ORIENTED_EDGE('',*,*,#8632,.F.);
#8673 = ORIENTED_EDGE('',*,*,#6035,.F.);
#8674 = CYLINDRICAL_SURFACE('',#8675,0.300054761701);
#8675 = AXIS2_PLACEMENT_3D('',#8676,#8677,#8678);
#8676 = CARTESIAN_POINT('',(-12.7802837567,5.412605243295,0.));
#8677 = DIRECTION('',(-0.,-0.,-1.));
#8678 = DIRECTION('',(0.999999983349,1.824890392911E-04,-0.));
#8679 = ADVANCED_FACE('',(#8680),#8691,.F.);
#8680 = FACE_BOUND('',#8681,.T.);
#8681 = EDGE_LOOP('',(#8682,#8683,#8684,#8690));
#8682 = ORIENTED_EDGE('',*,*,#8651,.T.);
#8683 = ORIENTED_EDGE('',*,*,#7213,.T.);
#8684 = ORIENTED_EDGE('',*,*,#8685,.F.);
#8685 = EDGE_CURVE('',#6062,#7206,#8686,.T.);
#8686 = LINE('',#8687,#8688);
#8687 = CARTESIAN_POINT('',(-26.180229,-8.28734,0.));
#8688 = VECTOR('',#8689,1.);
#8689 = DIRECTION('',(0.,0.,1.));
#8690 = ORIENTED_EDGE('',*,*,#6069,.F.);
#8691 = CYLINDRICAL_SURFACE('',#8692,0.300000117299);
#8692 = AXIS2_PLACEMENT_3D('',#8693,#8694,#8695);
#8693 = CARTESIAN_POINT('',(-26.1802288827,-7.987339882701,0.));
#8694 = DIRECTION('',(-0.,-0.,-1.));
#8695 = DIRECTION('',(-1.,-3.909953616065E-07,0.));
#8696 = ADVANCED_FACE('',(#8697),#8708,.T.);
#8697 = FACE_BOUND('',#8698,.T.);
#8698 = EDGE_LOOP('',(#8699,#8705,#8706,#8707));
#8699 = ORIENTED_EDGE('',*,*,#8700,.T.);
#8700 = EDGE_CURVE('',#6045,#7189,#8701,.T.);
#8701 = LINE('',#8702,#8703);
#8702 = CARTESIAN_POINT('',(-12.480229,-7.98734,0.));
#8703 = VECTOR('',#8704,1.);
#8704 = DIRECTION('',(0.,0.,1.));
#8705 = ORIENTED_EDGE('',*,*,#7188,.T.);
#8706 = ORIENTED_EDGE('',*,*,#8666,.F.);
#8707 = ORIENTED_EDGE('',*,*,#6044,.F.);
#8708 = PLANE('',#8709);
#8709 = AXIS2_PLACEMENT_3D('',#8710,#8711,#8712);
#8710 = CARTESIAN_POINT('',(-12.480229,-7.98734,0.));
#8711 = DIRECTION('',(-1.,0.,0.));
#8712 = DIRECTION('',(0.,1.,0.));
#8713 = ADVANCED_FACE('',(#8714),#8725,.T.);
#8714 = FACE_BOUND('',#8715,.T.);
#8715 = EDGE_LOOP('',(#8716,#8717,#8718,#8724));
#8716 = ORIENTED_EDGE('',*,*,#8685,.T.);
#8717 = ORIENTED_EDGE('',*,*,#7205,.T.);
#8718 = ORIENTED_EDGE('',*,*,#8719,.F.);
#8719 = EDGE_CURVE('',#6053,#7197,#8720,.T.);
#8720 = LINE('',#8721,#8722);
#8721 = CARTESIAN_POINT('',(-12.780229,-8.28734,0.));
#8722 = VECTOR('',#8723,1.);
#8723 = DIRECTION('',(0.,0.,1.));
#8724 = ORIENTED_EDGE('',*,*,#6061,.F.);
#8725 = PLANE('',#8726);
#8726 = AXIS2_PLACEMENT_3D('',#8727,#8728,#8729);
#8727 = CARTESIAN_POINT('',(-26.180229,-8.28734,0.));
#8728 = DIRECTION('',(0.,1.,0.));
#8729 = DIRECTION('',(1.,0.,0.));
#8730 = ADVANCED_FACE('',(#8731),#8737,.F.);
#8731 = FACE_BOUND('',#8732,.T.);
#8732 = EDGE_LOOP('',(#8733,#8734,#8735,#8736));
#8733 = ORIENTED_EDGE('',*,*,#8719,.T.);
#8734 = ORIENTED_EDGE('',*,*,#7196,.T.);
#8735 = ORIENTED_EDGE('',*,*,#8700,.F.);
#8736 = ORIENTED_EDGE('',*,*,#6052,.F.);
#8737 = CYLINDRICAL_SURFACE('',#8738,0.300000117299);
#8738 = AXIS2_PLACEMENT_3D('',#8739,#8740,#8741);
#8739 = CARTESIAN_POINT('',(-12.78022911729,-7.987339882701,0.));
#8740 = DIRECTION('',(-0.,-0.,-1.));
#8741 = DIRECTION('',(3.909953616065E-07,-1.,0.));
#8742 = ADVANCED_FACE('',(#8743),#8759,.F.);
#8743 = FACE_BOUND('',#8744,.T.);
#8744 = EDGE_LOOP('',(#8745,#8751,#8752,#8758));
#8745 = ORIENTED_EDGE('',*,*,#8746,.T.);
#8746 = EDGE_CURVE('',#6087,#7231,#8747,.T.);
#8747 = LINE('',#8748,#8749);
#8748 = CARTESIAN_POINT('',(-7.130229,-13.33734,0.));
#8749 = VECTOR('',#8750,1.);
#8750 = DIRECTION('',(0.,0.,1.));
#8751 = ORIENTED_EDGE('',*,*,#7230,.T.);
#8752 = ORIENTED_EDGE('',*,*,#8753,.F.);
#8753 = EDGE_CURVE('',#6089,#7233,#8754,.T.);
#8754 = LINE('',#8755,#8756);
#8755 = CARTESIAN_POINT('',(-7.430229,-13.63734,0.));
#8756 = VECTOR('',#8757,1.);
#8757 = DIRECTION('',(0.,0.,1.));
#8758 = ORIENTED_EDGE('',*,*,#6086,.F.);
#8759 = CYLINDRICAL_SURFACE('',#8760,0.300063302461);
#8760 = AXIS2_PLACEMENT_3D('',#8761,#8762,#8763);
#8761 = CARTESIAN_POINT('',(-7.130165704215,-13.63740329578,0.));
#8762 = DIRECTION('',(-0.,-0.,-1.));
#8763 = DIRECTION('',(-2.109414400845E-04,0.999999977752,0.));
#8764 = ADVANCED_FACE('',(#8765),#8776,.T.);
#8765 = FACE_BOUND('',#8766,.T.);
#8766 = EDGE_LOOP('',(#8767,#8773,#8774,#8775));
#8767 = ORIENTED_EDGE('',*,*,#8768,.T.);
#8768 = EDGE_CURVE('',#6098,#7242,#8769,.T.);
#8769 = LINE('',#8770,#8771);
#8770 = CARTESIAN_POINT('',(6.269771,-13.33734,0.));
#8771 = VECTOR('',#8772,1.);
#8772 = DIRECTION('',(0.,0.,1.));
#8773 = ORIENTED_EDGE('',*,*,#7241,.T.);
#8774 = ORIENTED_EDGE('',*,*,#8746,.F.);
#8775 = ORIENTED_EDGE('',*,*,#6097,.F.);
#8776 = PLANE('',#8777);
#8777 = AXIS2_PLACEMENT_3D('',#8778,#8779,#8780);
#8778 = CARTESIAN_POINT('',(6.269771,-13.33734,0.));
#8779 = DIRECTION('',(0.,-1.,0.));
#8780 = DIRECTION('',(-1.,0.,0.));
#8781 = ADVANCED_FACE('',(#8782),#8793,.T.);
#8782 = FACE_BOUND('',#8783,.T.);
#8783 = EDGE_LOOP('',(#8784,#8785,#8786,#8792));
#8784 = ORIENTED_EDGE('',*,*,#8753,.T.);
#8785 = ORIENTED_EDGE('',*,*,#7292,.T.);
#8786 = ORIENTED_EDGE('',*,*,#8787,.F.);
#8787 = EDGE_CURVE('',#6140,#7284,#8788,.T.);
#8788 = LINE('',#8789,#8790);
#8789 = CARTESIAN_POINT('',(-7.430229,-27.03734,0.));
#8790 = VECTOR('',#8791,1.);
#8791 = DIRECTION('',(0.,0.,1.));
#8792 = ORIENTED_EDGE('',*,*,#6148,.F.);
#8793 = PLANE('',#8794);
#8794 = AXIS2_PLACEMENT_3D('',#8795,#8796,#8797);
#8795 = CARTESIAN_POINT('',(-7.430229,-13.63734,0.));
#8796 = DIRECTION('',(1.,0.,-0.));
#8797 = DIRECTION('',(0.,-1.,0.));
#8798 = ADVANCED_FACE('',(#8799),#8810,.F.);
#8799 = FACE_BOUND('',#8800,.T.);
#8800 = EDGE_LOOP('',(#8801,#8807,#8808,#8809));
#8801 = ORIENTED_EDGE('',*,*,#8802,.T.);
#8802 = EDGE_CURVE('',#6106,#7250,#8803,.T.);
#8803 = LINE('',#8804,#8805);
#8804 = CARTESIAN_POINT('',(6.569771,-13.63734,0.));
#8805 = VECTOR('',#8806,1.);
#8806 = DIRECTION('',(0.,0.,1.));
#8807 = ORIENTED_EDGE('',*,*,#7249,.T.);
#8808 = ORIENTED_EDGE('',*,*,#8768,.F.);
#8809 = ORIENTED_EDGE('',*,*,#6105,.F.);
#8810 = CYLINDRICAL_SURFACE('',#8811,0.300054761701);
#8811 = AXIS2_PLACEMENT_3D('',#8812,#8813,#8814);
#8812 = CARTESIAN_POINT('',(6.269716243295,-13.6373947567,0.));
#8813 = DIRECTION('',(-0.,-0.,-1.));
#8814 = DIRECTION('',(0.999999983349,1.824890393E-04,-0.));
#8815 = ADVANCED_FACE('',(#8816),#8827,.F.);
#8816 = FACE_BOUND('',#8817,.T.);
#8817 = EDGE_LOOP('',(#8818,#8819,#8820,#8826));
#8818 = ORIENTED_EDGE('',*,*,#8787,.T.);
#8819 = ORIENTED_EDGE('',*,*,#7283,.T.);
#8820 = ORIENTED_EDGE('',*,*,#8821,.F.);
#8821 = EDGE_CURVE('',#6132,#7276,#8822,.T.);
#8822 = LINE('',#8823,#8824);
#8823 = CARTESIAN_POINT('',(-7.130229,-27.33734,0.));
#8824 = VECTOR('',#8825,1.);
#8825 = DIRECTION('',(0.,0.,1.));
#8826 = ORIENTED_EDGE('',*,*,#6139,.F.);
#8827 = CYLINDRICAL_SURFACE('',#8828,0.300000117299);
#8828 = AXIS2_PLACEMENT_3D('',#8829,#8830,#8831);
#8829 = CARTESIAN_POINT('',(-7.130228882701,-27.0373398827,0.));
#8830 = DIRECTION('',(-0.,-0.,-1.));
#8831 = DIRECTION('',(-1.,-3.909953616065E-07,0.));
#8832 = ADVANCED_FACE('',(#8833),#8844,.T.);
#8833 = FACE_BOUND('',#8834,.T.);
#8834 = EDGE_LOOP('',(#8835,#8841,#8842,#8843));
#8835 = ORIENTED_EDGE('',*,*,#8836,.T.);
#8836 = EDGE_CURVE('',#6115,#7259,#8837,.T.);
#8837 = LINE('',#8838,#8839);
#8838 = CARTESIAN_POINT('',(6.569771,-27.03734,0.));
#8839 = VECTOR('',#8840,1.);
#8840 = DIRECTION('',(0.,0.,1.));
#8841 = ORIENTED_EDGE('',*,*,#7258,.T.);
#8842 = ORIENTED_EDGE('',*,*,#8802,.F.);
#8843 = ORIENTED_EDGE('',*,*,#6114,.F.);
#8844 = PLANE('',#8845);
#8845 = AXIS2_PLACEMENT_3D('',#8846,#8847,#8848);
#8846 = CARTESIAN_POINT('',(6.569771,-27.03734,0.));
#8847 = DIRECTION('',(-1.,0.,0.));
#8848 = DIRECTION('',(0.,1.,0.));
#8849 = ADVANCED_FACE('',(#8850),#8861,.T.);
#8850 = FACE_BOUND('',#8851,.T.);
#8851 = EDGE_LOOP('',(#8852,#8853,#8854,#8860));
#8852 = ORIENTED_EDGE('',*,*,#8821,.T.);
#8853 = ORIENTED_EDGE('',*,*,#7275,.T.);
#8854 = ORIENTED_EDGE('',*,*,#8855,.F.);
#8855 = EDGE_CURVE('',#6123,#7267,#8856,.T.);
#8856 = LINE('',#8857,#8858);
#8857 = CARTESIAN_POINT('',(6.269771,-27.33734,0.));
#8858 = VECTOR('',#8859,1.);
#8859 = DIRECTION('',(0.,0.,1.));
#8860 = ORIENTED_EDGE('',*,*,#6131,.F.);
#8861 = PLANE('',#8862);
#8862 = AXIS2_PLACEMENT_3D('',#8863,#8864,#8865);
#8863 = CARTESIAN_POINT('',(-7.130229,-27.33734,0.));
#8864 = DIRECTION('',(0.,1.,0.));
#8865 = DIRECTION('',(1.,0.,0.));
#8866 = ADVANCED_FACE('',(#8867),#8873,.F.);
#8867 = FACE_BOUND('',#8868,.T.);
#8868 = EDGE_LOOP('',(#8869,#8870,#8871,#8872));
#8869 = ORIENTED_EDGE('',*,*,#8855,.T.);
#8870 = ORIENTED_EDGE('',*,*,#7266,.T.);
#8871 = ORIENTED_EDGE('',*,*,#8836,.F.);
#8872 = ORIENTED_EDGE('',*,*,#6122,.F.);
#8873 = CYLINDRICAL_SURFACE('',#8874,0.300000117299);
#8874 = AXIS2_PLACEMENT_3D('',#8875,#8876,#8877);
#8875 = CARTESIAN_POINT('',(6.269770882701,-27.0373398827,0.));
#8876 = DIRECTION('',(-0.,-0.,-1.));
#8877 = DIRECTION('',(3.909953675276E-07,-1.,0.));
#8878 = ADVANCED_FACE('',(#8879),#8895,.F.);
#8879 = FACE_BOUND('',#8880,.T.);
#8880 = EDGE_LOOP('',(#8881,#8887,#8888,#8894));
#8881 = ORIENTED_EDGE('',*,*,#8882,.T.);
#8882 = EDGE_CURVE('',#6157,#7301,#8883,.T.);
#8883 = LINE('',#8884,#8885);
#8884 = CARTESIAN_POINT('',(-7.130229,5.71266,0.));
#8885 = VECTOR('',#8886,1.);
#8886 = DIRECTION('',(0.,0.,1.));
#8887 = ORIENTED_EDGE('',*,*,#7300,.T.);
#8888 = ORIENTED_EDGE('',*,*,#8889,.F.);
#8889 = EDGE_CURVE('',#6159,#7303,#8890,.T.);
#8890 = LINE('',#8891,#8892);
#8891 = CARTESIAN_POINT('',(-7.430229,5.41266,0.));
#8892 = VECTOR('',#8893,1.);
#8893 = DIRECTION('',(0.,0.,1.));
#8894 = ORIENTED_EDGE('',*,*,#6156,.F.);
#8895 = CYLINDRICAL_SURFACE('',#8896,0.300063302461);
#8896 = AXIS2_PLACEMENT_3D('',#8897,#8898,#8899);
#8897 = CARTESIAN_POINT('',(-7.130165704215,5.412596704215,0.));
#8898 = DIRECTION('',(-0.,-0.,-1.));
#8899 = DIRECTION('',(-2.109414400727E-04,0.999999977752,0.));
#8900 = ADVANCED_FACE('',(#8901),#8912,.T.);
#8901 = FACE_BOUND('',#8902,.T.);
#8902 = EDGE_LOOP('',(#8903,#8909,#8910,#8911));
#8903 = ORIENTED_EDGE('',*,*,#8904,.T.);
#8904 = EDGE_CURVE('',#6168,#7312,#8905,.T.);
#8905 = LINE('',#8906,#8907);
#8906 = CARTESIAN_POINT('',(6.269771,5.71266,0.));
#8907 = VECTOR('',#8908,1.);
#8908 = DIRECTION('',(0.,0.,1.));
#8909 = ORIENTED_EDGE('',*,*,#7311,.T.);
#8910 = ORIENTED_EDGE('',*,*,#8882,.F.);
#8911 = ORIENTED_EDGE('',*,*,#6167,.F.);
#8912 = PLANE('',#8913);
#8913 = AXIS2_PLACEMENT_3D('',#8914,#8915,#8916);
#8914 = CARTESIAN_POINT('',(6.269771,5.71266,0.));
#8915 = DIRECTION('',(0.,-1.,0.));
#8916 = DIRECTION('',(-1.,0.,0.));
#8917 = ADVANCED_FACE('',(#8918),#8929,.T.);
#8918 = FACE_BOUND('',#8919,.T.);
#8919 = EDGE_LOOP('',(#8920,#8921,#8922,#8928));
#8920 = ORIENTED_EDGE('',*,*,#8889,.T.);
#8921 = ORIENTED_EDGE('',*,*,#7362,.T.);
#8922 = ORIENTED_EDGE('',*,*,#8923,.F.);
#8923 = EDGE_CURVE('',#6210,#7354,#8924,.T.);
#8924 = LINE('',#8925,#8926);
#8925 = CARTESIAN_POINT('',(-7.430229,-7.98734,0.));
#8926 = VECTOR('',#8927,1.);
#8927 = DIRECTION('',(0.,0.,1.));
#8928 = ORIENTED_EDGE('',*,*,#6218,.F.);
#8929 = PLANE('',#8930);
#8930 = AXIS2_PLACEMENT_3D('',#8931,#8932,#8933);
#8931 = CARTESIAN_POINT('',(-7.430229,5.41266,0.));
#8932 = DIRECTION('',(1.,0.,-0.));
#8933 = DIRECTION('',(0.,-1.,0.));
#8934 = ADVANCED_FACE('',(#8935),#8946,.F.);
#8935 = FACE_BOUND('',#8936,.T.);
#8936 = EDGE_LOOP('',(#8937,#8943,#8944,#8945));
#8937 = ORIENTED_EDGE('',*,*,#8938,.T.);
#8938 = EDGE_CURVE('',#6176,#7320,#8939,.T.);
#8939 = LINE('',#8940,#8941);
#8940 = CARTESIAN_POINT('',(6.569771,5.41266,0.));
#8941 = VECTOR('',#8942,1.);
#8942 = DIRECTION('',(0.,0.,1.));
#8943 = ORIENTED_EDGE('',*,*,#7319,.T.);
#8944 = ORIENTED_EDGE('',*,*,#8904,.F.);
#8945 = ORIENTED_EDGE('',*,*,#6175,.F.);
#8946 = CYLINDRICAL_SURFACE('',#8947,0.300054761701);
#8947 = AXIS2_PLACEMENT_3D('',#8948,#8949,#8950);
#8948 = CARTESIAN_POINT('',(6.269716243295,5.412605243295,0.));
#8949 = DIRECTION('',(-0.,-0.,-1.));
#8950 = DIRECTION('',(0.999999983349,1.824890392911E-04,-0.));
#8951 = ADVANCED_FACE('',(#8952),#8963,.F.);
#8952 = FACE_BOUND('',#8953,.T.);
#8953 = EDGE_LOOP('',(#8954,#8955,#8956,#8962));
#8954 = ORIENTED_EDGE('',*,*,#8923,.T.);
#8955 = ORIENTED_EDGE('',*,*,#7353,.T.);
#8956 = ORIENTED_EDGE('',*,*,#8957,.F.);
#8957 = EDGE_CURVE('',#6202,#7346,#8958,.T.);
#8958 = LINE('',#8959,#8960);
#8959 = CARTESIAN_POINT('',(-7.130229,-8.28734,0.));
#8960 = VECTOR('',#8961,1.);
#8961 = DIRECTION('',(0.,0.,1.));
#8962 = ORIENTED_EDGE('',*,*,#6209,.F.);
#8963 = CYLINDRICAL_SURFACE('',#8964,0.299945506713);
#8964 = AXIS2_PLACEMENT_3D('',#8965,#8966,#8967);
#8965 = CARTESIAN_POINT('',(-7.130283498238,-7.987394498238,0.));
#8966 = DIRECTION('',(-0.,-0.,-1.));
#8967 = DIRECTION('',(-0.999999983494,1.816937972309E-04,0.));
#8968 = ADVANCED_FACE('',(#8969),#8980,.T.);
#8969 = FACE_BOUND('',#8970,.T.);
#8970 = EDGE_LOOP('',(#8971,#8977,#8978,#8979));
#8971 = ORIENTED_EDGE('',*,*,#8972,.T.);
#8972 = EDGE_CURVE('',#6185,#7329,#8973,.T.);
#8973 = LINE('',#8974,#8975);
#8974 = CARTESIAN_POINT('',(6.569771,-7.98734,0.));
#8975 = VECTOR('',#8976,1.);
#8976 = DIRECTION('',(0.,0.,1.));
#8977 = ORIENTED_EDGE('',*,*,#7328,.T.);
#8978 = ORIENTED_EDGE('',*,*,#8938,.F.);
#8979 = ORIENTED_EDGE('',*,*,#6184,.F.);
#8980 = PLANE('',#8981);
#8981 = AXIS2_PLACEMENT_3D('',#8982,#8983,#8984);
#8982 = CARTESIAN_POINT('',(6.569771,-7.98734,0.));
#8983 = DIRECTION('',(-1.,0.,0.));
#8984 = DIRECTION('',(0.,1.,0.));
#8985 = ADVANCED_FACE('',(#8986),#8997,.T.);
#8986 = FACE_BOUND('',#8987,.T.);
#8987 = EDGE_LOOP('',(#8988,#8989,#8990,#8996));
#8988 = ORIENTED_EDGE('',*,*,#8957,.T.);
#8989 = ORIENTED_EDGE('',*,*,#7345,.T.);
#8990 = ORIENTED_EDGE('',*,*,#8991,.F.);
#8991 = EDGE_CURVE('',#6193,#7337,#8992,.T.);
#8992 = LINE('',#8993,#8994);
#8993 = CARTESIAN_POINT('',(6.269771,-8.28734,0.));
#8994 = VECTOR('',#8995,1.);
#8995 = DIRECTION('',(0.,0.,1.));
#8996 = ORIENTED_EDGE('',*,*,#6201,.F.);
#8997 = PLANE('',#8998);
#8998 = AXIS2_PLACEMENT_3D('',#8999,#9000,#9001);
#8999 = CARTESIAN_POINT('',(-7.130229,-8.28734,0.));
#9000 = DIRECTION('',(0.,1.,0.));
#9001 = DIRECTION('',(1.,0.,0.));
#9002 = ADVANCED_FACE('',(#9003),#9009,.F.);
#9003 = FACE_BOUND('',#9004,.T.);
#9004 = EDGE_LOOP('',(#9005,#9006,#9007,#9008));
#9005 = ORIENTED_EDGE('',*,*,#8991,.T.);
#9006 = ORIENTED_EDGE('',*,*,#7336,.T.);
#9007 = ORIENTED_EDGE('',*,*,#8972,.F.);
#9008 = ORIENTED_EDGE('',*,*,#6192,.F.);
#9009 = CYLINDRICAL_SURFACE('',#9010,0.300000117299);
#9010 = AXIS2_PLACEMENT_3D('',#9011,#9012,#9013);
#9011 = CARTESIAN_POINT('',(6.269770882701,-7.987339882701,0.));
#9012 = DIRECTION('',(-0.,-0.,-1.));
#9013 = DIRECTION('',(3.909953645671E-07,-1.,0.));
#9014 = ADVANCED_FACE('',(#9015),#9026,.F.);
#9015 = FACE_BOUND('',#9016,.T.);
#9016 = EDGE_LOOP('',(#9017,#9018,#9024,#9025));
#9017 = ORIENTED_EDGE('',*,*,#6226,.T.);
#9018 = ORIENTED_EDGE('',*,*,#9019,.T.);
#9019 = EDGE_CURVE('',#6227,#7371,#9020,.T.);
#9020 = LINE('',#9021,#9022);
#9021 = CARTESIAN_POINT('',(29.,-57.6,-4.6E-02));
#9022 = VECTOR('',#9023,1.);
#9023 = DIRECTION('',(0.,0.,1.));
#9024 = ORIENTED_EDGE('',*,*,#7370,.F.);
#9025 = ORIENTED_EDGE('',*,*,#9019,.F.);
#9026 = CYLINDRICAL_SURFACE('',#9027,1.1);
#9027 = AXIS2_PLACEMENT_3D('',#9028,#9029,#9030);
#9028 = CARTESIAN_POINT('',(29.,-56.5,-4.6E-02));
#9029 = DIRECTION('',(-0.,-0.,-1.));
#9030 = DIRECTION('',(-0.,-1.,0.));
#9031 = ADVANCED_FACE('',(#9032),#9048,.F.);
#9032 = FACE_BOUND('',#9033,.T.);
#9033 = EDGE_LOOP('',(#9034,#9040,#9041,#9047));
#9034 = ORIENTED_EDGE('',*,*,#9035,.T.);
#9035 = EDGE_CURVE('',#6238,#7382,#9036,.T.);
#9036 = LINE('',#9037,#9038);
#9037 = CARTESIAN_POINT('',(11.919771,-32.38734,0.));
#9038 = VECTOR('',#9039,1.);
#9039 = DIRECTION('',(0.,0.,1.));
#9040 = ORIENTED_EDGE('',*,*,#7381,.T.);
#9041 = ORIENTED_EDGE('',*,*,#9042,.F.);
#9042 = EDGE_CURVE('',#6240,#7384,#9043,.T.);
#9043 = LINE('',#9044,#9045);
#9044 = CARTESIAN_POINT('',(11.619771,-32.68734,0.));
#9045 = VECTOR('',#9046,1.);
#9046 = DIRECTION('',(0.,0.,1.));
#9047 = ORIENTED_EDGE('',*,*,#6237,.F.);
#9048 = CYLINDRICAL_SURFACE('',#9049,0.300063302461);
#9049 = AXIS2_PLACEMENT_3D('',#9050,#9051,#9052);
#9050 = CARTESIAN_POINT('',(11.919834295785,-32.68740329578,0.));
#9051 = DIRECTION('',(-0.,-0.,-1.));
#9052 = DIRECTION('',(-2.109414400608E-04,0.999999977752,0.));
#9053 = ADVANCED_FACE('',(#9054),#9065,.T.);
#9054 = FACE_BOUND('',#9055,.T.);
#9055 = EDGE_LOOP('',(#9056,#9062,#9063,#9064));
#9056 = ORIENTED_EDGE('',*,*,#9057,.T.);
#9057 = EDGE_CURVE('',#6249,#7393,#9058,.T.);
#9058 = LINE('',#9059,#9060);
#9059 = CARTESIAN_POINT('',(25.319771,-32.38734,0.));
#9060 = VECTOR('',#9061,1.);
#9061 = DIRECTION('',(0.,0.,1.));
#9062 = ORIENTED_EDGE('',*,*,#7392,.T.);
#9063 = ORIENTED_EDGE('',*,*,#9035,.F.);
#9064 = ORIENTED_EDGE('',*,*,#6248,.F.);
#9065 = PLANE('',#9066);
#9066 = AXIS2_PLACEMENT_3D('',#9067,#9068,#9069);
#9067 = CARTESIAN_POINT('',(25.319771,-32.38734,0.));
#9068 = DIRECTION('',(0.,-1.,0.));
#9069 = DIRECTION('',(-1.,0.,0.));
#9070 = ADVANCED_FACE('',(#9071),#9082,.T.);
#9071 = FACE_BOUND('',#9072,.T.);
#9072 = EDGE_LOOP('',(#9073,#9074,#9075,#9081));
#9073 = ORIENTED_EDGE('',*,*,#9042,.T.);
#9074 = ORIENTED_EDGE('',*,*,#7443,.T.);
#9075 = ORIENTED_EDGE('',*,*,#9076,.F.);
#9076 = EDGE_CURVE('',#6291,#7435,#9077,.T.);
#9077 = LINE('',#9078,#9079);
#9078 = CARTESIAN_POINT('',(11.619771,-46.08734,0.));
#9079 = VECTOR('',#9080,1.);
#9080 = DIRECTION('',(0.,0.,1.));
#9081 = ORIENTED_EDGE('',*,*,#6299,.F.);
#9082 = PLANE('',#9083);
#9083 = AXIS2_PLACEMENT_3D('',#9084,#9085,#9086);
#9084 = CARTESIAN_POINT('',(11.619771,-32.68734,0.));
#9085 = DIRECTION('',(1.,0.,-0.));
#9086 = DIRECTION('',(0.,-1.,0.));
#9087 = ADVANCED_FACE('',(#9088),#9099,.F.);
#9088 = FACE_BOUND('',#9089,.T.);
#9089 = EDGE_LOOP('',(#9090,#9096,#9097,#9098));
#9090 = ORIENTED_EDGE('',*,*,#9091,.T.);
#9091 = EDGE_CURVE('',#6257,#7401,#9092,.T.);
#9092 = LINE('',#9093,#9094);
#9093 = CARTESIAN_POINT('',(25.619771,-32.68734,0.));
#9094 = VECTOR('',#9095,1.);
#9095 = DIRECTION('',(0.,0.,1.));
#9096 = ORIENTED_EDGE('',*,*,#7400,.T.);
#9097 = ORIENTED_EDGE('',*,*,#9057,.F.);
#9098 = ORIENTED_EDGE('',*,*,#6256,.F.);
#9099 = CYLINDRICAL_SURFACE('',#9100,0.300054761701);
#9100 = AXIS2_PLACEMENT_3D('',#9101,#9102,#9103);
#9101 = CARTESIAN_POINT('',(25.319716243295,-32.6873947567,0.));
#9102 = DIRECTION('',(-0.,-0.,-1.));
#9103 = DIRECTION('',(0.999999983349,1.824890392644E-04,-0.));
#9104 = ADVANCED_FACE('',(#9105),#9116,.F.);
#9105 = FACE_BOUND('',#9106,.T.);
#9106 = EDGE_LOOP('',(#9107,#9108,#9109,#9115));
#9107 = ORIENTED_EDGE('',*,*,#9076,.T.);
#9108 = ORIENTED_EDGE('',*,*,#7434,.T.);
#9109 = ORIENTED_EDGE('',*,*,#9110,.F.);
#9110 = EDGE_CURVE('',#6283,#7427,#9111,.T.);
#9111 = LINE('',#9112,#9113);
#9112 = CARTESIAN_POINT('',(11.919771,-46.38734,0.));
#9113 = VECTOR('',#9114,1.);
#9114 = DIRECTION('',(0.,0.,1.));
#9115 = ORIENTED_EDGE('',*,*,#6290,.F.);
#9116 = CYLINDRICAL_SURFACE('',#9117,0.300000117299);
#9117 = AXIS2_PLACEMENT_3D('',#9118,#9119,#9120);
#9118 = CARTESIAN_POINT('',(11.919771117299,-46.0873398827,0.));
#9119 = DIRECTION('',(-0.,-0.,-1.));
#9120 = DIRECTION('',(-1.,-3.909953616065E-07,0.));
#9121 = ADVANCED_FACE('',(#9122),#9133,.T.);
#9122 = FACE_BOUND('',#9123,.T.);
#9123 = EDGE_LOOP('',(#9124,#9130,#9131,#9132));
#9124 = ORIENTED_EDGE('',*,*,#9125,.T.);
#9125 = EDGE_CURVE('',#6266,#7410,#9126,.T.);
#9126 = LINE('',#9127,#9128);
#9127 = CARTESIAN_POINT('',(25.619771,-46.08734,0.));
#9128 = VECTOR('',#9129,1.);
#9129 = DIRECTION('',(0.,0.,1.));
#9130 = ORIENTED_EDGE('',*,*,#7409,.T.);
#9131 = ORIENTED_EDGE('',*,*,#9091,.F.);
#9132 = ORIENTED_EDGE('',*,*,#6265,.F.);
#9133 = PLANE('',#9134);
#9134 = AXIS2_PLACEMENT_3D('',#9135,#9136,#9137);
#9135 = CARTESIAN_POINT('',(25.619771,-46.08734,0.));
#9136 = DIRECTION('',(-1.,0.,0.));
#9137 = DIRECTION('',(0.,1.,0.));
#9138 = ADVANCED_FACE('',(#9139),#9150,.T.);
#9139 = FACE_BOUND('',#9140,.T.);
#9140 = EDGE_LOOP('',(#9141,#9142,#9143,#9149));
#9141 = ORIENTED_EDGE('',*,*,#9110,.T.);
#9142 = ORIENTED_EDGE('',*,*,#7426,.T.);
#9143 = ORIENTED_EDGE('',*,*,#9144,.F.);
#9144 = EDGE_CURVE('',#6274,#7418,#9145,.T.);
#9145 = LINE('',#9146,#9147);
#9146 = CARTESIAN_POINT('',(25.319771,-46.38734,0.));
#9147 = VECTOR('',#9148,1.);
#9148 = DIRECTION('',(0.,0.,1.));
#9149 = ORIENTED_EDGE('',*,*,#6282,.F.);
#9150 = PLANE('',#9151);
#9151 = AXIS2_PLACEMENT_3D('',#9152,#9153,#9154);
#9152 = CARTESIAN_POINT('',(11.919771,-46.38734,0.));
#9153 = DIRECTION('',(0.,1.,0.));
#9154 = DIRECTION('',(1.,0.,0.));
#9155 = ADVANCED_FACE('',(#9156),#9162,.F.);
#9156 = FACE_BOUND('',#9157,.T.);
#9157 = EDGE_LOOP('',(#9158,#9159,#9160,#9161));
#9158 = ORIENTED_EDGE('',*,*,#9144,.T.);
#9159 = ORIENTED_EDGE('',*,*,#7417,.T.);
#9160 = ORIENTED_EDGE('',*,*,#9125,.F.);
#9161 = ORIENTED_EDGE('',*,*,#6273,.F.);
#9162 = CYLINDRICAL_SURFACE('',#9163,0.299936976378);
#9163 = AXIS2_PLACEMENT_3D('',#9164,#9165,#9166);
#9164 = CARTESIAN_POINT('',(25.319834030245,-46.08740303024,0.));
#9165 = DIRECTION('',(-0.,-0.,-1.));
#9166 = DIRECTION('',(-2.101449640654E-04,-0.99999997792,0.));
#9167 = ADVANCED_FACE('',(#9168),#9184,.F.);
#9168 = FACE_BOUND('',#9169,.T.);
#9169 = EDGE_LOOP('',(#9170,#9176,#9177,#9183));
#9170 = ORIENTED_EDGE('',*,*,#9171,.T.);
#9171 = EDGE_CURVE('',#6308,#7452,#9172,.T.);
#9172 = LINE('',#9173,#9174);
#9173 = CARTESIAN_POINT('',(11.919771,-13.33734,0.));
#9174 = VECTOR('',#9175,1.);
#9175 = DIRECTION('',(0.,0.,1.));
#9176 = ORIENTED_EDGE('',*,*,#7451,.T.);
#9177 = ORIENTED_EDGE('',*,*,#9178,.F.);
#9178 = EDGE_CURVE('',#6310,#7454,#9179,.T.);
#9179 = LINE('',#9180,#9181);
#9180 = CARTESIAN_POINT('',(11.619771,-13.63734,0.));
#9181 = VECTOR('',#9182,1.);
#9182 = DIRECTION('',(0.,0.,1.));
#9183 = ORIENTED_EDGE('',*,*,#6307,.F.);
#9184 = CYLINDRICAL_SURFACE('',#9185,0.300000117299);
#9185 = AXIS2_PLACEMENT_3D('',#9186,#9187,#9188);
#9186 = CARTESIAN_POINT('',(11.919771117299,-13.63734011729,0.));
#9187 = DIRECTION('',(-0.,-0.,-1.));
#9188 = DIRECTION('',(-3.909953616065E-07,1.,0.));
#9189 = ADVANCED_FACE('',(#9190),#9201,.T.);
#9190 = FACE_BOUND('',#9191,.T.);
#9191 = EDGE_LOOP('',(#9192,#9198,#9199,#9200));
#9192 = ORIENTED_EDGE('',*,*,#9193,.T.);
#9193 = EDGE_CURVE('',#6319,#7463,#9194,.T.);
#9194 = LINE('',#9195,#9196);
#9195 = CARTESIAN_POINT('',(25.319771,-13.33734,0.));
#9196 = VECTOR('',#9197,1.);
#9197 = DIRECTION('',(0.,0.,1.));
#9198 = ORIENTED_EDGE('',*,*,#7462,.T.);
#9199 = ORIENTED_EDGE('',*,*,#9171,.F.);
#9200 = ORIENTED_EDGE('',*,*,#6318,.F.);
#9201 = PLANE('',#9202);
#9202 = AXIS2_PLACEMENT_3D('',#9203,#9204,#9205);
#9203 = CARTESIAN_POINT('',(25.319771,-13.33734,0.));
#9204 = DIRECTION('',(0.,-1.,0.));
#9205 = DIRECTION('',(-1.,0.,0.));
#9206 = ADVANCED_FACE('',(#9207),#9218,.T.);
#9207 = FACE_BOUND('',#9208,.T.);
#9208 = EDGE_LOOP('',(#9209,#9210,#9211,#9217));
#9209 = ORIENTED_EDGE('',*,*,#9178,.T.);
#9210 = ORIENTED_EDGE('',*,*,#7513,.T.);
#9211 = ORIENTED_EDGE('',*,*,#9212,.F.);
#9212 = EDGE_CURVE('',#6361,#7505,#9213,.T.);
#9213 = LINE('',#9214,#9215);
#9214 = CARTESIAN_POINT('',(11.619771,-27.03734,0.));
#9215 = VECTOR('',#9216,1.);
#9216 = DIRECTION('',(0.,0.,1.));
#9217 = ORIENTED_EDGE('',*,*,#6369,.F.);
#9218 = PLANE('',#9219);
#9219 = AXIS2_PLACEMENT_3D('',#9220,#9221,#9222);
#9220 = CARTESIAN_POINT('',(11.619771,-13.63734,0.));
#9221 = DIRECTION('',(1.,0.,-0.));
#9222 = DIRECTION('',(0.,-1.,0.));
#9223 = ADVANCED_FACE('',(#9224),#9235,.F.);
#9224 = FACE_BOUND('',#9225,.T.);
#9225 = EDGE_LOOP('',(#9226,#9232,#9233,#9234));
#9226 = ORIENTED_EDGE('',*,*,#9227,.T.);
#9227 = EDGE_CURVE('',#6327,#7471,#9228,.T.);
#9228 = LINE('',#9229,#9230);
#9229 = CARTESIAN_POINT('',(25.619771,-13.63734,0.));
#9230 = VECTOR('',#9231,1.);
#9231 = DIRECTION('',(0.,0.,1.));
#9232 = ORIENTED_EDGE('',*,*,#7470,.T.);
#9233 = ORIENTED_EDGE('',*,*,#9193,.F.);
#9234 = ORIENTED_EDGE('',*,*,#6326,.F.);
#9235 = CYLINDRICAL_SURFACE('',#9236,0.300054761701);
#9236 = AXIS2_PLACEMENT_3D('',#9237,#9238,#9239);
#9237 = CARTESIAN_POINT('',(25.319716243295,-13.6373947567,0.));
#9238 = DIRECTION('',(-0.,-0.,-1.));
#9239 = DIRECTION('',(0.999999983349,1.82489039294E-04,-0.));
#9240 = ADVANCED_FACE('',(#9241),#9252,.F.);
#9241 = FACE_BOUND('',#9242,.T.);
#9242 = EDGE_LOOP('',(#9243,#9244,#9245,#9251));
#9243 = ORIENTED_EDGE('',*,*,#9212,.T.);
#9244 = ORIENTED_EDGE('',*,*,#7504,.T.);
#9245 = ORIENTED_EDGE('',*,*,#9246,.F.);
#9246 = EDGE_CURVE('',#6353,#7497,#9247,.T.);
#9247 = LINE('',#9248,#9249);
#9248 = CARTESIAN_POINT('',(11.919771,-27.33734,0.));
#9249 = VECTOR('',#9250,1.);
#9250 = DIRECTION('',(0.,0.,1.));
#9251 = ORIENTED_EDGE('',*,*,#6360,.F.);
#9252 = CYLINDRICAL_SURFACE('',#9253,0.299945506713);
#9253 = AXIS2_PLACEMENT_3D('',#9254,#9255,#9256);
#9254 = CARTESIAN_POINT('',(11.919716501762,-27.03739449823,0.));
#9255 = DIRECTION('',(-0.,-0.,-1.));
#9256 = DIRECTION('',(-0.999999983494,1.81693797225E-04,0.));
#9257 = ADVANCED_FACE('',(#9258),#9269,.T.);
#9258 = FACE_BOUND('',#9259,.T.);
#9259 = EDGE_LOOP('',(#9260,#9266,#9267,#9268));
#9260 = ORIENTED_EDGE('',*,*,#9261,.T.);
#9261 = EDGE_CURVE('',#6336,#7480,#9262,.T.);
#9262 = LINE('',#9263,#9264);
#9263 = CARTESIAN_POINT('',(25.619771,-27.03734,0.));
#9264 = VECTOR('',#9265,1.);
#9265 = DIRECTION('',(0.,0.,1.));
#9266 = ORIENTED_EDGE('',*,*,#7479,.T.);
#9267 = ORIENTED_EDGE('',*,*,#9227,.F.);
#9268 = ORIENTED_EDGE('',*,*,#6335,.F.);
#9269 = PLANE('',#9270);
#9270 = AXIS2_PLACEMENT_3D('',#9271,#9272,#9273);
#9271 = CARTESIAN_POINT('',(25.619771,-27.03734,0.));
#9272 = DIRECTION('',(-1.,0.,0.));
#9273 = DIRECTION('',(0.,1.,0.));
#9274 = ADVANCED_FACE('',(#9275),#9286,.T.);
#9275 = FACE_BOUND('',#9276,.T.);
#9276 = EDGE_LOOP('',(#9277,#9278,#9279,#9285));
#9277 = ORIENTED_EDGE('',*,*,#9246,.T.);
#9278 = ORIENTED_EDGE('',*,*,#7496,.T.);
#9279 = ORIENTED_EDGE('',*,*,#9280,.F.);
#9280 = EDGE_CURVE('',#6344,#7488,#9281,.T.);
#9281 = LINE('',#9282,#9283);
#9282 = CARTESIAN_POINT('',(25.319771,-27.33734,0.));
#9283 = VECTOR('',#9284,1.);
#9284 = DIRECTION('',(0.,0.,1.));
#9285 = ORIENTED_EDGE('',*,*,#6352,.F.);
#9286 = PLANE('',#9287);
#9287 = AXIS2_PLACEMENT_3D('',#9288,#9289,#9290);
#9288 = CARTESIAN_POINT('',(11.919771,-27.33734,0.));
#9289 = DIRECTION('',(0.,1.,0.));
#9290 = DIRECTION('',(1.,0.,0.));
#9291 = ADVANCED_FACE('',(#9292),#9298,.F.);
#9292 = FACE_BOUND('',#9293,.T.);
#9293 = EDGE_LOOP('',(#9294,#9295,#9296,#9297));
#9294 = ORIENTED_EDGE('',*,*,#9280,.T.);
#9295 = ORIENTED_EDGE('',*,*,#7487,.T.);
#9296 = ORIENTED_EDGE('',*,*,#9261,.F.);
#9297 = ORIENTED_EDGE('',*,*,#6343,.F.);
#9298 = CYLINDRICAL_SURFACE('',#9299,0.300000117299);
#9299 = AXIS2_PLACEMENT_3D('',#9300,#9301,#9302);
#9300 = CARTESIAN_POINT('',(25.319770882701,-27.0373398827,0.));
#9301 = DIRECTION('',(-0.,-0.,-1.));
#9302 = DIRECTION('',(3.909953616065E-07,-1.,0.));
#9303 = ADVANCED_FACE('',(#9304),#9320,.F.);
#9304 = FACE_BOUND('',#9305,.T.);
#9305 = EDGE_LOOP('',(#9306,#9312,#9313,#9319));
#9306 = ORIENTED_EDGE('',*,*,#9307,.T.);
#9307 = EDGE_CURVE('',#6378,#7522,#9308,.T.);
#9308 = LINE('',#9309,#9310);
#9309 = CARTESIAN_POINT('',(11.919771,5.71266,0.));
#9310 = VECTOR('',#9311,1.);
#9311 = DIRECTION('',(0.,0.,1.));
#9312 = ORIENTED_EDGE('',*,*,#7521,.T.);
#9313 = ORIENTED_EDGE('',*,*,#9314,.F.);
#9314 = EDGE_CURVE('',#6380,#7524,#9315,.T.);
#9315 = LINE('',#9316,#9317);
#9316 = CARTESIAN_POINT('',(11.619771,5.41266,0.));
#9317 = VECTOR('',#9318,1.);
#9318 = DIRECTION('',(0.,0.,1.));
#9319 = ORIENTED_EDGE('',*,*,#6377,.F.);
#9320 = CYLINDRICAL_SURFACE('',#9321,0.300063302461);
#9321 = AXIS2_PLACEMENT_3D('',#9322,#9323,#9324);
#9322 = CARTESIAN_POINT('',(11.919834295785,5.412596704215,0.));
#9323 = DIRECTION('',(-0.,-0.,-1.));
#9324 = DIRECTION('',(-2.109414400727E-04,0.999999977752,0.));
#9325 = ADVANCED_FACE('',(#9326),#9337,.T.);
#9326 = FACE_BOUND('',#9327,.T.);
#9327 = EDGE_LOOP('',(#9328,#9334,#9335,#9336));
#9328 = ORIENTED_EDGE('',*,*,#9329,.T.);
#9329 = EDGE_CURVE('',#6389,#7533,#9330,.T.);
#9330 = LINE('',#9331,#9332);
#9331 = CARTESIAN_POINT('',(25.319771,5.71266,0.));
#9332 = VECTOR('',#9333,1.);
#9333 = DIRECTION('',(0.,0.,1.));
#9334 = ORIENTED_EDGE('',*,*,#7532,.T.);
#9335 = ORIENTED_EDGE('',*,*,#9307,.F.);
#9336 = ORIENTED_EDGE('',*,*,#6388,.F.);
#9337 = PLANE('',#9338);
#9338 = AXIS2_PLACEMENT_3D('',#9339,#9340,#9341);
#9339 = CARTESIAN_POINT('',(25.319771,5.71266,0.));
#9340 = DIRECTION('',(0.,-1.,0.));
#9341 = DIRECTION('',(-1.,0.,0.));
#9342 = ADVANCED_FACE('',(#9343),#9354,.T.);
#9343 = FACE_BOUND('',#9344,.T.);
#9344 = EDGE_LOOP('',(#9345,#9346,#9347,#9353));
#9345 = ORIENTED_EDGE('',*,*,#9314,.T.);
#9346 = ORIENTED_EDGE('',*,*,#7583,.T.);
#9347 = ORIENTED_EDGE('',*,*,#9348,.F.);
#9348 = EDGE_CURVE('',#6431,#7575,#9349,.T.);
#9349 = LINE('',#9350,#9351);
#9350 = CARTESIAN_POINT('',(11.619771,-7.98734,0.));
#9351 = VECTOR('',#9352,1.);
#9352 = DIRECTION('',(0.,0.,1.));
#9353 = ORIENTED_EDGE('',*,*,#6439,.F.);
#9354 = PLANE('',#9355);
#9355 = AXIS2_PLACEMENT_3D('',#9356,#9357,#9358);
#9356 = CARTESIAN_POINT('',(11.619771,5.41266,0.));
#9357 = DIRECTION('',(1.,0.,-0.));
#9358 = DIRECTION('',(0.,-1.,0.));
#9359 = ADVANCED_FACE('',(#9360),#9371,.F.);
#9360 = FACE_BOUND('',#9361,.T.);
#9361 = EDGE_LOOP('',(#9362,#9368,#9369,#9370));
#9362 = ORIENTED_EDGE('',*,*,#9363,.T.);
#9363 = EDGE_CURVE('',#6397,#7541,#9364,.T.);
#9364 = LINE('',#9365,#9366);
#9365 = CARTESIAN_POINT('',(25.619771,5.41266,0.));
#9366 = VECTOR('',#9367,1.);
#9367 = DIRECTION('',(0.,0.,1.));
#9368 = ORIENTED_EDGE('',*,*,#7540,.T.);
#9369 = ORIENTED_EDGE('',*,*,#9329,.F.);
#9370 = ORIENTED_EDGE('',*,*,#6396,.F.);
#9371 = CYLINDRICAL_SURFACE('',#9372,0.300054761701);
#9372 = AXIS2_PLACEMENT_3D('',#9373,#9374,#9375);
#9373 = CARTESIAN_POINT('',(25.319716243295,5.412605243295,0.));
#9374 = DIRECTION('',(-0.,-0.,-1.));
#9375 = DIRECTION('',(0.999999983349,1.824890392822E-04,-0.));
#9376 = ADVANCED_FACE('',(#9377),#9388,.F.);
#9377 = FACE_BOUND('',#9378,.T.);
#9378 = EDGE_LOOP('',(#9379,#9380,#9381,#9387));
#9379 = ORIENTED_EDGE('',*,*,#9348,.T.);
#9380 = ORIENTED_EDGE('',*,*,#7574,.T.);
#9381 = ORIENTED_EDGE('',*,*,#9382,.F.);
#9382 = EDGE_CURVE('',#6423,#7567,#9383,.T.);
#9383 = LINE('',#9384,#9385);
#9384 = CARTESIAN_POINT('',(11.919771,-8.28734,0.));
#9385 = VECTOR('',#9386,1.);
#9386 = DIRECTION('',(0.,0.,1.));
#9387 = ORIENTED_EDGE('',*,*,#6430,.F.);
#9388 = CYLINDRICAL_SURFACE('',#9389,0.299945506713);
#9389 = AXIS2_PLACEMENT_3D('',#9390,#9391,#9392);
#9390 = CARTESIAN_POINT('',(11.919716501762,-7.987394498238,0.));
#9391 = DIRECTION('',(-0.,-0.,-1.));
#9392 = DIRECTION('',(-0.999999983494,1.81693797222E-04,0.));
#9393 = ADVANCED_FACE('',(#9394),#9405,.T.);
#9394 = FACE_BOUND('',#9395,.T.);
#9395 = EDGE_LOOP('',(#9396,#9402,#9403,#9404));
#9396 = ORIENTED_EDGE('',*,*,#9397,.T.);
#9397 = EDGE_CURVE('',#6406,#7550,#9398,.T.);
#9398 = LINE('',#9399,#9400);
#9399 = CARTESIAN_POINT('',(25.619771,-7.98734,0.));
#9400 = VECTOR('',#9401,1.);
#9401 = DIRECTION('',(0.,0.,1.));
#9402 = ORIENTED_EDGE('',*,*,#7549,.T.);
#9403 = ORIENTED_EDGE('',*,*,#9363,.F.);
#9404 = ORIENTED_EDGE('',*,*,#6405,.F.);
#9405 = PLANE('',#9406);
#9406 = AXIS2_PLACEMENT_3D('',#9407,#9408,#9409);
#9407 = CARTESIAN_POINT('',(25.619771,-7.98734,0.));
#9408 = DIRECTION('',(-1.,0.,0.));
#9409 = DIRECTION('',(0.,1.,0.));
#9410 = ADVANCED_FACE('',(#9411),#9422,.T.);
#9411 = FACE_BOUND('',#9412,.T.);
#9412 = EDGE_LOOP('',(#9413,#9414,#9415,#9421));
#9413 = ORIENTED_EDGE('',*,*,#9382,.T.);
#9414 = ORIENTED_EDGE('',*,*,#7566,.T.);
#9415 = ORIENTED_EDGE('',*,*,#9416,.F.);
#9416 = EDGE_CURVE('',#6414,#7558,#9417,.T.);
#9417 = LINE('',#9418,#9419);
#9418 = CARTESIAN_POINT('',(25.319771,-8.28734,0.));
#9419 = VECTOR('',#9420,1.);
#9420 = DIRECTION('',(0.,0.,1.));
#9421 = ORIENTED_EDGE('',*,*,#6422,.F.);
#9422 = PLANE('',#9423);
#9423 = AXIS2_PLACEMENT_3D('',#9424,#9425,#9426);
#9424 = CARTESIAN_POINT('',(11.919771,-8.28734,0.));
#9425 = DIRECTION('',(0.,1.,0.));
#9426 = DIRECTION('',(1.,0.,0.));
#9427 = ADVANCED_FACE('',(#9428),#9434,.F.);
#9428 = FACE_BOUND('',#9429,.T.);
#9429 = EDGE_LOOP('',(#9430,#9431,#9432,#9433));
#9430 = ORIENTED_EDGE('',*,*,#9416,.T.);
#9431 = ORIENTED_EDGE('',*,*,#7557,.T.);
#9432 = ORIENTED_EDGE('',*,*,#9397,.F.);
#9433 = ORIENTED_EDGE('',*,*,#6413,.F.);
#9434 = CYLINDRICAL_SURFACE('',#9435,0.300000117299);
#9435 = AXIS2_PLACEMENT_3D('',#9436,#9437,#9438);
#9436 = CARTESIAN_POINT('',(25.319770882701,-7.987339882701,0.));
#9437 = DIRECTION('',(-0.,-0.,-1.));
#9438 = DIRECTION('',(3.909953616065E-07,-1.,0.));
#9439 = ADVANCED_FACE('',(#9440),#9456,.F.);
#9440 = FACE_BOUND('',#9441,.T.);
#9441 = EDGE_LOOP('',(#9442,#9448,#9449,#9455));
#9442 = ORIENTED_EDGE('',*,*,#9443,.T.);
#9443 = EDGE_CURVE('',#6448,#7592,#9444,.T.);
#9444 = LINE('',#9445,#9446);
#9445 = CARTESIAN_POINT('',(-26.180229,24.76266,0.));
#9446 = VECTOR('',#9447,1.);
#9447 = DIRECTION('',(0.,0.,1.));
#9448 = ORIENTED_EDGE('',*,*,#7591,.T.);
#9449 = ORIENTED_EDGE('',*,*,#9450,.F.);
#9450 = EDGE_CURVE('',#6450,#7594,#9451,.T.);
#9451 = LINE('',#9452,#9453);
#9452 = CARTESIAN_POINT('',(-26.480229,24.46266,0.));
#9453 = VECTOR('',#9454,1.);
#9454 = DIRECTION('',(0.,0.,1.));
#9455 = ORIENTED_EDGE('',*,*,#6447,.F.);
#9456 = CYLINDRICAL_SURFACE('',#9457,0.300063302461);
#9457 = AXIS2_PLACEMENT_3D('',#9458,#9459,#9460);
#9458 = CARTESIAN_POINT('',(-26.18016570421,24.462596704215,0.));
#9459 = DIRECTION('',(-0.,-0.,-1.));
#9460 = DIRECTION('',(-2.109414400786E-04,0.999999977752,0.));
#9461 = ADVANCED_FACE('',(#9462),#9473,.T.);
#9462 = FACE_BOUND('',#9463,.T.);
#9463 = EDGE_LOOP('',(#9464,#9470,#9471,#9472));
#9464 = ORIENTED_EDGE('',*,*,#9465,.T.);
#9465 = EDGE_CURVE('',#6459,#7603,#9466,.T.);
#9466 = LINE('',#9467,#9468);
#9467 = CARTESIAN_POINT('',(-12.780229,24.76266,0.));
#9468 = VECTOR('',#9469,1.);
#9469 = DIRECTION('',(0.,0.,1.));
#9470 = ORIENTED_EDGE('',*,*,#7602,.T.);
#9471 = ORIENTED_EDGE('',*,*,#9443,.F.);
#9472 = ORIENTED_EDGE('',*,*,#6458,.F.);
#9473 = PLANE('',#9474);
#9474 = AXIS2_PLACEMENT_3D('',#9475,#9476,#9477);
#9475 = CARTESIAN_POINT('',(-12.780229,24.76266,0.));
#9476 = DIRECTION('',(0.,-1.,0.));
#9477 = DIRECTION('',(-1.,0.,0.));
#9478 = ADVANCED_FACE('',(#9479),#9490,.T.);
#9479 = FACE_BOUND('',#9480,.T.);
#9480 = EDGE_LOOP('',(#9481,#9482,#9483,#9489));
#9481 = ORIENTED_EDGE('',*,*,#9450,.T.);
#9482 = ORIENTED_EDGE('',*,*,#7653,.T.);
#9483 = ORIENTED_EDGE('',*,*,#9484,.F.);
#9484 = EDGE_CURVE('',#6501,#7645,#9485,.T.);
#9485 = LINE('',#9486,#9487);
#9486 = CARTESIAN_POINT('',(-26.480229,11.06266,0.));
#9487 = VECTOR('',#9488,1.);
#9488 = DIRECTION('',(0.,0.,1.));
#9489 = ORIENTED_EDGE('',*,*,#6509,.F.);
#9490 = PLANE('',#9491);
#9491 = AXIS2_PLACEMENT_3D('',#9492,#9493,#9494);
#9492 = CARTESIAN_POINT('',(-26.480229,24.46266,0.));
#9493 = DIRECTION('',(1.,0.,-0.));
#9494 = DIRECTION('',(0.,-1.,0.));
#9495 = ADVANCED_FACE('',(#9496),#9507,.F.);
#9496 = FACE_BOUND('',#9497,.T.);
#9497 = EDGE_LOOP('',(#9498,#9504,#9505,#9506));
#9498 = ORIENTED_EDGE('',*,*,#9499,.T.);
#9499 = EDGE_CURVE('',#6467,#7611,#9500,.T.);
#9500 = LINE('',#9501,#9502);
#9501 = CARTESIAN_POINT('',(-12.480229,24.46266,0.));
#9502 = VECTOR('',#9503,1.);
#9503 = DIRECTION('',(0.,0.,1.));
#9504 = ORIENTED_EDGE('',*,*,#7610,.T.);
#9505 = ORIENTED_EDGE('',*,*,#9465,.F.);
#9506 = ORIENTED_EDGE('',*,*,#6466,.F.);
#9507 = CYLINDRICAL_SURFACE('',#9508,0.300054761701);
#9508 = AXIS2_PLACEMENT_3D('',#9509,#9510,#9511);
#9509 = CARTESIAN_POINT('',(-12.7802837567,24.462605243295,0.));
#9510 = DIRECTION('',(-0.,-0.,-1.));
#9511 = DIRECTION('',(0.999999983349,1.824890392881E-04,-0.));
#9512 = ADVANCED_FACE('',(#9513),#9524,.F.);
#9513 = FACE_BOUND('',#9514,.T.);
#9514 = EDGE_LOOP('',(#9515,#9516,#9517,#9523));
#9515 = ORIENTED_EDGE('',*,*,#9484,.T.);
#9516 = ORIENTED_EDGE('',*,*,#7644,.T.);
#9517 = ORIENTED_EDGE('',*,*,#9518,.F.);
#9518 = EDGE_CURVE('',#6493,#7637,#9519,.T.);
#9519 = LINE('',#9520,#9521);
#9520 = CARTESIAN_POINT('',(-26.180229,10.76266,0.));
#9521 = VECTOR('',#9522,1.);
#9522 = DIRECTION('',(0.,0.,1.));
#9523 = ORIENTED_EDGE('',*,*,#6500,.F.);
#9524 = CYLINDRICAL_SURFACE('',#9525,0.300000117299);
#9525 = AXIS2_PLACEMENT_3D('',#9526,#9527,#9528);
#9526 = CARTESIAN_POINT('',(-26.1802288827,11.062660117299,0.));
#9527 = DIRECTION('',(-0.,-0.,-1.));
#9528 = DIRECTION('',(-1.,-3.909953616065E-07,0.));
#9529 = ADVANCED_FACE('',(#9530),#9541,.T.);
#9530 = FACE_BOUND('',#9531,.T.);
#9531 = EDGE_LOOP('',(#9532,#9538,#9539,#9540));
#9532 = ORIENTED_EDGE('',*,*,#9533,.T.);
#9533 = EDGE_CURVE('',#6476,#7620,#9534,.T.);
#9534 = LINE('',#9535,#9536);
#9535 = CARTESIAN_POINT('',(-12.480229,11.06266,0.));
#9536 = VECTOR('',#9537,1.);
#9537 = DIRECTION('',(0.,0.,1.));
#9538 = ORIENTED_EDGE('',*,*,#7619,.T.);
#9539 = ORIENTED_EDGE('',*,*,#9499,.F.);
#9540 = ORIENTED_EDGE('',*,*,#6475,.F.);
#9541 = PLANE('',#9542);
#9542 = AXIS2_PLACEMENT_3D('',#9543,#9544,#9545);
#9543 = CARTESIAN_POINT('',(-12.480229,11.06266,0.));
#9544 = DIRECTION('',(-1.,0.,0.));
#9545 = DIRECTION('',(0.,1.,0.));
#9546 = ADVANCED_FACE('',(#9547),#9558,.T.);
#9547 = FACE_BOUND('',#9548,.T.);
#9548 = EDGE_LOOP('',(#9549,#9550,#9551,#9557));
#9549 = ORIENTED_EDGE('',*,*,#9518,.T.);
#9550 = ORIENTED_EDGE('',*,*,#7636,.T.);
#9551 = ORIENTED_EDGE('',*,*,#9552,.F.);
#9552 = EDGE_CURVE('',#6484,#7628,#9553,.T.);
#9553 = LINE('',#9554,#9555);
#9554 = CARTESIAN_POINT('',(-12.780229,10.76266,0.));
#9555 = VECTOR('',#9556,1.);
#9556 = DIRECTION('',(0.,0.,1.));
#9557 = ORIENTED_EDGE('',*,*,#6492,.F.);
#9558 = PLANE('',#9559);
#9559 = AXIS2_PLACEMENT_3D('',#9560,#9561,#9562);
#9560 = CARTESIAN_POINT('',(-26.180229,10.76266,0.));
#9561 = DIRECTION('',(0.,1.,0.));
#9562 = DIRECTION('',(1.,0.,0.));
#9563 = ADVANCED_FACE('',(#9564),#9570,.F.);
#9564 = FACE_BOUND('',#9565,.T.);
#9565 = EDGE_LOOP('',(#9566,#9567,#9568,#9569));
#9566 = ORIENTED_EDGE('',*,*,#9552,.T.);
#9567 = ORIENTED_EDGE('',*,*,#7627,.T.);
#9568 = ORIENTED_EDGE('',*,*,#9533,.F.);
#9569 = ORIENTED_EDGE('',*,*,#6483,.F.);
#9570 = CYLINDRICAL_SURFACE('',#9571,0.300000117299);
#9571 = AXIS2_PLACEMENT_3D('',#9572,#9573,#9574);
#9572 = CARTESIAN_POINT('',(-12.78022911729,11.062660117299,0.));
#9573 = DIRECTION('',(-0.,-0.,-1.));
#9574 = DIRECTION('',(3.909953616065E-07,-1.,0.));
#9575 = ADVANCED_FACE('',(#9576),#9592,.F.);
#9576 = FACE_BOUND('',#9577,.T.);
#9577 = EDGE_LOOP('',(#9578,#9584,#9585,#9591));
#9578 = ORIENTED_EDGE('',*,*,#9579,.T.);
#9579 = EDGE_CURVE('',#6518,#7662,#9580,.T.);
#9580 = LINE('',#9581,#9582);
#9581 = CARTESIAN_POINT('',(-7.130229,24.76266,0.));
#9582 = VECTOR('',#9583,1.);
#9583 = DIRECTION('',(0.,0.,1.));
#9584 = ORIENTED_EDGE('',*,*,#7661,.T.);
#9585 = ORIENTED_EDGE('',*,*,#9586,.F.);
#9586 = EDGE_CURVE('',#6520,#7664,#9587,.T.);
#9587 = LINE('',#9588,#9589);
#9588 = CARTESIAN_POINT('',(-7.430229,24.46266,0.));
#9589 = VECTOR('',#9590,1.);
#9590 = DIRECTION('',(0.,0.,1.));
#9591 = ORIENTED_EDGE('',*,*,#6517,.F.);
#9592 = CYLINDRICAL_SURFACE('',#9593,0.300063302461);
#9593 = AXIS2_PLACEMENT_3D('',#9594,#9595,#9596);
#9594 = CARTESIAN_POINT('',(-7.130165704215,24.462596704215,0.));
#9595 = DIRECTION('',(-0.,-0.,-1.));
#9596 = DIRECTION('',(-2.109414400757E-04,0.999999977752,0.));
#9597 = ADVANCED_FACE('',(#9598),#9609,.T.);
#9598 = FACE_BOUND('',#9599,.T.);
#9599 = EDGE_LOOP('',(#9600,#9606,#9607,#9608));
#9600 = ORIENTED_EDGE('',*,*,#9601,.T.);
#9601 = EDGE_CURVE('',#6529,#7673,#9602,.T.);
#9602 = LINE('',#9603,#9604);
#9603 = CARTESIAN_POINT('',(6.269771,24.76266,0.));
#9604 = VECTOR('',#9605,1.);
#9605 = DIRECTION('',(0.,0.,1.));
#9606 = ORIENTED_EDGE('',*,*,#7672,.T.);
#9607 = ORIENTED_EDGE('',*,*,#9579,.F.);
#9608 = ORIENTED_EDGE('',*,*,#6528,.F.);
#9609 = PLANE('',#9610);
#9610 = AXIS2_PLACEMENT_3D('',#9611,#9612,#9613);
#9611 = CARTESIAN_POINT('',(6.269771,24.76266,0.));
#9612 = DIRECTION('',(0.,-1.,0.));
#9613 = DIRECTION('',(-1.,0.,0.));
#9614 = ADVANCED_FACE('',(#9615),#9626,.T.);
#9615 = FACE_BOUND('',#9616,.T.);
#9616 = EDGE_LOOP('',(#9617,#9618,#9619,#9625));
#9617 = ORIENTED_EDGE('',*,*,#9586,.T.);
#9618 = ORIENTED_EDGE('',*,*,#7723,.T.);
#9619 = ORIENTED_EDGE('',*,*,#9620,.F.);
#9620 = EDGE_CURVE('',#6571,#7715,#9621,.T.);
#9621 = LINE('',#9622,#9623);
#9622 = CARTESIAN_POINT('',(-7.430229,11.06266,0.));
#9623 = VECTOR('',#9624,1.);
#9624 = DIRECTION('',(0.,0.,1.));
#9625 = ORIENTED_EDGE('',*,*,#6579,.F.);
#9626 = PLANE('',#9627);
#9627 = AXIS2_PLACEMENT_3D('',#9628,#9629,#9630);
#9628 = CARTESIAN_POINT('',(-7.430229,24.46266,0.));
#9629 = DIRECTION('',(1.,0.,-0.));
#9630 = DIRECTION('',(0.,-1.,0.));
#9631 = ADVANCED_FACE('',(#9632),#9643,.F.);
#9632 = FACE_BOUND('',#9633,.T.);
#9633 = EDGE_LOOP('',(#9634,#9640,#9641,#9642));
#9634 = ORIENTED_EDGE('',*,*,#9635,.T.);
#9635 = EDGE_CURVE('',#6537,#7681,#9636,.T.);
#9636 = LINE('',#9637,#9638);
#9637 = CARTESIAN_POINT('',(6.569771,24.46266,0.));
#9638 = VECTOR('',#9639,1.);
#9639 = DIRECTION('',(0.,0.,1.));
#9640 = ORIENTED_EDGE('',*,*,#7680,.T.);
#9641 = ORIENTED_EDGE('',*,*,#9601,.F.);
#9642 = ORIENTED_EDGE('',*,*,#6536,.F.);
#9643 = CYLINDRICAL_SURFACE('',#9644,0.300054761701);
#9644 = AXIS2_PLACEMENT_3D('',#9645,#9646,#9647);
#9645 = CARTESIAN_POINT('',(6.269716243295,24.462605243295,0.));
#9646 = DIRECTION('',(-0.,-0.,-1.));
#9647 = DIRECTION('',(0.999999983349,1.824890392881E-04,-0.));
#9648 = ADVANCED_FACE('',(#9649),#9660,.F.);
#9649 = FACE_BOUND('',#9650,.T.);
#9650 = EDGE_LOOP('',(#9651,#9652,#9653,#9659));
#9651 = ORIENTED_EDGE('',*,*,#9620,.T.);
#9652 = ORIENTED_EDGE('',*,*,#7714,.T.);
#9653 = ORIENTED_EDGE('',*,*,#9654,.F.);
#9654 = EDGE_CURVE('',#6563,#7707,#9655,.T.);
#9655 = LINE('',#9656,#9657);
#9656 = CARTESIAN_POINT('',(-7.130229,10.76266,0.));
#9657 = VECTOR('',#9658,1.);
#9658 = DIRECTION('',(0.,0.,1.));
#9659 = ORIENTED_EDGE('',*,*,#6570,.F.);
#9660 = CYLINDRICAL_SURFACE('',#9661,0.300000117299);
#9661 = AXIS2_PLACEMENT_3D('',#9662,#9663,#9664);
#9662 = CARTESIAN_POINT('',(-7.130228882701,11.062660117299,0.));
#9663 = DIRECTION('',(-0.,-0.,-1.));
#9664 = DIRECTION('',(-1.,-3.909953616065E-07,0.));
#9665 = ADVANCED_FACE('',(#9666),#9677,.T.);
#9666 = FACE_BOUND('',#9667,.T.);
#9667 = EDGE_LOOP('',(#9668,#9674,#9675,#9676));
#9668 = ORIENTED_EDGE('',*,*,#9669,.T.);
#9669 = EDGE_CURVE('',#6546,#7690,#9670,.T.);
#9670 = LINE('',#9671,#9672);
#9671 = CARTESIAN_POINT('',(6.569771,11.06266,0.));
#9672 = VECTOR('',#9673,1.);
#9673 = DIRECTION('',(0.,0.,1.));
#9674 = ORIENTED_EDGE('',*,*,#7689,.T.);
#9675 = ORIENTED_EDGE('',*,*,#9635,.F.);
#9676 = ORIENTED_EDGE('',*,*,#6545,.F.);
#9677 = PLANE('',#9678);
#9678 = AXIS2_PLACEMENT_3D('',#9679,#9680,#9681);
#9679 = CARTESIAN_POINT('',(6.569771,11.06266,0.));
#9680 = DIRECTION('',(-1.,0.,0.));
#9681 = DIRECTION('',(0.,1.,0.));
#9682 = ADVANCED_FACE('',(#9683),#9694,.T.);
#9683 = FACE_BOUND('',#9684,.T.);
#9684 = EDGE_LOOP('',(#9685,#9686,#9687,#9693));
#9685 = ORIENTED_EDGE('',*,*,#9654,.T.);
#9686 = ORIENTED_EDGE('',*,*,#7706,.T.);
#9687 = ORIENTED_EDGE('',*,*,#9688,.F.);
#9688 = EDGE_CURVE('',#6554,#7698,#9689,.T.);
#9689 = LINE('',#9690,#9691);
#9690 = CARTESIAN_POINT('',(6.269771,10.76266,0.));
#9691 = VECTOR('',#9692,1.);
#9692 = DIRECTION('',(0.,0.,1.));
#9693 = ORIENTED_EDGE('',*,*,#6562,.F.);
#9694 = PLANE('',#9695);
#9695 = AXIS2_PLACEMENT_3D('',#9696,#9697,#9698);
#9696 = CARTESIAN_POINT('',(-7.130229,10.76266,0.));
#9697 = DIRECTION('',(0.,1.,0.));
#9698 = DIRECTION('',(1.,0.,0.));
#9699 = ADVANCED_FACE('',(#9700),#9706,.F.);
#9700 = FACE_BOUND('',#9701,.T.);
#9701 = EDGE_LOOP('',(#9702,#9703,#9704,#9705));
#9702 = ORIENTED_EDGE('',*,*,#9688,.T.);
#9703 = ORIENTED_EDGE('',*,*,#7697,.T.);
#9704 = ORIENTED_EDGE('',*,*,#9669,.F.);
#9705 = ORIENTED_EDGE('',*,*,#6553,.F.);
#9706 = CYLINDRICAL_SURFACE('',#9707,0.300000117299);
#9707 = AXIS2_PLACEMENT_3D('',#9708,#9709,#9710);
#9708 = CARTESIAN_POINT('',(6.269770882701,11.062660117299,0.));
#9709 = DIRECTION('',(-0.,-0.,-1.));
#9710 = DIRECTION('',(3.909953616065E-07,-1.,0.));
#9711 = ADVANCED_FACE('',(#9712),#9723,.F.);
#9712 = FACE_BOUND('',#9713,.T.);
#9713 = EDGE_LOOP('',(#9714,#9715,#9721,#9722));
#9714 = ORIENTED_EDGE('',*,*,#6587,.T.);
#9715 = ORIENTED_EDGE('',*,*,#9716,.T.);
#9716 = EDGE_CURVE('',#6588,#7732,#9717,.T.);
#9717 = LINE('',#9718,#9719);
#9718 = CARTESIAN_POINT('',(-29.,55.4,-4.6E-02));
#9719 = VECTOR('',#9720,1.);
#9720 = DIRECTION('',(0.,0.,1.));
#9721 = ORIENTED_EDGE('',*,*,#7731,.F.);
#9722 = ORIENTED_EDGE('',*,*,#9716,.F.);
#9723 = CYLINDRICAL_SURFACE('',#9724,1.1);
#9724 = AXIS2_PLACEMENT_3D('',#9725,#9726,#9727);
#9725 = CARTESIAN_POINT('',(-29.,56.5,-4.6E-02));
#9726 = DIRECTION('',(-0.,-0.,-1.));
#9727 = DIRECTION('',(-0.,-1.,0.));
#9728 = ADVANCED_FACE('',(#9729),#9745,.F.);
#9729 = FACE_BOUND('',#9730,.T.);
#9730 = EDGE_LOOP('',(#9731,#9737,#9738,#9744));
#9731 = ORIENTED_EDGE('',*,*,#9732,.T.);
#9732 = EDGE_CURVE('',#6599,#7743,#9733,.T.);
#9733 = LINE('',#9734,#9735);
#9734 = CARTESIAN_POINT('',(-28.83977,41.67884,0.));
#9735 = VECTOR('',#9736,1.);
#9736 = DIRECTION('',(0.,0.,1.));
#9737 = ORIENTED_EDGE('',*,*,#7742,.T.);
#9738 = ORIENTED_EDGE('',*,*,#9739,.F.);
#9739 = EDGE_CURVE('',#6601,#7745,#9740,.T.);
#9740 = LINE('',#9741,#9742);
#9741 = CARTESIAN_POINT('',(-29.13977,41.37884,0.));
#9742 = VECTOR('',#9743,1.);
#9743 = DIRECTION('',(0.,0.,1.));
#9744 = ORIENTED_EDGE('',*,*,#6598,.F.);
#9745 = CYLINDRICAL_SURFACE('',#9746,0.300000117299);
#9746 = AXIS2_PLACEMENT_3D('',#9747,#9748,#9749);
#9747 = CARTESIAN_POINT('',(-28.8397698827,41.378839882701,0.));
#9748 = DIRECTION('',(-0.,-0.,-1.));
#9749 = DIRECTION('',(-3.909953852912E-07,1.,0.));
#9750 = ADVANCED_FACE('',(#9751),#9762,.T.);
#9751 = FACE_BOUND('',#9752,.T.);
#9752 = EDGE_LOOP('',(#9753,#9759,#9760,#9761));
#9753 = ORIENTED_EDGE('',*,*,#9754,.T.);
#9754 = EDGE_CURVE('',#6610,#7754,#9755,.T.);
#9755 = LINE('',#9756,#9757);
#9756 = CARTESIAN_POINT('',(9.56023,41.67884,0.));
#9757 = VECTOR('',#9758,1.);
#9758 = DIRECTION('',(0.,0.,1.));
#9759 = ORIENTED_EDGE('',*,*,#7753,.T.);
#9760 = ORIENTED_EDGE('',*,*,#9732,.F.);
#9761 = ORIENTED_EDGE('',*,*,#6609,.F.);
#9762 = PLANE('',#9763);
#9763 = AXIS2_PLACEMENT_3D('',#9764,#9765,#9766);
#9764 = CARTESIAN_POINT('',(9.56023,41.67884,0.));
#9765 = DIRECTION('',(0.,-1.,0.));
#9766 = DIRECTION('',(-1.,0.,0.));
#9767 = ADVANCED_FACE('',(#9768),#9779,.T.);
#9768 = FACE_BOUND('',#9769,.T.);
#9769 = EDGE_LOOP('',(#9770,#9771,#9772,#9778));
#9770 = ORIENTED_EDGE('',*,*,#9739,.T.);
#9771 = ORIENTED_EDGE('',*,*,#7804,.T.);
#9772 = ORIENTED_EDGE('',*,*,#9773,.F.);
#9773 = EDGE_CURVE('',#6652,#7796,#9774,.T.);
#9774 = LINE('',#9775,#9776);
#9775 = CARTESIAN_POINT('',(-29.13977,28.97884,0.));
#9776 = VECTOR('',#9777,1.);
#9777 = DIRECTION('',(0.,0.,1.));
#9778 = ORIENTED_EDGE('',*,*,#6660,.F.);
#9779 = PLANE('',#9780);
#9780 = AXIS2_PLACEMENT_3D('',#9781,#9782,#9783);
#9781 = CARTESIAN_POINT('',(-29.13977,41.37884,0.));
#9782 = DIRECTION('',(1.,0.,-0.));
#9783 = DIRECTION('',(0.,-1.,0.));
#9784 = ADVANCED_FACE('',(#9785),#9796,.F.);
#9785 = FACE_BOUND('',#9786,.T.);
#9786 = EDGE_LOOP('',(#9787,#9793,#9794,#9795));
#9787 = ORIENTED_EDGE('',*,*,#9788,.T.);
#9788 = EDGE_CURVE('',#6618,#7762,#9789,.T.);
#9789 = LINE('',#9790,#9791);
#9790 = CARTESIAN_POINT('',(9.86023,41.37884,0.));
#9791 = VECTOR('',#9792,1.);
#9792 = DIRECTION('',(0.,0.,1.));
#9793 = ORIENTED_EDGE('',*,*,#7761,.T.);
#9794 = ORIENTED_EDGE('',*,*,#9754,.F.);
#9795 = ORIENTED_EDGE('',*,*,#6617,.F.);
#9796 = CYLINDRICAL_SURFACE('',#9797,0.300000117299);
#9797 = AXIS2_PLACEMENT_3D('',#9798,#9799,#9800);
#9798 = CARTESIAN_POINT('',(9.560229882701,41.378839882701,0.));
#9799 = DIRECTION('',(-0.,-0.,-1.));
#9800 = DIRECTION('',(1.,3.909953616065E-07,-0.));
#9801 = ADVANCED_FACE('',(#9802),#9813,.F.);
#9802 = FACE_BOUND('',#9803,.T.);
#9803 = EDGE_LOOP('',(#9804,#9805,#9806,#9812));
#9804 = ORIENTED_EDGE('',*,*,#9773,.T.);
#9805 = ORIENTED_EDGE('',*,*,#7795,.T.);
#9806 = ORIENTED_EDGE('',*,*,#9807,.F.);
#9807 = EDGE_CURVE('',#6644,#7788,#9808,.T.);
#9808 = LINE('',#9809,#9810);
#9809 = CARTESIAN_POINT('',(-28.83977,28.67884,0.));
#9810 = VECTOR('',#9811,1.);
#9811 = DIRECTION('',(0.,0.,1.));
#9812 = ORIENTED_EDGE('',*,*,#6651,.F.);
#9813 = CYLINDRICAL_SURFACE('',#9814,0.300000117299);
#9814 = AXIS2_PLACEMENT_3D('',#9815,#9816,#9817);
#9815 = CARTESIAN_POINT('',(-28.8397698827,28.978840117299,0.));
#9816 = DIRECTION('',(-0.,-0.,-1.));
#9817 = DIRECTION('',(-1.,-3.909953616065E-07,0.));
#9818 = ADVANCED_FACE('',(#9819),#9830,.T.);
#9819 = FACE_BOUND('',#9820,.T.);
#9820 = EDGE_LOOP('',(#9821,#9827,#9828,#9829));
#9821 = ORIENTED_EDGE('',*,*,#9822,.T.);
#9822 = EDGE_CURVE('',#6627,#7771,#9823,.T.);
#9823 = LINE('',#9824,#9825);
#9824 = CARTESIAN_POINT('',(9.86023,28.97884,0.));
#9825 = VECTOR('',#9826,1.);
#9826 = DIRECTION('',(0.,0.,1.));
#9827 = ORIENTED_EDGE('',*,*,#7770,.T.);
#9828 = ORIENTED_EDGE('',*,*,#9788,.F.);
#9829 = ORIENTED_EDGE('',*,*,#6626,.F.);
#9830 = PLANE('',#9831);
#9831 = AXIS2_PLACEMENT_3D('',#9832,#9833,#9834);
#9832 = CARTESIAN_POINT('',(9.86023,28.97884,0.));
#9833 = DIRECTION('',(-1.,0.,0.));
#9834 = DIRECTION('',(0.,1.,0.));
#9835 = ADVANCED_FACE('',(#9836),#9847,.T.);
#9836 = FACE_BOUND('',#9837,.T.);
#9837 = EDGE_LOOP('',(#9838,#9839,#9840,#9846));
#9838 = ORIENTED_EDGE('',*,*,#9807,.T.);
#9839 = ORIENTED_EDGE('',*,*,#7787,.T.);
#9840 = ORIENTED_EDGE('',*,*,#9841,.F.);
#9841 = EDGE_CURVE('',#6635,#7779,#9842,.T.);
#9842 = LINE('',#9843,#9844);
#9843 = CARTESIAN_POINT('',(9.56023,28.67884,0.));
#9844 = VECTOR('',#9845,1.);
#9845 = DIRECTION('',(0.,0.,1.));
#9846 = ORIENTED_EDGE('',*,*,#6643,.F.);
#9847 = PLANE('',#9848);
#9848 = AXIS2_PLACEMENT_3D('',#9849,#9850,#9851);
#9849 = CARTESIAN_POINT('',(-28.83977,28.67884,0.));
#9850 = DIRECTION('',(0.,1.,0.));
#9851 = DIRECTION('',(1.,0.,0.));
#9852 = ADVANCED_FACE('',(#9853),#9859,.F.);
#9853 = FACE_BOUND('',#9854,.T.);
#9854 = EDGE_LOOP('',(#9855,#9856,#9857,#9858));
#9855 = ORIENTED_EDGE('',*,*,#9841,.T.);
#9856 = ORIENTED_EDGE('',*,*,#7778,.T.);
#9857 = ORIENTED_EDGE('',*,*,#9822,.F.);
#9858 = ORIENTED_EDGE('',*,*,#6634,.F.);
#9859 = CYLINDRICAL_SURFACE('',#9860,0.300000117299);
#9860 = AXIS2_PLACEMENT_3D('',#9861,#9862,#9863);
#9861 = CARTESIAN_POINT('',(9.560229882701,28.978840117299,0.));
#9862 = DIRECTION('',(-0.,-0.,-1.));
#9863 = DIRECTION('',(3.909953675276E-07,-1.,0.));
#9864 = ADVANCED_FACE('',(#9865),#9881,.F.);
#9865 = FACE_BOUND('',#9866,.T.);
#9866 = EDGE_LOOP('',(#9867,#9873,#9874,#9880));
#9867 = ORIENTED_EDGE('',*,*,#9868,.T.);
#9868 = EDGE_CURVE('',#6669,#7813,#9869,.T.);
#9869 = LINE('',#9870,#9871);
#9870 = CARTESIAN_POINT('',(11.919771,24.76266,0.));
#9871 = VECTOR('',#9872,1.);
#9872 = DIRECTION('',(0.,0.,1.));
#9873 = ORIENTED_EDGE('',*,*,#7812,.T.);
#9874 = ORIENTED_EDGE('',*,*,#9875,.F.);
#9875 = EDGE_CURVE('',#6671,#7815,#9876,.T.);
#9876 = LINE('',#9877,#9878);
#9877 = CARTESIAN_POINT('',(11.619771,24.46266,0.));
#9878 = VECTOR('',#9879,1.);
#9879 = DIRECTION('',(0.,0.,1.));
#9880 = ORIENTED_EDGE('',*,*,#6668,.F.);
#9881 = CYLINDRICAL_SURFACE('',#9882,0.300063302461);
#9882 = AXIS2_PLACEMENT_3D('',#9883,#9884,#9885);
#9883 = CARTESIAN_POINT('',(11.919834295785,24.462596704215,0.));
#9884 = DIRECTION('',(-0.,-0.,-1.));
#9885 = DIRECTION('',(-2.109414400727E-04,0.999999977752,0.));
#9886 = ADVANCED_FACE('',(#9887),#9898,.T.);
#9887 = FACE_BOUND('',#9888,.T.);
#9888 = EDGE_LOOP('',(#9889,#9895,#9896,#9897));
#9889 = ORIENTED_EDGE('',*,*,#9890,.T.);
#9890 = EDGE_CURVE('',#6680,#7824,#9891,.T.);
#9891 = LINE('',#9892,#9893);
#9892 = CARTESIAN_POINT('',(25.319771,24.76266,0.));
#9893 = VECTOR('',#9894,1.);
#9894 = DIRECTION('',(0.,0.,1.));
#9895 = ORIENTED_EDGE('',*,*,#7823,.T.);
#9896 = ORIENTED_EDGE('',*,*,#9868,.F.);
#9897 = ORIENTED_EDGE('',*,*,#6679,.F.);
#9898 = PLANE('',#9899);
#9899 = AXIS2_PLACEMENT_3D('',#9900,#9901,#9902);
#9900 = CARTESIAN_POINT('',(25.319771,24.76266,0.));
#9901 = DIRECTION('',(0.,-1.,0.));
#9902 = DIRECTION('',(-1.,0.,0.));
#9903 = ADVANCED_FACE('',(#9904),#9915,.T.);
#9904 = FACE_BOUND('',#9905,.T.);
#9905 = EDGE_LOOP('',(#9906,#9907,#9908,#9914));
#9906 = ORIENTED_EDGE('',*,*,#9875,.T.);
#9907 = ORIENTED_EDGE('',*,*,#7874,.T.);
#9908 = ORIENTED_EDGE('',*,*,#9909,.F.);
#9909 = EDGE_CURVE('',#6722,#7866,#9910,.T.);
#9910 = LINE('',#9911,#9912);
#9911 = CARTESIAN_POINT('',(11.619771,11.06266,0.));
#9912 = VECTOR('',#9913,1.);
#9913 = DIRECTION('',(0.,0.,1.));
#9914 = ORIENTED_EDGE('',*,*,#6730,.F.);
#9915 = PLANE('',#9916);
#9916 = AXIS2_PLACEMENT_3D('',#9917,#9918,#9919);
#9917 = CARTESIAN_POINT('',(11.619771,24.46266,0.));
#9918 = DIRECTION('',(1.,0.,-0.));
#9919 = DIRECTION('',(0.,-1.,0.));
#9920 = ADVANCED_FACE('',(#9921),#9932,.F.);
#9921 = FACE_BOUND('',#9922,.T.);
#9922 = EDGE_LOOP('',(#9923,#9929,#9930,#9931));
#9923 = ORIENTED_EDGE('',*,*,#9924,.T.);
#9924 = EDGE_CURVE('',#6688,#7832,#9925,.T.);
#9925 = LINE('',#9926,#9927);
#9926 = CARTESIAN_POINT('',(25.619771,24.46266,0.));
#9927 = VECTOR('',#9928,1.);
#9928 = DIRECTION('',(0.,0.,1.));
#9929 = ORIENTED_EDGE('',*,*,#7831,.T.);
#9930 = ORIENTED_EDGE('',*,*,#9890,.F.);
#9931 = ORIENTED_EDGE('',*,*,#6687,.F.);
#9932 = CYLINDRICAL_SURFACE('',#9933,0.300054761701);
#9933 = AXIS2_PLACEMENT_3D('',#9934,#9935,#9936);
#9934 = CARTESIAN_POINT('',(25.319716243295,24.462605243295,0.));
#9935 = DIRECTION('',(-0.,-0.,-1.));
#9936 = DIRECTION('',(0.999999983349,1.824890392763E-04,-0.));
#9937 = ADVANCED_FACE('',(#9938),#9949,.F.);
#9938 = FACE_BOUND('',#9939,.T.);
#9939 = EDGE_LOOP('',(#9940,#9941,#9942,#9948));
#9940 = ORIENTED_EDGE('',*,*,#9909,.T.);
#9941 = ORIENTED_EDGE('',*,*,#7865,.T.);
#9942 = ORIENTED_EDGE('',*,*,#9943,.F.);
#9943 = EDGE_CURVE('',#6714,#7858,#9944,.T.);
#9944 = LINE('',#9945,#9946);
#9945 = CARTESIAN_POINT('',(11.919771,10.76266,0.));
#9946 = VECTOR('',#9947,1.);
#9947 = DIRECTION('',(0.,0.,1.));
#9948 = ORIENTED_EDGE('',*,*,#6721,.F.);
#9949 = CYLINDRICAL_SURFACE('',#9950,0.300000117299);
#9950 = AXIS2_PLACEMENT_3D('',#9951,#9952,#9953);
#9951 = CARTESIAN_POINT('',(11.919771117299,11.062660117299,0.));
#9952 = DIRECTION('',(-0.,-0.,-1.));
#9953 = DIRECTION('',(-1.,-3.909953675276E-07,0.));
#9954 = ADVANCED_FACE('',(#9955),#9966,.T.);
#9955 = FACE_BOUND('',#9956,.T.);
#9956 = EDGE_LOOP('',(#9957,#9963,#9964,#9965));
#9957 = ORIENTED_EDGE('',*,*,#9958,.T.);
#9958 = EDGE_CURVE('',#6697,#7841,#9959,.T.);
#9959 = LINE('',#9960,#9961);
#9960 = CARTESIAN_POINT('',(25.619771,11.06266,0.));
#9961 = VECTOR('',#9962,1.);
#9962 = DIRECTION('',(0.,0.,1.));
#9963 = ORIENTED_EDGE('',*,*,#7840,.T.);
#9964 = ORIENTED_EDGE('',*,*,#9924,.F.);
#9965 = ORIENTED_EDGE('',*,*,#6696,.F.);
#9966 = PLANE('',#9967);
#9967 = AXIS2_PLACEMENT_3D('',#9968,#9969,#9970);
#9968 = CARTESIAN_POINT('',(25.619771,11.06266,0.));
#9969 = DIRECTION('',(-1.,0.,0.));
#9970 = DIRECTION('',(0.,1.,0.));
#9971 = ADVANCED_FACE('',(#9972),#9983,.T.);
#9972 = FACE_BOUND('',#9973,.T.);
#9973 = EDGE_LOOP('',(#9974,#9975,#9976,#9982));
#9974 = ORIENTED_EDGE('',*,*,#9943,.T.);
#9975 = ORIENTED_EDGE('',*,*,#7857,.T.);
#9976 = ORIENTED_EDGE('',*,*,#9977,.F.);
#9977 = EDGE_CURVE('',#6705,#7849,#9978,.T.);
#9978 = LINE('',#9979,#9980);
#9979 = CARTESIAN_POINT('',(25.319771,10.76266,0.));
#9980 = VECTOR('',#9981,1.);
#9981 = DIRECTION('',(0.,0.,1.));
#9982 = ORIENTED_EDGE('',*,*,#6713,.F.);
#9983 = PLANE('',#9984);
#9984 = AXIS2_PLACEMENT_3D('',#9985,#9986,#9987);
#9985 = CARTESIAN_POINT('',(11.919771,10.76266,0.));
#9986 = DIRECTION('',(0.,1.,0.));
#9987 = DIRECTION('',(1.,0.,0.));
#9988 = ADVANCED_FACE('',(#9989),#9995,.F.);
#9989 = FACE_BOUND('',#9990,.T.);
#9990 = EDGE_LOOP('',(#9991,#9992,#9993,#9994));
#9991 = ORIENTED_EDGE('',*,*,#9977,.T.);
#9992 = ORIENTED_EDGE('',*,*,#7848,.T.);
#9993 = ORIENTED_EDGE('',*,*,#9958,.F.);
#9994 = ORIENTED_EDGE('',*,*,#6704,.F.);
#9995 = CYLINDRICAL_SURFACE('',#9996,0.299936976378);
#9996 = AXIS2_PLACEMENT_3D('',#9997,#9998,#9999);
#9997 = CARTESIAN_POINT('',(25.319834030245,11.062596969755,0.));
#9998 = DIRECTION('',(-0.,-0.,-1.));
#9999 = DIRECTION('',(-2.101449640891E-04,-0.99999997792,0.));
#10000 = ADVANCED_FACE('',(#10001),#10017,.F.);
#10001 = FACE_BOUND('',#10002,.T.);
#10002 = EDGE_LOOP('',(#10003,#10009,#10010,#10016));
#10003 = ORIENTED_EDGE('',*,*,#10004,.T.);
#10004 = EDGE_CURVE('',#6739,#7883,#10005,.T.);
#10005 = LINE('',#10006,#10007);
#10006 = CARTESIAN_POINT('',(14.019771,41.85016,0.));
#10007 = VECTOR('',#10008,1.);
#10008 = DIRECTION('',(0.,0.,1.));
#10009 = ORIENTED_EDGE('',*,*,#7882,.T.);
#10010 = ORIENTED_EDGE('',*,*,#10011,.F.);
#10011 = EDGE_CURVE('',#6741,#7885,#10012,.T.);
#10012 = LINE('',#10013,#10014);
#10013 = CARTESIAN_POINT('',(13.719771,41.55016,0.));
#10014 = VECTOR('',#10015,1.);
#10015 = DIRECTION('',(0.,0.,1.));
#10016 = ORIENTED_EDGE('',*,*,#6738,.F.);
#10017 = CYLINDRICAL_SURFACE('',#10018,0.300063302461);
#10018 = AXIS2_PLACEMENT_3D('',#10019,#10020,#10021);
#10019 = CARTESIAN_POINT('',(14.019834295785,41.550096704215,0.));
#10020 = DIRECTION('',(-0.,-0.,-1.));
#10021 = DIRECTION('',(-2.109414400964E-04,0.999999977752,0.));
#10022 = ADVANCED_FACE('',(#10023),#10034,.T.);
#10023 = FACE_BOUND('',#10024,.T.);
#10024 = EDGE_LOOP('',(#10025,#10031,#10032,#10033));
#10025 = ORIENTED_EDGE('',*,*,#10026,.T.);
#10026 = EDGE_CURVE('',#6750,#7894,#10027,.T.);
#10027 = LINE('',#10028,#10029);
#10028 = CARTESIAN_POINT('',(25.919771,41.85016,0.));
#10029 = VECTOR('',#10030,1.);
#10030 = DIRECTION('',(0.,0.,1.));
#10031 = ORIENTED_EDGE('',*,*,#7893,.T.);
#10032 = ORIENTED_EDGE('',*,*,#10004,.F.);
#10033 = ORIENTED_EDGE('',*,*,#6749,.F.);
#10034 = PLANE('',#10035);
#10035 = AXIS2_PLACEMENT_3D('',#10036,#10037,#10038);
#10036 = CARTESIAN_POINT('',(25.919771,41.85016,0.));
#10037 = DIRECTION('',(0.,-1.,0.));
#10038 = DIRECTION('',(-1.,0.,0.));
#10039 = ADVANCED_FACE('',(#10040),#10051,.T.);
#10040 = FACE_BOUND('',#10041,.T.);
#10041 = EDGE_LOOP('',(#10042,#10043,#10044,#10050));
#10042 = ORIENTED_EDGE('',*,*,#10011,.T.);
#10043 = ORIENTED_EDGE('',*,*,#7944,.T.);
#10044 = ORIENTED_EDGE('',*,*,#10045,.F.);
#10045 = EDGE_CURVE('',#6792,#7936,#10046,.T.);
#10046 = LINE('',#10047,#10048);
#10047 = CARTESIAN_POINT('',(13.719771,29.40016,0.));
#10048 = VECTOR('',#10049,1.);
#10049 = DIRECTION('',(0.,0.,1.));
#10050 = ORIENTED_EDGE('',*,*,#6800,.F.);
#10051 = PLANE('',#10052);
#10052 = AXIS2_PLACEMENT_3D('',#10053,#10054,#10055);
#10053 = CARTESIAN_POINT('',(13.719771,41.55016,0.));
#10054 = DIRECTION('',(1.,0.,-0.));
#10055 = DIRECTION('',(0.,-1.,0.));
#10056 = ADVANCED_FACE('',(#10057),#10068,.F.);
#10057 = FACE_BOUND('',#10058,.T.);
#10058 = EDGE_LOOP('',(#10059,#10065,#10066,#10067));
#10059 = ORIENTED_EDGE('',*,*,#10060,.T.);
#10060 = EDGE_CURVE('',#6758,#7902,#10061,.T.);
#10061 = LINE('',#10062,#10063);
#10062 = CARTESIAN_POINT('',(26.219771,41.55016,0.));
#10063 = VECTOR('',#10064,1.);
#10064 = DIRECTION('',(0.,0.,1.));
#10065 = ORIENTED_EDGE('',*,*,#7901,.T.);
#10066 = ORIENTED_EDGE('',*,*,#10026,.F.);
#10067 = ORIENTED_EDGE('',*,*,#6757,.F.);
#10068 = CYLINDRICAL_SURFACE('',#10069,0.300054761701);
#10069 = AXIS2_PLACEMENT_3D('',#10070,#10071,#10072);
#10070 = CARTESIAN_POINT('',(25.919716243295,41.550105243295,0.));
#10071 = DIRECTION('',(-0.,-0.,-1.));
#10072 = DIRECTION('',(0.999999983349,1.824890393118E-04,-0.));
#10073 = ADVANCED_FACE('',(#10074),#10085,.F.);
#10074 = FACE_BOUND('',#10075,.T.);
#10075 = EDGE_LOOP('',(#10076,#10077,#10078,#10084));
#10076 = ORIENTED_EDGE('',*,*,#10045,.T.);
#10077 = ORIENTED_EDGE('',*,*,#7935,.T.);
#10078 = ORIENTED_EDGE('',*,*,#10079,.F.);
#10079 = EDGE_CURVE('',#6784,#7928,#10080,.T.);
#10080 = LINE('',#10081,#10082);
#10081 = CARTESIAN_POINT('',(14.019771,29.10016,0.));
#10082 = VECTOR('',#10083,1.);
#10083 = DIRECTION('',(0.,0.,1.));
#10084 = ORIENTED_EDGE('',*,*,#6791,.F.);
#10085 = CYLINDRICAL_SURFACE('',#10086,0.300000117299);
#10086 = AXIS2_PLACEMENT_3D('',#10087,#10088,#10089);
#10087 = CARTESIAN_POINT('',(14.019771117299,29.400160117299,0.));
#10088 = DIRECTION('',(-0.,-0.,-1.));
#10089 = DIRECTION('',(-1.,-3.909953734488E-07,0.));
#10090 = ADVANCED_FACE('',(#10091),#10102,.T.);
#10091 = FACE_BOUND('',#10092,.T.);
#10092 = EDGE_LOOP('',(#10093,#10099,#10100,#10101));
#10093 = ORIENTED_EDGE('',*,*,#10094,.T.);
#10094 = EDGE_CURVE('',#6767,#7911,#10095,.T.);
#10095 = LINE('',#10096,#10097);
#10096 = CARTESIAN_POINT('',(26.219771,29.40016,0.));
#10097 = VECTOR('',#10098,1.);
#10098 = DIRECTION('',(0.,0.,1.));
#10099 = ORIENTED_EDGE('',*,*,#7910,.T.);
#10100 = ORIENTED_EDGE('',*,*,#10060,.F.);
#10101 = ORIENTED_EDGE('',*,*,#6766,.F.);
#10102 = PLANE('',#10103);
#10103 = AXIS2_PLACEMENT_3D('',#10104,#10105,#10106);
#10104 = CARTESIAN_POINT('',(26.219771,29.40016,0.));
#10105 = DIRECTION('',(-1.,0.,0.));
#10106 = DIRECTION('',(0.,1.,0.));
#10107 = ADVANCED_FACE('',(#10108),#10119,.T.);
#10108 = FACE_BOUND('',#10109,.T.);
#10109 = EDGE_LOOP('',(#10110,#10111,#10112,#10118));
#10110 = ORIENTED_EDGE('',*,*,#10079,.T.);
#10111 = ORIENTED_EDGE('',*,*,#7927,.T.);
#10112 = ORIENTED_EDGE('',*,*,#10113,.F.);
#10113 = EDGE_CURVE('',#6775,#7919,#10114,.T.);
#10114 = LINE('',#10115,#10116);
#10115 = CARTESIAN_POINT('',(25.919771,29.10016,0.));
#10116 = VECTOR('',#10117,1.);
#10117 = DIRECTION('',(0.,0.,1.));
#10118 = ORIENTED_EDGE('',*,*,#6783,.F.);
#10119 = PLANE('',#10120);
#10120 = AXIS2_PLACEMENT_3D('',#10121,#10122,#10123);
#10121 = CARTESIAN_POINT('',(14.019771,29.10016,0.));
#10122 = DIRECTION('',(0.,1.,0.));
#10123 = DIRECTION('',(1.,0.,0.));
#10124 = ADVANCED_FACE('',(#10125),#10131,.F.);
#10125 = FACE_BOUND('',#10126,.T.);
#10126 = EDGE_LOOP('',(#10127,#10128,#10129,#10130));
#10127 = ORIENTED_EDGE('',*,*,#10113,.T.);
#10128 = ORIENTED_EDGE('',*,*,#7918,.T.);
#10129 = ORIENTED_EDGE('',*,*,#10094,.F.);
#10130 = ORIENTED_EDGE('',*,*,#6774,.F.);
#10131 = CYLINDRICAL_SURFACE('',#10132,0.300000117299);
#10132 = AXIS2_PLACEMENT_3D('',#10133,#10134,#10135);
#10133 = CARTESIAN_POINT('',(25.919770882701,29.400160117299,0.));
#10134 = DIRECTION('',(-0.,-0.,-1.));
#10135 = DIRECTION('',(3.909953616065E-07,-1.,0.));
#10136 = ADVANCED_FACE('',(#10137),#10148,.F.);
#10137 = FACE_BOUND('',#10138,.T.);
#10138 = EDGE_LOOP('',(#10139,#10140,#10146,#10147));
#10139 = ORIENTED_EDGE('',*,*,#6808,.T.);
#10140 = ORIENTED_EDGE('',*,*,#10141,.T.);
#10141 = EDGE_CURVE('',#6809,#7953,#10142,.T.);
#10142 = LINE('',#10143,#10144);
#10143 = CARTESIAN_POINT('',(29.,55.4,-4.6E-02));
#10144 = VECTOR('',#10145,1.);
#10145 = DIRECTION('',(0.,0.,1.));
#10146 = ORIENTED_EDGE('',*,*,#7952,.F.);
#10147 = ORIENTED_EDGE('',*,*,#10141,.F.);
#10148 = CYLINDRICAL_SURFACE('',#10149,1.1);
#10149 = AXIS2_PLACEMENT_3D('',#10150,#10151,#10152);
#10150 = CARTESIAN_POINT('',(29.,56.5,-4.6E-02));
#10151 = DIRECTION('',(-0.,-0.,-1.));
#10152 = DIRECTION('',(-0.,-1.,0.));
#10153 = ( GEOMETRIC_REPRESENTATION_CONTEXT(3) 
GLOBAL_UNCERTAINTY_ASSIGNED_CONTEXT((#10157)) 
GLOBAL_UNIT_ASSIGNED_CONTEXT((#10154,#10155,#10156)) 
REPRESENTATION_CONTEXT('Context #1',
  '3D Context with UNIT and UNCERTAINTY') );
#10154 = ( LENGTH_UNIT() NAMED_UNIT(*) SI_UNIT(.MILLI.,.METRE.) );
#10155 = ( NAMED_UNIT(*) PLANE_ANGLE_UNIT() SI_UNIT($,.RADIAN.) );
#10156 = ( NAMED_UNIT(*) SI_UNIT($,.STERADIAN.) SOLID_ANGLE_UNIT() );
#10157 = UNCERTAINTY_MEASURE_WITH_UNIT(LENGTH_MEASURE(1.E-07),#10154,
  'distance_accuracy_value','confusion accuracy');
#10158 = CONTEXT_DEPENDENT_SHAPE_REPRESENTATION(#10159,#10161);
#10159 = ( REPRESENTATION_RELATIONSHIP('','',#5570,#10) 
REPRESENTATION_RELATIONSHIP_WITH_TRANSFORMATION(#10160) 
SHAPE_REPRESENTATION_RELATIONSHIP() );
#10160 = ITEM_DEFINED_TRANSFORMATION('','',#11,#23);
#10161 = PRODUCT_DEFINITION_SHAPE('Placement','Placement of an item',
  #10162);
#10162 = NEXT_ASSEMBLY_USAGE_OCCURRENCE('3','=>[0:1:1:4]','',#5,#5565,$
  );
#10163 = PRODUCT_RELATED_PRODUCT_CATEGORY('part',$,(#5567));
#10164 = MECHANICAL_DESIGN_GEOMETRIC_PRESENTATION_REPRESENTATION('',(
    #10165),#10153);
#10165 = STYLED_ITEM('color',(#10166),#5571);
#10166 = PRESENTATION_STYLE_ASSIGNMENT((#10167));
#10167 = SURFACE_STYLE_USAGE(.BOTH.,#10168);
#10168 = SURFACE_SIDE_STYLE('',(#10169));
#10169 = SURFACE_STYLE_FILL_AREA(#10170);
#10170 = FILL_AREA_STYLE('',(#10171));
#10171 = FILL_AREA_STYLE_COLOUR('',#10172);
#10172 = COLOUR_RGB('',0.583831500637,0.583831500637,0.583831500637);
#10173 = MECHANICAL_DESIGN_GEOMETRIC_PRESENTATION_REPRESENTATION('',(
    #10174,#10182,#10189,#10196,#10203,#10210,#10217,#10224,#10231,
    #10238,#10245,#10252),#1145);
#10174 = STYLED_ITEM('color',(#10175),#41);
#10175 = PRESENTATION_STYLE_ASSIGNMENT((#10176));
#10176 = SURFACE_STYLE_USAGE(.BOTH.,#10177);
#10177 = SURFACE_SIDE_STYLE('',(#10178));
#10178 = SURFACE_STYLE_FILL_AREA(#10179);
#10179 = FILL_AREA_STYLE('',(#10180));
#10180 = FILL_AREA_STYLE_COLOUR('',#10181);
#10181 = COLOUR_RGB('',0.735356983052,0.735356983052,0.735356983052);
#10182 = STYLED_ITEM('color',(#10183),#133);
#10183 = PRESENTATION_STYLE_ASSIGNMENT((#10184));
#10184 = SURFACE_STYLE_USAGE(.BOTH.,#10185);
#10185 = SURFACE_SIDE_STYLE('',(#10186));
#10186 = SURFACE_STYLE_FILL_AREA(#10187);
#10187 = FILL_AREA_STYLE('',(#10188));
#10188 = FILL_AREA_STYLE_COLOUR('',#10181);
#10189 = STYLED_ITEM('color',(#10190),#225);
#10190 = PRESENTATION_STYLE_ASSIGNMENT((#10191));
#10191 = SURFACE_STYLE_USAGE(.BOTH.,#10192);
#10192 = SURFACE_SIDE_STYLE('',(#10193));
#10193 = SURFACE_STYLE_FILL_AREA(#10194);
#10194 = FILL_AREA_STYLE('',(#10195));
#10195 = FILL_AREA_STYLE_COLOUR('',#10181);
#10196 = STYLED_ITEM('color',(#10197),#317);
#10197 = PRESENTATION_STYLE_ASSIGNMENT((#10198));
#10198 = SURFACE_STYLE_USAGE(.BOTH.,#10199);
#10199 = SURFACE_SIDE_STYLE('',(#10200));
#10200 = SURFACE_STYLE_FILL_AREA(#10201);
#10201 = FILL_AREA_STYLE('',(#10202));
#10202 = FILL_AREA_STYLE_COLOUR('',#10181);
#10203 = STYLED_ITEM('color',(#10204),#409);
#10204 = PRESENTATION_STYLE_ASSIGNMENT((#10205));
#10205 = SURFACE_STYLE_USAGE(.BOTH.,#10206);
#10206 = SURFACE_SIDE_STYLE('',(#10207));
#10207 = SURFACE_STYLE_FILL_AREA(#10208);
#10208 = FILL_AREA_STYLE('',(#10209));
#10209 = FILL_AREA_STYLE_COLOUR('',#10181);
#10210 = STYLED_ITEM('color',(#10211),#501);
#10211 = PRESENTATION_STYLE_ASSIGNMENT((#10212));
#10212 = SURFACE_STYLE_USAGE(.BOTH.,#10213);
#10213 = SURFACE_SIDE_STYLE('',(#10214));
#10214 = SURFACE_STYLE_FILL_AREA(#10215);
#10215 = FILL_AREA_STYLE('',(#10216));
#10216 = FILL_AREA_STYLE_COLOUR('',#10181);
#10217 = STYLED_ITEM('color',(#10218),#593);
#10218 = PRESENTATION_STYLE_ASSIGNMENT((#10219));
#10219 = SURFACE_STYLE_USAGE(.BOTH.,#10220);
#10220 = SURFACE_SIDE_STYLE('',(#10221));
#10221 = SURFACE_STYLE_FILL_AREA(#10222);
#10222 = FILL_AREA_STYLE('',(#10223));
#10223 = FILL_AREA_STYLE_COLOUR('',#10181);
#10224 = STYLED_ITEM('color',(#10225),#685);
#10225 = PRESENTATION_STYLE_ASSIGNMENT((#10226));
#10226 = SURFACE_STYLE_USAGE(.BOTH.,#10227);
#10227 = SURFACE_SIDE_STYLE('',(#10228));
#10228 = SURFACE_STYLE_FILL_AREA(#10229);
#10229 = FILL_AREA_STYLE('',(#10230));
#10230 = FILL_AREA_STYLE_COLOUR('',#10181);
#10231 = STYLED_ITEM('color',(#10232),#777);
#10232 = PRESENTATION_STYLE_ASSIGNMENT((#10233));
#10233 = SURFACE_STYLE_USAGE(.BOTH.,#10234);
#10234 = SURFACE_SIDE_STYLE('',(#10235));
#10235 = SURFACE_STYLE_FILL_AREA(#10236);
#10236 = FILL_AREA_STYLE('',(#10237));
#10237 = FILL_AREA_STYLE_COLOUR('',#10181);
#10238 = STYLED_ITEM('color',(#10239),#869);
#10239 = PRESENTATION_STYLE_ASSIGNMENT((#10240));
#10240 = SURFACE_STYLE_USAGE(.BOTH.,#10241);
#10241 = SURFACE_SIDE_STYLE('',(#10242));
#10242 = SURFACE_STYLE_FILL_AREA(#10243);
#10243 = FILL_AREA_STYLE('',(#10244));
#10244 = FILL_AREA_STYLE_COLOUR('',#10181);
#10245 = STYLED_ITEM('color',(#10246),#961);
#10246 = PRESENTATION_STYLE_ASSIGNMENT((#10247));
#10247 = SURFACE_STYLE_USAGE(.BOTH.,#10248);
#10248 = SURFACE_SIDE_STYLE('',(#10249));
#10249 = SURFACE_STYLE_FILL_AREA(#10250);
#10250 = FILL_AREA_STYLE('',(#10251));
#10251 = FILL_AREA_STYLE_COLOUR('',#10181);
#10252 = STYLED_ITEM('color',(#10253),#1053);
#10253 = PRESENTATION_STYLE_ASSIGNMENT((#10254));
#10254 = SURFACE_STYLE_USAGE(.BOTH.,#10255);
#10255 = SURFACE_SIDE_STYLE('',(#10256));
#10256 = SURFACE_STYLE_FILL_AREA(#10257);
#10257 = FILL_AREA_STYLE('',(#10258));
#10258 = FILL_AREA_STYLE_COLOUR('',#10181);
#10259 = MECHANICAL_DESIGN_GEOMETRIC_PRESENTATION_REPRESENTATION('',(
    #10260,#10270),#5552);
#10260 = STYLED_ITEM('color',(#10261),#1166);
#10261 = PRESENTATION_STYLE_ASSIGNMENT((#10262));
#10262 = SURFACE_STYLE_USAGE(.BOTH.,#10263);
#10263 = SURFACE_SIDE_STYLE('',(#10264,#10268));
#10264 = SURFACE_STYLE_FILL_AREA(#10265);
#10265 = FILL_AREA_STYLE('',(#10266));
#10266 = FILL_AREA_STYLE_COLOUR('',#10267);
#10267 = COLOUR_RGB('',0.313304153717,0.484529207832,0.410020903123);
#10268 = SURFACE_STYLE_RENDERING_WITH_PROPERTIES(.NORMAL_SHADING.,#10267
  ,(#10269));
#10269 = SURFACE_STYLE_TRANSPARENT(0.170000016689);
#10270 = STYLED_ITEM('color',(#10271),#3360);
#10271 = PRESENTATION_STYLE_ASSIGNMENT((#10272));
#10272 = SURFACE_STYLE_USAGE(.BOTH.,#10273);
#10273 = SURFACE_SIDE_STYLE('',(#10274,#10277));
#10274 = SURFACE_STYLE_FILL_AREA(#10275);
#10275 = FILL_AREA_STYLE('',(#10276));
#10276 = FILL_AREA_STYLE_COLOUR('',#10267);
#10277 = SURFACE_STYLE_RENDERING_WITH_PROPERTIES(.NORMAL_SHADING.,#10267
  ,(#10278));
#10278 = SURFACE_STYLE_TRANSPARENT(0.170000016689);
ENDSEC;
END-ISO-10303-21;
