ISO-10303-21;
HEADER;
/* Generated by software containing ST-Developer
 * from STEP Tools, Inc. (www.steptools.com) 
 */
/* OPTION: strings as raw bytes, not using required /X/ escapes */

FILE_DESCRIPTION(
/* description */ ('Unknown'),
/* implementation_level */ '2;1');

FILE_NAME(
/* name */ 'SLW-864574-5A-RA-N-D',
/* time_stamp */ '2025-01-21T11:53:06+02:00',
/* author */ ('Unknown'),
/* organization */ ('Unknown'),
/* preprocessor_version */ 'ST-DEVELOPER v18.102',
/* originating_system */ 'Solid Edge',
/* authorisation */ 'Unknown');

FILE_SCHEMA (('AUTOMOTIVE_DESIGN {1 0 10303 214 3 1 1}'));
ENDSEC;

DATA;
#10=PROPERTY_DEFINITION_REPRESENTATION(#14,#12);
#11=PROPERTY_DEFINITION_REPRESENTATION(#15,#13);
#12=REPRESENTATION('',(#16),#3457);
#13=REPRESENTATION('',(#17),#3457);
#14=PROPERTY_DEFINITION('pmi validation property','',#3462);
#15=PROPERTY_DEFINITION('pmi validation property','',#3462);
#16=VALUE_REPRESENTATION_ITEM('number of annotations',COUNT_MEASURE(0.));
#17=VALUE_REPRESENTATION_ITEM('number of views',COUNT_MEASURE(0.));
#18=SHAPE_REPRESENTATION_RELATIONSHIP('','',#2345,#19);
#19=ADVANCED_BREP_SHAPE_REPRESENTATION('',(#2343),#3457);
#20=ELLIPSE('',#2409,0.466973318295596,0.3302);
#21=ELLIPSE('',#2410,0.466973318295596,0.3302);
#22=ELLIPSE('',#2415,0.466973318295596,0.3302);
#23=ELLIPSE('',#2418,0.466973318295596,0.3302);
#24=CIRCLE('',#2350,0.23114);
#25=CIRCLE('',#2351,0.23114);
#26=CIRCLE('',#2353,0.23114);
#27=CIRCLE('',#2354,0.23114);
#28=CIRCLE('',#2361,0.23114);
#29=CIRCLE('',#2362,0.23114);
#30=CIRCLE('',#2364,0.23114);
#31=CIRCLE('',#2365,0.23114);
#32=CIRCLE('',#2373,0.309039365758831);
#33=CIRCLE('',#2374,0.602804312175162);
#34=CIRCLE('',#2375,0.44240810976822);
#35=CIRCLE('',#2376,0.602804312175162);
#36=CIRCLE('',#2377,0.309039365758831);
#37=CIRCLE('',#2379,0.309039365758831);
#38=CIRCLE('',#2380,0.602804312175162);
#39=CIRCLE('',#2381,0.44240810976822);
#40=CIRCLE('',#2382,0.602804312175162);
#41=CIRCLE('',#2383,0.309039365758831);
#42=CIRCLE('',#2385,0.309039365758831);
#43=CIRCLE('',#2388,0.309039365758831);
#44=CIRCLE('',#2391,0.309039365758831);
#45=CIRCLE('',#2392,0.602804312175162);
#46=CIRCLE('',#2393,0.44240810976822);
#47=CIRCLE('',#2394,0.602804312175162);
#48=CIRCLE('',#2395,0.309039365758831);
#49=CIRCLE('',#2397,0.309039365758831);
#50=CIRCLE('',#2398,0.602804312175162);
#51=CIRCLE('',#2399,0.44240810976822);
#52=CIRCLE('',#2400,0.602804312175162);
#53=CIRCLE('',#2401,0.309039365758831);
#54=CIRCLE('',#2403,0.309039365758831);
#55=CIRCLE('',#2405,0.309039365758831);
#56=CIRCLE('',#2408,0.3302);
#57=CIRCLE('',#2411,0.3302);
#58=CIRCLE('',#2413,0.3302);
#59=CIRCLE('',#2414,0.3302);
#60=CIRCLE('',#2417,0.3302);
#61=CIRCLE('',#2419,0.3302);
#62=CIRCLE('',#2422,0.3302);
#63=CIRCLE('',#2423,0.3302);
#64=CIRCLE('',#2450,0.309039365758831);
#65=CIRCLE('',#2453,0.309039365758831);
#66=CIRCLE('',#2456,0.309039365758831);
#67=CIRCLE('',#2459,0.309039365758831);
#68=CIRCLE('',#2462,0.23114);
#69=CIRCLE('',#2463,0.23114);
#70=CIRCLE('',#2466,0.23114);
#71=CIRCLE('',#2467,0.23114);
#72=CYLINDRICAL_SURFACE('',#2349,0.23114);
#73=CYLINDRICAL_SURFACE('',#2352,0.23114);
#74=CYLINDRICAL_SURFACE('',#2360,0.23114);
#75=CYLINDRICAL_SURFACE('',#2363,0.23114);
#76=CYLINDRICAL_SURFACE('',#2407,0.3302);
#77=CYLINDRICAL_SURFACE('',#2412,0.3302);
#78=CYLINDRICAL_SURFACE('',#2416,0.3302);
#79=CYLINDRICAL_SURFACE('',#2421,0.3302);
#80=CYLINDRICAL_SURFACE('',#2437,0.602804312175162);
#81=CYLINDRICAL_SURFACE('',#2439,0.44240810976822);
#82=CYLINDRICAL_SURFACE('',#2441,0.602804312175162);
#83=CYLINDRICAL_SURFACE('',#2443,0.602804312175162);
#84=CYLINDRICAL_SURFACE('',#2445,0.44240810976822);
#85=CYLINDRICAL_SURFACE('',#2447,0.602804312175162);
#86=CYLINDRICAL_SURFACE('',#2451,0.309039365758831);
#87=CYLINDRICAL_SURFACE('',#2452,0.309039365758831);
#88=CYLINDRICAL_SURFACE('',#2455,0.309039365758831);
#89=CYLINDRICAL_SURFACE('',#2460,0.309039365758831);
#90=CYLINDRICAL_SURFACE('',#2470,0.23114);
#91=CYLINDRICAL_SURFACE('',#2471,0.23114);
#92=ORIENTED_EDGE('',*,*,#574,.F.);
#93=ORIENTED_EDGE('',*,*,#575,.T.);
#94=ORIENTED_EDGE('',*,*,#576,.T.);
#95=ORIENTED_EDGE('',*,*,#577,.F.);
#96=ORIENTED_EDGE('',*,*,#578,.F.);
#97=ORIENTED_EDGE('',*,*,#579,.F.);
#98=ORIENTED_EDGE('',*,*,#576,.F.);
#99=ORIENTED_EDGE('',*,*,#580,.F.);
#100=ORIENTED_EDGE('',*,*,#581,.T.);
#101=ORIENTED_EDGE('',*,*,#582,.F.);
#102=ORIENTED_EDGE('',*,*,#583,.T.);
#103=ORIENTED_EDGE('',*,*,#584,.T.);
#104=ORIENTED_EDGE('',*,*,#585,.F.);
#105=ORIENTED_EDGE('',*,*,#586,.F.);
#106=ORIENTED_EDGE('',*,*,#587,.F.);
#107=ORIENTED_EDGE('',*,*,#588,.F.);
#108=ORIENTED_EDGE('',*,*,#589,.F.);
#109=ORIENTED_EDGE('',*,*,#590,.F.);
#110=ORIENTED_EDGE('',*,*,#591,.F.);
#111=ORIENTED_EDGE('',*,*,#592,.F.);
#112=ORIENTED_EDGE('',*,*,#593,.F.);
#113=ORIENTED_EDGE('',*,*,#591,.T.);
#114=ORIENTED_EDGE('',*,*,#594,.T.);
#115=ORIENTED_EDGE('',*,*,#595,.T.);
#116=ORIENTED_EDGE('',*,*,#596,.F.);
#117=ORIENTED_EDGE('',*,*,#585,.T.);
#118=ORIENTED_EDGE('',*,*,#597,.F.);
#119=ORIENTED_EDGE('',*,*,#586,.T.);
#120=ORIENTED_EDGE('',*,*,#596,.T.);
#121=ORIENTED_EDGE('',*,*,#598,.T.);
#122=ORIENTED_EDGE('',*,*,#599,.F.);
#123=ORIENTED_EDGE('',*,*,#589,.T.);
#124=ORIENTED_EDGE('',*,*,#600,.F.);
#125=ORIENTED_EDGE('',*,*,#587,.T.);
#126=ORIENTED_EDGE('',*,*,#597,.T.);
#127=ORIENTED_EDGE('',*,*,#601,.T.);
#128=ORIENTED_EDGE('',*,*,#594,.F.);
#129=ORIENTED_EDGE('',*,*,#590,.T.);
#130=ORIENTED_EDGE('',*,*,#599,.T.);
#131=ORIENTED_EDGE('',*,*,#602,.T.);
#132=ORIENTED_EDGE('',*,*,#600,.T.);
#133=ORIENTED_EDGE('',*,*,#592,.T.);
#134=ORIENTED_EDGE('',*,*,#593,.T.);
#135=ORIENTED_EDGE('',*,*,#588,.T.);
#136=ORIENTED_EDGE('',*,*,#603,.F.);
#137=ORIENTED_EDGE('',*,*,#604,.F.);
#138=ORIENTED_EDGE('',*,*,#605,.F.);
#139=ORIENTED_EDGE('',*,*,#606,.F.);
#140=ORIENTED_EDGE('',*,*,#607,.F.);
#141=ORIENTED_EDGE('',*,*,#608,.F.);
#142=ORIENTED_EDGE('',*,*,#609,.F.);
#143=ORIENTED_EDGE('',*,*,#610,.F.);
#144=ORIENTED_EDGE('',*,*,#611,.F.);
#145=ORIENTED_EDGE('',*,*,#609,.T.);
#146=ORIENTED_EDGE('',*,*,#612,.T.);
#147=ORIENTED_EDGE('',*,*,#613,.T.);
#148=ORIENTED_EDGE('',*,*,#614,.F.);
#149=ORIENTED_EDGE('',*,*,#603,.T.);
#150=ORIENTED_EDGE('',*,*,#615,.F.);
#151=ORIENTED_EDGE('',*,*,#604,.T.);
#152=ORIENTED_EDGE('',*,*,#614,.T.);
#153=ORIENTED_EDGE('',*,*,#616,.T.);
#154=ORIENTED_EDGE('',*,*,#617,.F.);
#155=ORIENTED_EDGE('',*,*,#607,.T.);
#156=ORIENTED_EDGE('',*,*,#618,.F.);
#157=ORIENTED_EDGE('',*,*,#605,.T.);
#158=ORIENTED_EDGE('',*,*,#615,.T.);
#159=ORIENTED_EDGE('',*,*,#619,.T.);
#160=ORIENTED_EDGE('',*,*,#612,.F.);
#161=ORIENTED_EDGE('',*,*,#608,.T.);
#162=ORIENTED_EDGE('',*,*,#617,.T.);
#163=ORIENTED_EDGE('',*,*,#620,.T.);
#164=ORIENTED_EDGE('',*,*,#618,.T.);
#165=ORIENTED_EDGE('',*,*,#610,.T.);
#166=ORIENTED_EDGE('',*,*,#611,.T.);
#167=ORIENTED_EDGE('',*,*,#606,.T.);
#168=ORIENTED_EDGE('',*,*,#595,.F.);
#169=ORIENTED_EDGE('',*,*,#602,.F.);
#170=ORIENTED_EDGE('',*,*,#601,.F.);
#171=ORIENTED_EDGE('',*,*,#598,.F.);
#172=ORIENTED_EDGE('',*,*,#613,.F.);
#173=ORIENTED_EDGE('',*,*,#620,.F.);
#174=ORIENTED_EDGE('',*,*,#619,.F.);
#175=ORIENTED_EDGE('',*,*,#616,.F.);
#176=ORIENTED_EDGE('',*,*,#621,.F.);
#177=ORIENTED_EDGE('',*,*,#622,.F.);
#178=ORIENTED_EDGE('',*,*,#623,.F.);
#179=ORIENTED_EDGE('',*,*,#624,.F.);
#180=ORIENTED_EDGE('',*,*,#625,.F.);
#181=ORIENTED_EDGE('',*,*,#626,.F.);
#182=ORIENTED_EDGE('',*,*,#627,.F.);
#183=ORIENTED_EDGE('',*,*,#628,.F.);
#184=ORIENTED_EDGE('',*,*,#629,.F.);
#185=ORIENTED_EDGE('',*,*,#630,.F.);
#186=ORIENTED_EDGE('',*,*,#631,.F.);
#187=ORIENTED_EDGE('',*,*,#632,.F.);
#188=ORIENTED_EDGE('',*,*,#633,.F.);
#189=ORIENTED_EDGE('',*,*,#634,.F.);
#190=ORIENTED_EDGE('',*,*,#635,.F.);
#191=ORIENTED_EDGE('',*,*,#636,.F.);
#192=ORIENTED_EDGE('',*,*,#637,.T.);
#193=ORIENTED_EDGE('',*,*,#638,.T.);
#194=ORIENTED_EDGE('',*,*,#639,.F.);
#195=ORIENTED_EDGE('',*,*,#640,.F.);
#196=ORIENTED_EDGE('',*,*,#641,.F.);
#197=ORIENTED_EDGE('',*,*,#642,.F.);
#198=ORIENTED_EDGE('',*,*,#643,.F.);
#199=ORIENTED_EDGE('',*,*,#644,.F.);
#200=ORIENTED_EDGE('',*,*,#645,.F.);
#201=ORIENTED_EDGE('',*,*,#646,.F.);
#202=ORIENTED_EDGE('',*,*,#647,.T.);
#203=ORIENTED_EDGE('',*,*,#648,.T.);
#204=ORIENTED_EDGE('',*,*,#649,.F.);
#205=ORIENTED_EDGE('',*,*,#650,.T.);
#206=ORIENTED_EDGE('',*,*,#651,.F.);
#207=ORIENTED_EDGE('',*,*,#652,.T.);
#208=ORIENTED_EDGE('',*,*,#653,.T.);
#209=ORIENTED_EDGE('',*,*,#654,.T.);
#210=ORIENTED_EDGE('',*,*,#655,.T.);
#211=ORIENTED_EDGE('',*,*,#656,.T.);
#212=ORIENTED_EDGE('',*,*,#657,.T.);
#213=ORIENTED_EDGE('',*,*,#658,.T.);
#214=ORIENTED_EDGE('',*,*,#659,.T.);
#215=ORIENTED_EDGE('',*,*,#625,.T.);
#216=ORIENTED_EDGE('',*,*,#627,.T.);
#217=ORIENTED_EDGE('',*,*,#660,.T.);
#218=ORIENTED_EDGE('',*,*,#661,.F.);
#219=ORIENTED_EDGE('',*,*,#662,.F.);
#220=ORIENTED_EDGE('',*,*,#663,.F.);
#221=ORIENTED_EDGE('',*,*,#664,.T.);
#222=ORIENTED_EDGE('',*,*,#665,.T.);
#223=ORIENTED_EDGE('',*,*,#666,.T.);
#224=ORIENTED_EDGE('',*,*,#667,.T.);
#225=ORIENTED_EDGE('',*,*,#668,.F.);
#226=ORIENTED_EDGE('',*,*,#669,.T.);
#227=ORIENTED_EDGE('',*,*,#670,.T.);
#228=ORIENTED_EDGE('',*,*,#671,.F.);
#229=ORIENTED_EDGE('',*,*,#672,.T.);
#230=ORIENTED_EDGE('',*,*,#673,.T.);
#231=ORIENTED_EDGE('',*,*,#648,.F.);
#232=ORIENTED_EDGE('',*,*,#674,.F.);
#233=ORIENTED_EDGE('',*,*,#623,.T.);
#234=ORIENTED_EDGE('',*,*,#675,.T.);
#235=ORIENTED_EDGE('',*,*,#664,.F.);
#236=ORIENTED_EDGE('',*,*,#676,.T.);
#237=ORIENTED_EDGE('',*,*,#677,.T.);
#238=ORIENTED_EDGE('',*,*,#678,.F.);
#239=ORIENTED_EDGE('',*,*,#679,.T.);
#240=ORIENTED_EDGE('',*,*,#680,.T.);
#241=ORIENTED_EDGE('',*,*,#681,.F.);
#242=ORIENTED_EDGE('',*,*,#682,.F.);
#243=ORIENTED_EDGE('',*,*,#683,.T.);
#244=ORIENTED_EDGE('',*,*,#684,.T.);
#245=ORIENTED_EDGE('',*,*,#661,.T.);
#246=ORIENTED_EDGE('',*,*,#685,.T.);
#247=ORIENTED_EDGE('',*,*,#638,.F.);
#248=ORIENTED_EDGE('',*,*,#686,.T.);
#249=ORIENTED_EDGE('',*,*,#687,.T.);
#250=ORIENTED_EDGE('',*,*,#688,.F.);
#251=ORIENTED_EDGE('',*,*,#689,.F.);
#252=ORIENTED_EDGE('',*,*,#681,.T.);
#253=ORIENTED_EDGE('',*,*,#690,.F.);
#254=ORIENTED_EDGE('',*,*,#691,.T.);
#255=ORIENTED_EDGE('',*,*,#692,.T.);
#256=ORIENTED_EDGE('',*,*,#668,.T.);
#257=ORIENTED_EDGE('',*,*,#693,.F.);
#258=ORIENTED_EDGE('',*,*,#694,.T.);
#259=ORIENTED_EDGE('',*,*,#695,.T.);
#260=ORIENTED_EDGE('',*,*,#696,.T.);
#261=ORIENTED_EDGE('',*,*,#697,.T.);
#262=ORIENTED_EDGE('',*,*,#698,.T.);
#263=ORIENTED_EDGE('',*,*,#699,.T.);
#264=ORIENTED_EDGE('',*,*,#700,.T.);
#265=ORIENTED_EDGE('',*,*,#701,.T.);
#266=ORIENTED_EDGE('',*,*,#702,.F.);
#267=ORIENTED_EDGE('',*,*,#703,.F.);
#268=ORIENTED_EDGE('',*,*,#704,.F.);
#269=ORIENTED_EDGE('',*,*,#705,.F.);
#270=ORIENTED_EDGE('',*,*,#706,.F.);
#271=ORIENTED_EDGE('',*,*,#707,.F.);
#272=ORIENTED_EDGE('',*,*,#708,.F.);
#273=ORIENTED_EDGE('',*,*,#709,.F.);
#274=ORIENTED_EDGE('',*,*,#710,.T.);
#275=ORIENTED_EDGE('',*,*,#631,.T.);
#276=ORIENTED_EDGE('',*,*,#711,.F.);
#277=ORIENTED_EDGE('',*,*,#629,.T.);
#278=ORIENTED_EDGE('',*,*,#712,.T.);
#279=ORIENTED_EDGE('',*,*,#683,.F.);
#280=ORIENTED_EDGE('',*,*,#621,.T.);
#281=ORIENTED_EDGE('',*,*,#713,.T.);
#282=ORIENTED_EDGE('',*,*,#666,.F.);
#283=ORIENTED_EDGE('',*,*,#714,.F.);
#284=ORIENTED_EDGE('',*,*,#715,.T.);
#285=ORIENTED_EDGE('',*,*,#716,.T.);
#286=ORIENTED_EDGE('',*,*,#688,.T.);
#287=ORIENTED_EDGE('',*,*,#717,.F.);
#288=ORIENTED_EDGE('',*,*,#718,.T.);
#289=ORIENTED_EDGE('',*,*,#719,.T.);
#290=ORIENTED_EDGE('',*,*,#678,.T.);
#291=ORIENTED_EDGE('',*,*,#720,.T.);
#292=ORIENTED_EDGE('',*,*,#721,.T.);
#293=ORIENTED_EDGE('',*,*,#722,.F.);
#294=ORIENTED_EDGE('',*,*,#723,.F.);
#295=ORIENTED_EDGE('',*,*,#724,.F.);
#296=ORIENTED_EDGE('',*,*,#718,.F.);
#297=ORIENTED_EDGE('',*,*,#725,.T.);
#298=ORIENTED_EDGE('',*,*,#726,.F.);
#299=ORIENTED_EDGE('',*,*,#727,.F.);
#300=ORIENTED_EDGE('',*,*,#728,.F.);
#301=ORIENTED_EDGE('',*,*,#729,.T.);
#302=ORIENTED_EDGE('',*,*,#726,.T.);
#303=ORIENTED_EDGE('',*,*,#730,.T.);
#304=ORIENTED_EDGE('',*,*,#650,.F.);
#305=ORIENTED_EDGE('',*,*,#731,.T.);
#306=ORIENTED_EDGE('',*,*,#732,.F.);
#307=ORIENTED_EDGE('',*,*,#733,.F.);
#308=ORIENTED_EDGE('',*,*,#691,.F.);
#309=ORIENTED_EDGE('',*,*,#734,.T.);
#310=ORIENTED_EDGE('',*,*,#728,.T.);
#311=ORIENTED_EDGE('',*,*,#735,.F.);
#312=ORIENTED_EDGE('',*,*,#736,.F.);
#313=ORIENTED_EDGE('',*,*,#737,.T.);
#314=ORIENTED_EDGE('',*,*,#738,.F.);
#315=ORIENTED_EDGE('',*,*,#739,.T.);
#316=ORIENTED_EDGE('',*,*,#740,.T.);
#317=ORIENTED_EDGE('',*,*,#671,.T.);
#318=ORIENTED_EDGE('',*,*,#739,.F.);
#319=ORIENTED_EDGE('',*,*,#741,.T.);
#320=ORIENTED_EDGE('',*,*,#736,.T.);
#321=ORIENTED_EDGE('',*,*,#742,.F.);
#322=ORIENTED_EDGE('',*,*,#732,.T.);
#323=ORIENTED_EDGE('',*,*,#743,.T.);
#324=ORIENTED_EDGE('',*,*,#733,.T.);
#325=ORIENTED_EDGE('',*,*,#742,.T.);
#326=ORIENTED_EDGE('',*,*,#735,.T.);
#327=ORIENTED_EDGE('',*,*,#727,.T.);
#328=ORIENTED_EDGE('',*,*,#744,.T.);
#329=ORIENTED_EDGE('',*,*,#672,.F.);
#330=ORIENTED_EDGE('',*,*,#740,.F.);
#331=ORIENTED_EDGE('',*,*,#743,.F.);
#332=ORIENTED_EDGE('',*,*,#649,.T.);
#333=ORIENTED_EDGE('',*,*,#673,.F.);
#334=ORIENTED_EDGE('',*,*,#744,.F.);
#335=ORIENTED_EDGE('',*,*,#731,.F.);
#336=ORIENTED_EDGE('',*,*,#745,.T.);
#337=ORIENTED_EDGE('',*,*,#669,.F.);
#338=ORIENTED_EDGE('',*,*,#692,.F.);
#339=ORIENTED_EDGE('',*,*,#737,.F.);
#340=ORIENTED_EDGE('',*,*,#738,.T.);
#341=ORIENTED_EDGE('',*,*,#670,.F.);
#342=ORIENTED_EDGE('',*,*,#745,.F.);
#343=ORIENTED_EDGE('',*,*,#741,.F.);
#344=ORIENTED_EDGE('',*,*,#746,.T.);
#345=ORIENTED_EDGE('',*,*,#679,.F.);
#346=ORIENTED_EDGE('',*,*,#719,.F.);
#347=ORIENTED_EDGE('',*,*,#729,.F.);
#348=ORIENTED_EDGE('',*,*,#680,.F.);
#349=ORIENTED_EDGE('',*,*,#746,.F.);
#350=ORIENTED_EDGE('',*,*,#734,.F.);
#351=ORIENTED_EDGE('',*,*,#690,.T.);
#352=ORIENTED_EDGE('',*,*,#747,.T.);
#353=ORIENTED_EDGE('',*,*,#686,.F.);
#354=ORIENTED_EDGE('',*,*,#637,.F.);
#355=ORIENTED_EDGE('',*,*,#730,.F.);
#356=ORIENTED_EDGE('',*,*,#717,.T.);
#357=ORIENTED_EDGE('',*,*,#687,.F.);
#358=ORIENTED_EDGE('',*,*,#747,.F.);
#359=ORIENTED_EDGE('',*,*,#725,.F.);
#360=ORIENTED_EDGE('',*,*,#684,.F.);
#361=ORIENTED_EDGE('',*,*,#712,.F.);
#362=ORIENTED_EDGE('',*,*,#628,.T.);
#363=ORIENTED_EDGE('',*,*,#662,.T.);
#364=ORIENTED_EDGE('',*,*,#665,.F.);
#365=ORIENTED_EDGE('',*,*,#675,.F.);
#366=ORIENTED_EDGE('',*,*,#622,.T.);
#367=ORIENTED_EDGE('',*,*,#714,.T.);
#368=ORIENTED_EDGE('',*,*,#640,.T.);
#369=ORIENTED_EDGE('',*,*,#748,.F.);
#370=ORIENTED_EDGE('',*,*,#658,.F.);
#371=ORIENTED_EDGE('',*,*,#749,.T.);
#372=ORIENTED_EDGE('',*,*,#646,.T.);
#373=ORIENTED_EDGE('',*,*,#750,.F.);
#374=ORIENTED_EDGE('',*,*,#652,.F.);
#375=ORIENTED_EDGE('',*,*,#751,.T.);
#376=ORIENTED_EDGE('',*,*,#645,.T.);
#377=ORIENTED_EDGE('',*,*,#752,.F.);
#378=ORIENTED_EDGE('',*,*,#653,.F.);
#379=ORIENTED_EDGE('',*,*,#750,.T.);
#380=ORIENTED_EDGE('',*,*,#644,.T.);
#381=ORIENTED_EDGE('',*,*,#753,.F.);
#382=ORIENTED_EDGE('',*,*,#654,.F.);
#383=ORIENTED_EDGE('',*,*,#752,.T.);
#384=ORIENTED_EDGE('',*,*,#643,.T.);
#385=ORIENTED_EDGE('',*,*,#754,.F.);
#386=ORIENTED_EDGE('',*,*,#655,.F.);
#387=ORIENTED_EDGE('',*,*,#753,.T.);
#388=ORIENTED_EDGE('',*,*,#642,.T.);
#389=ORIENTED_EDGE('',*,*,#755,.F.);
#390=ORIENTED_EDGE('',*,*,#656,.F.);
#391=ORIENTED_EDGE('',*,*,#754,.T.);
#392=ORIENTED_EDGE('',*,*,#641,.T.);
#393=ORIENTED_EDGE('',*,*,#749,.F.);
#394=ORIENTED_EDGE('',*,*,#657,.F.);
#395=ORIENTED_EDGE('',*,*,#755,.T.);
#396=ORIENTED_EDGE('',*,*,#694,.F.);
#397=ORIENTED_EDGE('',*,*,#756,.F.);
#398=ORIENTED_EDGE('',*,*,#709,.T.);
#399=ORIENTED_EDGE('',*,*,#757,.T.);
#400=ORIENTED_EDGE('',*,*,#695,.F.);
#401=ORIENTED_EDGE('',*,*,#757,.F.);
#402=ORIENTED_EDGE('',*,*,#708,.T.);
#403=ORIENTED_EDGE('',*,*,#758,.T.);
#404=ORIENTED_EDGE('',*,*,#696,.F.);
#405=ORIENTED_EDGE('',*,*,#758,.F.);
#406=ORIENTED_EDGE('',*,*,#707,.T.);
#407=ORIENTED_EDGE('',*,*,#759,.T.);
#408=ORIENTED_EDGE('',*,*,#697,.F.);
#409=ORIENTED_EDGE('',*,*,#759,.F.);
#410=ORIENTED_EDGE('',*,*,#706,.T.);
#411=ORIENTED_EDGE('',*,*,#760,.T.);
#412=ORIENTED_EDGE('',*,*,#698,.F.);
#413=ORIENTED_EDGE('',*,*,#760,.F.);
#414=ORIENTED_EDGE('',*,*,#705,.T.);
#415=ORIENTED_EDGE('',*,*,#761,.T.);
#416=ORIENTED_EDGE('',*,*,#699,.F.);
#417=ORIENTED_EDGE('',*,*,#761,.F.);
#418=ORIENTED_EDGE('',*,*,#704,.T.);
#419=ORIENTED_EDGE('',*,*,#762,.T.);
#420=ORIENTED_EDGE('',*,*,#700,.F.);
#421=ORIENTED_EDGE('',*,*,#762,.F.);
#422=ORIENTED_EDGE('',*,*,#703,.T.);
#423=ORIENTED_EDGE('',*,*,#763,.T.);
#424=ORIENTED_EDGE('',*,*,#632,.T.);
#425=ORIENTED_EDGE('',*,*,#764,.T.);
#426=ORIENTED_EDGE('',*,*,#693,.T.);
#427=ORIENTED_EDGE('',*,*,#667,.F.);
#428=ORIENTED_EDGE('',*,*,#713,.F.);
#429=ORIENTED_EDGE('',*,*,#764,.F.);
#430=ORIENTED_EDGE('',*,*,#710,.F.);
#431=ORIENTED_EDGE('',*,*,#756,.T.);
#432=ORIENTED_EDGE('',*,*,#701,.F.);
#433=ORIENTED_EDGE('',*,*,#763,.F.);
#434=ORIENTED_EDGE('',*,*,#702,.T.);
#435=ORIENTED_EDGE('',*,*,#765,.T.);
#436=ORIENTED_EDGE('',*,*,#711,.T.);
#437=ORIENTED_EDGE('',*,*,#682,.T.);
#438=ORIENTED_EDGE('',*,*,#630,.T.);
#439=ORIENTED_EDGE('',*,*,#765,.F.);
#440=ORIENTED_EDGE('',*,*,#647,.F.);
#441=ORIENTED_EDGE('',*,*,#751,.F.);
#442=ORIENTED_EDGE('',*,*,#651,.T.);
#443=ORIENTED_EDGE('',*,*,#766,.T.);
#444=ORIENTED_EDGE('',*,*,#674,.T.);
#445=ORIENTED_EDGE('',*,*,#663,.T.);
#446=ORIENTED_EDGE('',*,*,#624,.T.);
#447=ORIENTED_EDGE('',*,*,#766,.F.);
#448=ORIENTED_EDGE('',*,*,#626,.T.);
#449=ORIENTED_EDGE('',*,*,#767,.T.);
#450=ORIENTED_EDGE('',*,*,#639,.T.);
#451=ORIENTED_EDGE('',*,*,#685,.F.);
#452=ORIENTED_EDGE('',*,*,#660,.F.);
#453=ORIENTED_EDGE('',*,*,#767,.F.);
#454=ORIENTED_EDGE('',*,*,#659,.F.);
#455=ORIENTED_EDGE('',*,*,#748,.T.);
#456=ORIENTED_EDGE('',*,*,#768,.F.);
#457=ORIENTED_EDGE('',*,*,#769,.T.);
#458=ORIENTED_EDGE('',*,*,#770,.T.);
#459=ORIENTED_EDGE('',*,*,#633,.T.);
#460=ORIENTED_EDGE('',*,*,#771,.F.);
#461=ORIENTED_EDGE('',*,*,#772,.T.);
#462=ORIENTED_EDGE('',*,*,#773,.F.);
#463=ORIENTED_EDGE('',*,*,#774,.T.);
#464=ORIENTED_EDGE('',*,*,#771,.T.);
#465=ORIENTED_EDGE('',*,*,#636,.T.);
#466=ORIENTED_EDGE('',*,*,#775,.F.);
#467=ORIENTED_EDGE('',*,*,#776,.T.);
#468=ORIENTED_EDGE('',*,*,#777,.F.);
#469=ORIENTED_EDGE('',*,*,#778,.T.);
#470=ORIENTED_EDGE('',*,*,#773,.T.);
#471=ORIENTED_EDGE('',*,*,#635,.T.);
#472=ORIENTED_EDGE('',*,*,#770,.F.);
#473=ORIENTED_EDGE('',*,*,#779,.T.);
#474=ORIENTED_EDGE('',*,*,#775,.T.);
#475=ORIENTED_EDGE('',*,*,#634,.T.);
#476=ORIENTED_EDGE('',*,*,#777,.T.);
#477=ORIENTED_EDGE('',*,*,#780,.T.);
#478=ORIENTED_EDGE('',*,*,#768,.T.);
#479=ORIENTED_EDGE('',*,*,#781,.T.);
#480=ORIENTED_EDGE('',*,*,#772,.F.);
#481=ORIENTED_EDGE('',*,*,#774,.F.);
#482=ORIENTED_EDGE('',*,*,#778,.F.);
#483=ORIENTED_EDGE('',*,*,#781,.F.);
#484=ORIENTED_EDGE('',*,*,#776,.F.);
#485=ORIENTED_EDGE('',*,*,#779,.F.);
#486=ORIENTED_EDGE('',*,*,#769,.F.);
#487=ORIENTED_EDGE('',*,*,#780,.F.);
#488=ORIENTED_EDGE('',*,*,#724,.T.);
#489=ORIENTED_EDGE('',*,*,#782,.F.);
#490=ORIENTED_EDGE('',*,*,#583,.F.);
#491=ORIENTED_EDGE('',*,*,#783,.T.);
#492=ORIENTED_EDGE('',*,*,#784,.T.);
#493=ORIENTED_EDGE('',*,*,#723,.T.);
#494=ORIENTED_EDGE('',*,*,#785,.F.);
#495=ORIENTED_EDGE('',*,*,#584,.F.);
#496=ORIENTED_EDGE('',*,*,#782,.T.);
#497=ORIENTED_EDGE('',*,*,#722,.T.);
#498=ORIENTED_EDGE('',*,*,#786,.F.);
#499=ORIENTED_EDGE('',*,*,#787,.F.);
#500=ORIENTED_EDGE('',*,*,#581,.F.);
#501=ORIENTED_EDGE('',*,*,#785,.T.);
#502=ORIENTED_EDGE('',*,*,#788,.F.);
#503=ORIENTED_EDGE('',*,*,#789,.T.);
#504=ORIENTED_EDGE('',*,*,#790,.T.);
#505=ORIENTED_EDGE('',*,*,#791,.T.);
#506=ORIENTED_EDGE('',*,*,#792,.T.);
#507=ORIENTED_EDGE('',*,*,#793,.T.);
#508=ORIENTED_EDGE('',*,*,#794,.T.);
#509=ORIENTED_EDGE('',*,*,#577,.T.);
#510=ORIENTED_EDGE('',*,*,#579,.T.);
#511=ORIENTED_EDGE('',*,*,#795,.F.);
#512=ORIENTED_EDGE('',*,*,#796,.T.);
#513=ORIENTED_EDGE('',*,*,#788,.T.);
#514=ORIENTED_EDGE('',*,*,#578,.T.);
#515=ORIENTED_EDGE('',*,*,#797,.T.);
#516=ORIENTED_EDGE('',*,*,#798,.T.);
#517=ORIENTED_EDGE('',*,*,#795,.T.);
#518=ORIENTED_EDGE('',*,*,#580,.T.);
#519=ORIENTED_EDGE('',*,*,#575,.F.);
#520=ORIENTED_EDGE('',*,*,#799,.T.);
#521=ORIENTED_EDGE('',*,*,#800,.T.);
#522=ORIENTED_EDGE('',*,*,#801,.T.);
#523=ORIENTED_EDGE('',*,*,#802,.T.);
#524=ORIENTED_EDGE('',*,*,#803,.T.);
#525=ORIENTED_EDGE('',*,*,#804,.T.);
#526=ORIENTED_EDGE('',*,*,#720,.F.);
#527=ORIENTED_EDGE('',*,*,#677,.F.);
#528=ORIENTED_EDGE('',*,*,#805,.T.);
#529=ORIENTED_EDGE('',*,*,#786,.T.);
#530=ORIENTED_EDGE('',*,*,#721,.F.);
#531=ORIENTED_EDGE('',*,*,#804,.F.);
#532=ORIENTED_EDGE('',*,*,#806,.T.);
#533=ORIENTED_EDGE('',*,*,#807,.T.);
#534=ORIENTED_EDGE('',*,*,#715,.F.);
#535=ORIENTED_EDGE('',*,*,#784,.F.);
#536=ORIENTED_EDGE('',*,*,#808,.T.);
#537=ORIENTED_EDGE('',*,*,#689,.T.);
#538=ORIENTED_EDGE('',*,*,#716,.F.);
#539=ORIENTED_EDGE('',*,*,#807,.F.);
#540=ORIENTED_EDGE('',*,*,#582,.T.);
#541=ORIENTED_EDGE('',*,*,#787,.T.);
#542=ORIENTED_EDGE('',*,*,#809,.F.);
#543=ORIENTED_EDGE('',*,*,#783,.F.);
#544=ORIENTED_EDGE('',*,*,#806,.F.);
#545=ORIENTED_EDGE('',*,*,#809,.T.);
#546=ORIENTED_EDGE('',*,*,#805,.F.);
#547=ORIENTED_EDGE('',*,*,#803,.F.);
#548=ORIENTED_EDGE('',*,*,#676,.F.);
#549=ORIENTED_EDGE('',*,*,#808,.F.);
#550=ORIENTED_EDGE('',*,*,#810,.F.);
#551=ORIENTED_EDGE('',*,*,#802,.F.);
#552=ORIENTED_EDGE('',*,*,#811,.T.);
#553=ORIENTED_EDGE('',*,*,#791,.F.);
#554=ORIENTED_EDGE('',*,*,#812,.F.);
#555=ORIENTED_EDGE('',*,*,#797,.F.);
#556=ORIENTED_EDGE('',*,*,#810,.T.);
#557=ORIENTED_EDGE('',*,*,#790,.F.);
#558=ORIENTED_EDGE('',*,*,#811,.F.);
#559=ORIENTED_EDGE('',*,*,#801,.F.);
#560=ORIENTED_EDGE('',*,*,#813,.T.);
#561=ORIENTED_EDGE('',*,*,#792,.F.);
#562=ORIENTED_EDGE('',*,*,#813,.F.);
#563=ORIENTED_EDGE('',*,*,#800,.F.);
#564=ORIENTED_EDGE('',*,*,#814,.T.);
#565=ORIENTED_EDGE('',*,*,#793,.F.);
#566=ORIENTED_EDGE('',*,*,#814,.F.);
#567=ORIENTED_EDGE('',*,*,#799,.F.);
#568=ORIENTED_EDGE('',*,*,#574,.T.);
#569=ORIENTED_EDGE('',*,*,#794,.F.);
#570=ORIENTED_EDGE('',*,*,#796,.F.);
#571=ORIENTED_EDGE('',*,*,#798,.F.);
#572=ORIENTED_EDGE('',*,*,#812,.T.);
#573=ORIENTED_EDGE('',*,*,#789,.F.);
#574=EDGE_CURVE('',#815,#816,#971,.T.);
#575=EDGE_CURVE('',#815,#817,#972,.T.);
#576=EDGE_CURVE('',#817,#818,#973,.T.);
#577=EDGE_CURVE('',#816,#818,#974,.T.);
#578=EDGE_CURVE('',#819,#820,#975,.T.);
#579=EDGE_CURVE('',#818,#819,#976,.T.);
#580=EDGE_CURVE('',#820,#817,#977,.T.);
#581=EDGE_CURVE('',#821,#822,#978,.T.);
#582=EDGE_CURVE('',#823,#822,#979,.T.);
#583=EDGE_CURVE('',#823,#824,#980,.T.);
#584=EDGE_CURVE('',#824,#821,#981,.T.);
#585=EDGE_CURVE('',#825,#826,#24,.F.);
#586=EDGE_CURVE('',#827,#825,#982,.F.);
#587=EDGE_CURVE('',#828,#827,#25,.F.);
#588=EDGE_CURVE('',#826,#828,#983,.T.);
#589=EDGE_CURVE('',#829,#830,#26,.F.);
#590=EDGE_CURVE('',#831,#829,#984,.F.);
#591=EDGE_CURVE('',#832,#831,#27,.F.);
#592=EDGE_CURVE('',#830,#832,#985,.T.);
#593=EDGE_CURVE('',#832,#826,#986,.T.);
#594=EDGE_CURVE('',#831,#833,#987,.T.);
#595=EDGE_CURVE('',#833,#834,#988,.T.);
#596=EDGE_CURVE('',#825,#834,#989,.T.);
#597=EDGE_CURVE('',#827,#835,#990,.T.);
#598=EDGE_CURVE('',#834,#835,#991,.T.);
#599=EDGE_CURVE('',#829,#836,#992,.T.);
#600=EDGE_CURVE('',#828,#830,#993,.T.);
#601=EDGE_CURVE('',#835,#836,#994,.T.);
#602=EDGE_CURVE('',#836,#833,#995,.T.);
#603=EDGE_CURVE('',#837,#838,#28,.F.);
#604=EDGE_CURVE('',#839,#837,#996,.F.);
#605=EDGE_CURVE('',#840,#839,#29,.F.);
#606=EDGE_CURVE('',#838,#840,#997,.T.);
#607=EDGE_CURVE('',#841,#842,#30,.F.);
#608=EDGE_CURVE('',#843,#841,#998,.F.);
#609=EDGE_CURVE('',#844,#843,#31,.F.);
#610=EDGE_CURVE('',#842,#844,#999,.T.);
#611=EDGE_CURVE('',#844,#838,#1000,.T.);
#612=EDGE_CURVE('',#843,#845,#1001,.T.);
#613=EDGE_CURVE('',#845,#846,#1002,.T.);
#614=EDGE_CURVE('',#837,#846,#1003,.T.);
#615=EDGE_CURVE('',#839,#847,#1004,.T.);
#616=EDGE_CURVE('',#846,#847,#1005,.T.);
#617=EDGE_CURVE('',#841,#848,#1006,.T.);
#618=EDGE_CURVE('',#840,#842,#1007,.T.);
#619=EDGE_CURVE('',#847,#848,#1008,.T.);
#620=EDGE_CURVE('',#848,#845,#1009,.T.);
#621=EDGE_CURVE('',#849,#850,#1010,.T.);
#622=EDGE_CURVE('',#851,#849,#1011,.T.);
#623=EDGE_CURVE('',#852,#851,#1012,.T.);
#624=EDGE_CURVE('',#853,#852,#1013,.T.);
#625=EDGE_CURVE('',#854,#853,#1014,.T.);
#626=EDGE_CURVE('',#855,#854,#1015,.T.);
#627=EDGE_CURVE('',#856,#855,#1016,.T.);
#628=EDGE_CURVE('',#857,#856,#1017,.T.);
#629=EDGE_CURVE('',#858,#857,#1018,.T.);
#630=EDGE_CURVE('',#859,#858,#1019,.T.);
#631=EDGE_CURVE('',#860,#859,#1020,.T.);
#632=EDGE_CURVE('',#850,#860,#1021,.T.);
#633=EDGE_CURVE('',#861,#862,#1022,.T.);
#634=EDGE_CURVE('',#863,#861,#1023,.T.);
#635=EDGE_CURVE('',#864,#863,#1024,.T.);
#636=EDGE_CURVE('',#862,#864,#1025,.T.);
#637=EDGE_CURVE('',#865,#866,#1026,.T.);
#638=EDGE_CURVE('',#866,#867,#1027,.T.);
#639=EDGE_CURVE('',#868,#867,#32,.T.);
#640=EDGE_CURVE('',#869,#868,#1028,.T.);
#641=EDGE_CURVE('',#870,#869,#33,.T.);
#642=EDGE_CURVE('',#871,#870,#1029,.T.);
#643=EDGE_CURVE('',#872,#871,#34,.T.);
#644=EDGE_CURVE('',#873,#872,#1030,.T.);
#645=EDGE_CURVE('',#874,#873,#35,.T.);
#646=EDGE_CURVE('',#875,#874,#1031,.T.);
#647=EDGE_CURVE('',#875,#876,#36,.T.);
#648=EDGE_CURVE('',#876,#877,#1032,.T.);
#649=EDGE_CURVE('',#878,#877,#1033,.T.);
#650=EDGE_CURVE('',#878,#865,#1034,.F.);
#651=EDGE_CURVE('',#879,#853,#37,.T.);
#652=EDGE_CURVE('',#879,#880,#1035,.T.);
#653=EDGE_CURVE('',#880,#881,#38,.T.);
#654=EDGE_CURVE('',#881,#882,#1036,.T.);
#655=EDGE_CURVE('',#882,#883,#39,.T.);
#656=EDGE_CURVE('',#883,#884,#1037,.T.);
#657=EDGE_CURVE('',#884,#885,#40,.T.);
#658=EDGE_CURVE('',#885,#886,#1038,.T.);
#659=EDGE_CURVE('',#886,#854,#41,.T.);
#660=EDGE_CURVE('',#855,#887,#42,.T.);
#661=EDGE_CURVE('',#888,#887,#1039,.T.);
#662=EDGE_CURVE('',#856,#888,#1040,.T.);
#663=EDGE_CURVE('',#889,#876,#1041,.T.);
#664=EDGE_CURVE('',#889,#890,#1042,.T.);
#665=EDGE_CURVE('',#890,#891,#1043,.T.);
#666=EDGE_CURVE('',#891,#892,#1044,.T.);
#667=EDGE_CURVE('',#892,#893,#1045,.T.);
#668=EDGE_CURVE('',#894,#893,#1046,.T.);
#669=EDGE_CURVE('',#894,#895,#1047,.T.);
#670=EDGE_CURVE('',#895,#896,#1048,.T.);
#671=EDGE_CURVE('',#897,#896,#1049,.T.);
#672=EDGE_CURVE('',#897,#898,#1050,.T.);
#673=EDGE_CURVE('',#898,#877,#1051,.T.);
#674=EDGE_CURVE('',#852,#889,#43,.T.);
#675=EDGE_CURVE('',#851,#890,#1052,.T.);
#676=EDGE_CURVE('',#899,#900,#1053,.F.);
#677=EDGE_CURVE('',#900,#901,#1054,.T.);
#678=EDGE_CURVE('',#902,#901,#1055,.T.);
#679=EDGE_CURVE('',#902,#903,#1056,.T.);
#680=EDGE_CURVE('',#903,#904,#1057,.T.);
#681=EDGE_CURVE('',#905,#904,#1058,.T.);
#682=EDGE_CURVE('',#906,#905,#1059,.T.);
#683=EDGE_CURVE('',#906,#907,#1060,.T.);
#684=EDGE_CURVE('',#907,#888,#1061,.T.);
#685=EDGE_CURVE('',#887,#867,#1062,.T.);
#686=EDGE_CURVE('',#866,#908,#1063,.T.);
#687=EDGE_CURVE('',#908,#909,#1064,.T.);
#688=EDGE_CURVE('',#910,#909,#1065,.T.);
#689=EDGE_CURVE('',#899,#910,#1066,.T.);
#690=EDGE_CURVE('',#911,#904,#1067,.T.);
#691=EDGE_CURVE('',#911,#912,#1068,.F.);
#692=EDGE_CURVE('',#912,#894,#1069,.T.);
#693=EDGE_CURVE('',#913,#893,#44,.T.);
#694=EDGE_CURVE('',#913,#914,#1070,.T.);
#695=EDGE_CURVE('',#914,#915,#45,.T.);
#696=EDGE_CURVE('',#915,#916,#1071,.T.);
#697=EDGE_CURVE('',#916,#917,#46,.T.);
#698=EDGE_CURVE('',#917,#918,#1072,.T.);
#699=EDGE_CURVE('',#918,#919,#47,.T.);
#700=EDGE_CURVE('',#919,#920,#1073,.T.);
#701=EDGE_CURVE('',#920,#905,#48,.T.);
#702=EDGE_CURVE('',#921,#859,#49,.T.);
#703=EDGE_CURVE('',#922,#921,#1074,.T.);
#704=EDGE_CURVE('',#923,#922,#50,.T.);
#705=EDGE_CURVE('',#924,#923,#1075,.T.);
#706=EDGE_CURVE('',#925,#924,#51,.T.);
#707=EDGE_CURVE('',#926,#925,#1076,.T.);
#708=EDGE_CURVE('',#927,#926,#52,.T.);
#709=EDGE_CURVE('',#928,#927,#1077,.T.);
#710=EDGE_CURVE('',#928,#860,#53,.T.);
#711=EDGE_CURVE('',#858,#906,#54,.T.);
#712=EDGE_CURVE('',#857,#907,#1078,.T.);
#713=EDGE_CURVE('',#850,#892,#55,.T.);
#714=EDGE_CURVE('',#849,#891,#1079,.T.);
#715=EDGE_CURVE('',#929,#930,#1080,.T.);
#716=EDGE_CURVE('',#930,#910,#1081,.T.);
#717=EDGE_CURVE('',#931,#909,#1082,.T.);
#718=EDGE_CURVE('',#931,#932,#1083,.F.);
#719=EDGE_CURVE('',#932,#902,#1084,.T.);
#720=EDGE_CURVE('',#901,#933,#1085,.T.);
#721=EDGE_CURVE('',#933,#934,#1086,.T.);
#722=EDGE_CURVE('',#935,#934,#1087,.T.);
#723=EDGE_CURVE('',#936,#935,#1088,.T.);
#724=EDGE_CURVE('',#929,#936,#1089,.T.);
#725=EDGE_CURVE('',#931,#937,#56,.F.);
#726=EDGE_CURVE('',#938,#937,#20,.F.);
#727=EDGE_CURVE('',#939,#938,#1090,.T.);
#728=EDGE_CURVE('',#940,#939,#21,.T.);
#729=EDGE_CURVE('',#940,#932,#57,.F.);
#730=EDGE_CURVE('',#937,#865,#58,.F.);
#731=EDGE_CURVE('',#878,#941,#59,.F.);
#732=EDGE_CURVE('',#942,#941,#22,.F.);
#733=EDGE_CURVE('',#938,#942,#1091,.T.);
#734=EDGE_CURVE('',#911,#940,#60,.F.);
#735=EDGE_CURVE('',#943,#939,#1092,.T.);
#736=EDGE_CURVE('',#944,#943,#23,.T.);
#737=EDGE_CURVE('',#944,#912,#61,.F.);
#738=EDGE_CURVE('',#945,#896,#1093,.T.);
#739=EDGE_CURVE('',#945,#946,#1094,.F.);
#740=EDGE_CURVE('',#946,#897,#1095,.T.);
#741=EDGE_CURVE('',#945,#944,#62,.F.);
#742=EDGE_CURVE('',#942,#943,#1096,.T.);
#743=EDGE_CURVE('',#941,#946,#63,.F.);
#744=EDGE_CURVE('',#941,#898,#1097,.T.);
#745=EDGE_CURVE('',#944,#895,#1098,.T.);
#746=EDGE_CURVE('',#940,#903,#1099,.T.);
#747=EDGE_CURVE('',#937,#908,#1100,.T.);
#748=EDGE_CURVE('',#886,#868,#1101,.T.);
#749=EDGE_CURVE('',#885,#869,#1102,.T.);
#750=EDGE_CURVE('',#880,#874,#1103,.F.);
#751=EDGE_CURVE('',#879,#875,#1104,.T.);
#752=EDGE_CURVE('',#881,#873,#1105,.T.);
#753=EDGE_CURVE('',#882,#872,#1106,.T.);
#754=EDGE_CURVE('',#883,#871,#1107,.T.);
#755=EDGE_CURVE('',#884,#870,#1108,.T.);
#756=EDGE_CURVE('',#928,#913,#1109,.T.);
#757=EDGE_CURVE('',#927,#914,#1110,.T.);
#758=EDGE_CURVE('',#926,#915,#1111,.T.);
#759=EDGE_CURVE('',#925,#916,#1112,.T.);
#760=EDGE_CURVE('',#924,#917,#1113,.T.);
#761=EDGE_CURVE('',#923,#918,#1114,.T.);
#762=EDGE_CURVE('',#922,#919,#1115,.F.);
#763=EDGE_CURVE('',#921,#920,#1116,.T.);
#764=EDGE_CURVE('',#860,#850,#64,.T.);
#765=EDGE_CURVE('',#859,#858,#65,.T.);
#766=EDGE_CURVE('',#853,#852,#66,.T.);
#767=EDGE_CURVE('',#854,#855,#67,.T.);
#768=EDGE_CURVE('',#947,#948,#1117,.T.);
#769=EDGE_CURVE('',#947,#949,#68,.F.);
#770=EDGE_CURVE('',#949,#861,#1118,.T.);
#771=EDGE_CURVE('',#950,#862,#1119,.T.);
#772=EDGE_CURVE('',#950,#948,#69,.F.);
#773=EDGE_CURVE('',#951,#864,#1120,.T.);
#774=EDGE_CURVE('',#951,#950,#1121,.F.);
#775=EDGE_CURVE('',#952,#863,#1122,.T.);
#776=EDGE_CURVE('',#952,#953,#70,.F.);
#777=EDGE_CURVE('',#954,#953,#1123,.T.);
#778=EDGE_CURVE('',#954,#951,#71,.F.);
#779=EDGE_CURVE('',#949,#952,#1124,.F.);
#780=EDGE_CURVE('',#953,#947,#1125,.T.);
#781=EDGE_CURVE('',#948,#954,#1126,.T.);
#782=EDGE_CURVE('',#824,#936,#1127,.T.);
#783=EDGE_CURVE('',#823,#955,#1128,.F.);
#784=EDGE_CURVE('',#955,#929,#1129,.T.);
#785=EDGE_CURVE('',#821,#935,#1130,.T.);
#786=EDGE_CURVE('',#956,#934,#1131,.T.);
#787=EDGE_CURVE('',#822,#956,#1132,.F.);
#788=EDGE_CURVE('',#957,#819,#1133,.T.);
#789=EDGE_CURVE('',#957,#958,#1134,.T.);
#790=EDGE_CURVE('',#958,#959,#1135,.T.);
#791=EDGE_CURVE('',#959,#960,#1136,.T.);
#792=EDGE_CURVE('',#960,#961,#1137,.T.);
#793=EDGE_CURVE('',#961,#962,#1138,.T.);
#794=EDGE_CURVE('',#962,#816,#1139,.T.);
#795=EDGE_CURVE('',#963,#820,#1140,.T.);
#796=EDGE_CURVE('',#963,#957,#1141,.T.);
#797=EDGE_CURVE('',#964,#965,#1142,.T.);
#798=EDGE_CURVE('',#965,#963,#1143,.T.);
#799=EDGE_CURVE('',#815,#966,#1144,.T.);
#800=EDGE_CURVE('',#966,#967,#1145,.T.);
#801=EDGE_CURVE('',#967,#968,#1146,.T.);
#802=EDGE_CURVE('',#968,#964,#1147,.T.);
#803=EDGE_CURVE('',#900,#969,#1148,.F.);
#804=EDGE_CURVE('',#969,#933,#1149,.T.);
#805=EDGE_CURVE('',#969,#956,#1150,.F.);
#806=EDGE_CURVE('',#955,#970,#1151,.F.);
#807=EDGE_CURVE('',#970,#930,#1152,.T.);
#808=EDGE_CURVE('',#970,#899,#1153,.F.);
#809=EDGE_CURVE('',#955,#956,#1154,.T.);
#810=EDGE_CURVE('',#964,#959,#1155,.T.);
#811=EDGE_CURVE('',#968,#960,#1156,.T.);
#812=EDGE_CURVE('',#965,#958,#1157,.T.);
#813=EDGE_CURVE('',#967,#961,#1158,.T.);
#814=EDGE_CURVE('',#966,#962,#1159,.T.);
#815=VERTEX_POINT('',#2970);
#816=VERTEX_POINT('',#2971);
#817=VERTEX_POINT('',#2973);
#818=VERTEX_POINT('',#2975);
#819=VERTEX_POINT('',#2979);
#820=VERTEX_POINT('',#2980);
#821=VERTEX_POINT('',#2984);
#822=VERTEX_POINT('',#2985);
#823=VERTEX_POINT('',#2987);
#824=VERTEX_POINT('',#2989);
#825=VERTEX_POINT('',#2993);
#826=VERTEX_POINT('',#2994);
#827=VERTEX_POINT('',#2996);
#828=VERTEX_POINT('',#2998);
#829=VERTEX_POINT('',#3002);
#830=VERTEX_POINT('',#3003);
#831=VERTEX_POINT('',#3005);
#832=VERTEX_POINT('',#3007);
#833=VERTEX_POINT('',#3012);
#834=VERTEX_POINT('',#3014);
#835=VERTEX_POINT('',#3018);
#836=VERTEX_POINT('',#3022);
#837=VERTEX_POINT('',#3030);
#838=VERTEX_POINT('',#3031);
#839=VERTEX_POINT('',#3033);
#840=VERTEX_POINT('',#3035);
#841=VERTEX_POINT('',#3039);
#842=VERTEX_POINT('',#3040);
#843=VERTEX_POINT('',#3042);
#844=VERTEX_POINT('',#3044);
#845=VERTEX_POINT('',#3049);
#846=VERTEX_POINT('',#3051);
#847=VERTEX_POINT('',#3055);
#848=VERTEX_POINT('',#3059);
#849=VERTEX_POINT('',#3067);
#850=VERTEX_POINT('',#3068);
#851=VERTEX_POINT('',#3070);
#852=VERTEX_POINT('',#3072);
#853=VERTEX_POINT('',#3074);
#854=VERTEX_POINT('',#3076);
#855=VERTEX_POINT('',#3078);
#856=VERTEX_POINT('',#3080);
#857=VERTEX_POINT('',#3082);
#858=VERTEX_POINT('',#3084);
#859=VERTEX_POINT('',#3086);
#860=VERTEX_POINT('',#3088);
#861=VERTEX_POINT('',#3091);
#862=VERTEX_POINT('',#3092);
#863=VERTEX_POINT('',#3094);
#864=VERTEX_POINT('',#3096);
#865=VERTEX_POINT('',#3100);
#866=VERTEX_POINT('',#3101);
#867=VERTEX_POINT('',#3103);
#868=VERTEX_POINT('',#3105);
#869=VERTEX_POINT('',#3107);
#870=VERTEX_POINT('',#3109);
#871=VERTEX_POINT('',#3111);
#872=VERTEX_POINT('',#3113);
#873=VERTEX_POINT('',#3115);
#874=VERTEX_POINT('',#3117);
#875=VERTEX_POINT('',#3119);
#876=VERTEX_POINT('',#3121);
#877=VERTEX_POINT('',#3123);
#878=VERTEX_POINT('',#3125);
#879=VERTEX_POINT('',#3129);
#880=VERTEX_POINT('',#3131);
#881=VERTEX_POINT('',#3133);
#882=VERTEX_POINT('',#3135);
#883=VERTEX_POINT('',#3137);
#884=VERTEX_POINT('',#3139);
#885=VERTEX_POINT('',#3141);
#886=VERTEX_POINT('',#3143);
#887=VERTEX_POINT('',#3147);
#888=VERTEX_POINT('',#3149);
#889=VERTEX_POINT('',#3153);
#890=VERTEX_POINT('',#3155);
#891=VERTEX_POINT('',#3157);
#892=VERTEX_POINT('',#3159);
#893=VERTEX_POINT('',#3161);
#894=VERTEX_POINT('',#3163);
#895=VERTEX_POINT('',#3165);
#896=VERTEX_POINT('',#3167);
#897=VERTEX_POINT('',#3169);
#898=VERTEX_POINT('',#3171);
#899=VERTEX_POINT('',#3178);
#900=VERTEX_POINT('',#3179);
#901=VERTEX_POINT('',#3181);
#902=VERTEX_POINT('',#3183);
#903=VERTEX_POINT('',#3185);
#904=VERTEX_POINT('',#3187);
#905=VERTEX_POINT('',#3189);
#906=VERTEX_POINT('',#3191);
#907=VERTEX_POINT('',#3193);
#908=VERTEX_POINT('',#3197);
#909=VERTEX_POINT('',#3199);
#910=VERTEX_POINT('',#3201);
#911=VERTEX_POINT('',#3205);
#912=VERTEX_POINT('',#3207);
#913=VERTEX_POINT('',#3210);
#914=VERTEX_POINT('',#3212);
#915=VERTEX_POINT('',#3214);
#916=VERTEX_POINT('',#3216);
#917=VERTEX_POINT('',#3218);
#918=VERTEX_POINT('',#3220);
#919=VERTEX_POINT('',#3222);
#920=VERTEX_POINT('',#3224);
#921=VERTEX_POINT('',#3228);
#922=VERTEX_POINT('',#3230);
#923=VERTEX_POINT('',#3232);
#924=VERTEX_POINT('',#3234);
#925=VERTEX_POINT('',#3236);
#926=VERTEX_POINT('',#3238);
#927=VERTEX_POINT('',#3240);
#928=VERTEX_POINT('',#3242);
#929=VERTEX_POINT('',#3252);
#930=VERTEX_POINT('',#3253);
#931=VERTEX_POINT('',#3256);
#932=VERTEX_POINT('',#3258);
#933=VERTEX_POINT('',#3261);
#934=VERTEX_POINT('',#3263);
#935=VERTEX_POINT('',#3265);
#936=VERTEX_POINT('',#3267);
#937=VERTEX_POINT('',#3271);
#938=VERTEX_POINT('',#3273);
#939=VERTEX_POINT('',#3275);
#940=VERTEX_POINT('',#3277);
#941=VERTEX_POINT('',#3282);
#942=VERTEX_POINT('',#3284);
#943=VERTEX_POINT('',#3289);
#944=VERTEX_POINT('',#3291);
#945=VERTEX_POINT('',#3295);
#946=VERTEX_POINT('',#3297);
#947=VERTEX_POINT('',#3362);
#948=VERTEX_POINT('',#3363);
#949=VERTEX_POINT('',#3365);
#950=VERTEX_POINT('',#3368);
#951=VERTEX_POINT('',#3372);
#952=VERTEX_POINT('',#3376);
#953=VERTEX_POINT('',#3378);
#954=VERTEX_POINT('',#3380);
#955=VERTEX_POINT('',#3392);
#956=VERTEX_POINT('',#3398);
#957=VERTEX_POINT('',#3402);
#958=VERTEX_POINT('',#3404);
#959=VERTEX_POINT('',#3406);
#960=VERTEX_POINT('',#3408);
#961=VERTEX_POINT('',#3410);
#962=VERTEX_POINT('',#3412);
#963=VERTEX_POINT('',#3416);
#964=VERTEX_POINT('',#3420);
#965=VERTEX_POINT('',#3421);
#966=VERTEX_POINT('',#3424);
#967=VERTEX_POINT('',#3426);
#968=VERTEX_POINT('',#3428);
#969=VERTEX_POINT('',#3432);
#970=VERTEX_POINT('',#3438);
#971=LINE('',#2969,#1160);
#972=LINE('',#2972,#1161);
#973=LINE('',#2974,#1162);
#974=LINE('',#2976,#1163);
#975=LINE('',#2978,#1164);
#976=LINE('',#2981,#1165);
#977=LINE('',#2982,#1166);
#978=LINE('',#2983,#1167);
#979=LINE('',#2986,#1168);
#980=LINE('',#2988,#1169);
#981=LINE('',#2990,#1170);
#982=LINE('',#2995,#1171);
#983=LINE('',#2999,#1172);
#984=LINE('',#3004,#1173);
#985=LINE('',#3008,#1174);
#986=LINE('',#3010,#1175);
#987=LINE('',#3011,#1176);
#988=LINE('',#3013,#1177);
#989=LINE('',#3015,#1178);
#990=LINE('',#3017,#1179);
#991=LINE('',#3019,#1180);
#992=LINE('',#3021,#1181);
#993=LINE('',#3023,#1182);
#994=LINE('',#3024,#1183);
#995=LINE('',#3026,#1184);
#996=LINE('',#3032,#1185);
#997=LINE('',#3036,#1186);
#998=LINE('',#3041,#1187);
#999=LINE('',#3045,#1188);
#1000=LINE('',#3047,#1189);
#1001=LINE('',#3048,#1190);
#1002=LINE('',#3050,#1191);
#1003=LINE('',#3052,#1192);
#1004=LINE('',#3054,#1193);
#1005=LINE('',#3056,#1194);
#1006=LINE('',#3058,#1195);
#1007=LINE('',#3060,#1196);
#1008=LINE('',#3061,#1197);
#1009=LINE('',#3063,#1198);
#1010=LINE('',#3066,#1199);
#1011=LINE('',#3069,#1200);
#1012=LINE('',#3071,#1201);
#1013=LINE('',#3073,#1202);
#1014=LINE('',#3075,#1203);
#1015=LINE('',#3077,#1204);
#1016=LINE('',#3079,#1205);
#1017=LINE('',#3081,#1206);
#1018=LINE('',#3083,#1207);
#1019=LINE('',#3085,#1208);
#1020=LINE('',#3087,#1209);
#1021=LINE('',#3089,#1210);
#1022=LINE('',#3090,#1211);
#1023=LINE('',#3093,#1212);
#1024=LINE('',#3095,#1213);
#1025=LINE('',#3097,#1214);
#1026=LINE('',#3099,#1215);
#1027=LINE('',#3102,#1216);
#1028=LINE('',#3106,#1217);
#1029=LINE('',#3110,#1218);
#1030=LINE('',#3114,#1219);
#1031=LINE('',#3118,#1220);
#1032=LINE('',#3122,#1221);
#1033=LINE('',#3124,#1222);
#1034=LINE('',#3126,#1223);
#1035=LINE('',#3130,#1224);
#1036=LINE('',#3134,#1225);
#1037=LINE('',#3138,#1226);
#1038=LINE('',#3142,#1227);
#1039=LINE('',#3148,#1228);
#1040=LINE('',#3150,#1229);
#1041=LINE('',#3152,#1230);
#1042=LINE('',#3154,#1231);
#1043=LINE('',#3156,#1232);
#1044=LINE('',#3158,#1233);
#1045=LINE('',#3160,#1234);
#1046=LINE('',#3162,#1235);
#1047=LINE('',#3164,#1236);
#1048=LINE('',#3166,#1237);
#1049=LINE('',#3168,#1238);
#1050=LINE('',#3170,#1239);
#1051=LINE('',#3172,#1240);
#1052=LINE('',#3175,#1241);
#1053=LINE('',#3177,#1242);
#1054=LINE('',#3180,#1243);
#1055=LINE('',#3182,#1244);
#1056=LINE('',#3184,#1245);
#1057=LINE('',#3186,#1246);
#1058=LINE('',#3188,#1247);
#1059=LINE('',#3190,#1248);
#1060=LINE('',#3192,#1249);
#1061=LINE('',#3194,#1250);
#1062=LINE('',#3195,#1251);
#1063=LINE('',#3196,#1252);
#1064=LINE('',#3198,#1253);
#1065=LINE('',#3200,#1254);
#1066=LINE('',#3202,#1255);
#1067=LINE('',#3204,#1256);
#1068=LINE('',#3206,#1257);
#1069=LINE('',#3208,#1258);
#1070=LINE('',#3211,#1259);
#1071=LINE('',#3215,#1260);
#1072=LINE('',#3219,#1261);
#1073=LINE('',#3223,#1262);
#1074=LINE('',#3229,#1263);
#1075=LINE('',#3233,#1264);
#1076=LINE('',#3237,#1265);
#1077=LINE('',#3241,#1266);
#1078=LINE('',#3246,#1267);
#1079=LINE('',#3249,#1268);
#1080=LINE('',#3251,#1269);
#1081=LINE('',#3254,#1270);
#1082=LINE('',#3255,#1271);
#1083=LINE('',#3257,#1272);
#1084=LINE('',#3259,#1273);
#1085=LINE('',#3260,#1274);
#1086=LINE('',#3262,#1275);
#1087=LINE('',#3264,#1276);
#1088=LINE('',#3266,#1277);
#1089=LINE('',#3268,#1278);
#1090=LINE('',#3274,#1279);
#1091=LINE('',#3285,#1280);
#1092=LINE('',#3288,#1281);
#1093=LINE('',#3294,#1282);
#1094=LINE('',#3296,#1283);
#1095=LINE('',#3298,#1284);
#1096=LINE('',#3301,#1285);
#1097=LINE('',#3305,#1286);
#1098=LINE('',#3308,#1287);
#1099=LINE('',#3311,#1288);
#1100=LINE('',#3314,#1289);
#1101=LINE('',#3319,#1290);
#1102=LINE('',#3320,#1291);
#1103=LINE('',#3322,#1292);
#1104=LINE('',#3323,#1293);
#1105=LINE('',#3325,#1294);
#1106=LINE('',#3327,#1295);
#1107=LINE('',#3329,#1296);
#1108=LINE('',#3331,#1297);
#1109=LINE('',#3334,#1298);
#1110=LINE('',#3335,#1299);
#1111=LINE('',#3337,#1300);
#1112=LINE('',#3339,#1301);
#1113=LINE('',#3341,#1302);
#1114=LINE('',#3343,#1303);
#1115=LINE('',#3345,#1304);
#1116=LINE('',#3347,#1305);
#1117=LINE('',#3361,#1306);
#1118=LINE('',#3366,#1307);
#1119=LINE('',#3367,#1308);
#1120=LINE('',#3371,#1309);
#1121=LINE('',#3373,#1310);
#1122=LINE('',#3375,#1311);
#1123=LINE('',#3379,#1312);
#1124=LINE('',#3383,#1313);
#1125=LINE('',#3385,#1314);
#1126=LINE('',#3386,#1315);
#1127=LINE('',#3390,#1316);
#1128=LINE('',#3391,#1317);
#1129=LINE('',#3393,#1318);
#1130=LINE('',#3395,#1319);
#1131=LINE('',#3397,#1320);
#1132=LINE('',#3399,#1321);
#1133=LINE('',#3401,#1322);
#1134=LINE('',#3403,#1323);
#1135=LINE('',#3405,#1324);
#1136=LINE('',#3407,#1325);
#1137=LINE('',#3409,#1326);
#1138=LINE('',#3411,#1327);
#1139=LINE('',#3413,#1328);
#1140=LINE('',#3415,#1329);
#1141=LINE('',#3417,#1330);
#1142=LINE('',#3419,#1331);
#1143=LINE('',#3422,#1332);
#1144=LINE('',#3423,#1333);
#1145=LINE('',#3425,#1334);
#1146=LINE('',#3427,#1335);
#1147=LINE('',#3429,#1336);
#1148=LINE('',#3431,#1337);
#1149=LINE('',#3433,#1338);
#1150=LINE('',#3435,#1339);
#1151=LINE('',#3437,#1340);
#1152=LINE('',#3439,#1341);
#1153=LINE('',#3441,#1342);
#1154=LINE('',#3443,#1343);
#1155=LINE('',#3446,#1344);
#1156=LINE('',#3447,#1345);
#1157=LINE('',#3449,#1346);
#1158=LINE('',#3451,#1347);
#1159=LINE('',#3453,#1348);
#1160=VECTOR('',#2494,1000.);
#1161=VECTOR('',#2495,1000.);
#1162=VECTOR('',#2496,1000.);
#1163=VECTOR('',#2497,1000.);
#1164=VECTOR('',#2500,1000.);
#1165=VECTOR('',#2501,1000.);
#1166=VECTOR('',#2502,1000.);
#1167=VECTOR('',#2503,1000.);
#1168=VECTOR('',#2504,1000.);
#1169=VECTOR('',#2505,1000.);
#1170=VECTOR('',#2506,1000.);
#1171=VECTOR('',#2511,1000.);
#1172=VECTOR('',#2514,1000.);
#1173=VECTOR('',#2519,1000.);
#1174=VECTOR('',#2522,1000.);
#1175=VECTOR('',#2525,1000.);
#1176=VECTOR('',#2526,1000.);
#1177=VECTOR('',#2527,1000.);
#1178=VECTOR('',#2528,1000.);
#1179=VECTOR('',#2531,1000.);
#1180=VECTOR('',#2532,1000.);
#1181=VECTOR('',#2535,1000.);
#1182=VECTOR('',#2536,1000.);
#1183=VECTOR('',#2537,1000.);
#1184=VECTOR('',#2540,1000.);
#1185=VECTOR('',#2547,1000.);
#1186=VECTOR('',#2550,1000.);
#1187=VECTOR('',#2555,1000.);
#1188=VECTOR('',#2558,1000.);
#1189=VECTOR('',#2561,1000.);
#1190=VECTOR('',#2562,1000.);
#1191=VECTOR('',#2563,1000.);
#1192=VECTOR('',#2564,1000.);
#1193=VECTOR('',#2567,1000.);
#1194=VECTOR('',#2568,1000.);
#1195=VECTOR('',#2571,1000.);
#1196=VECTOR('',#2572,1000.);
#1197=VECTOR('',#2573,1000.);
#1198=VECTOR('',#2576,1000.);
#1199=VECTOR('',#2581,1000.);
#1200=VECTOR('',#2582,1000.);
#1201=VECTOR('',#2583,1000.);
#1202=VECTOR('',#2584,1000.);
#1203=VECTOR('',#2585,1000.);
#1204=VECTOR('',#2586,1000.);
#1205=VECTOR('',#2587,1000.);
#1206=VECTOR('',#2588,1000.);
#1207=VECTOR('',#2589,1000.);
#1208=VECTOR('',#2590,1000.);
#1209=VECTOR('',#2591,1000.);
#1210=VECTOR('',#2592,1000.);
#1211=VECTOR('',#2593,1000.);
#1212=VECTOR('',#2594,1000.);
#1213=VECTOR('',#2595,1000.);
#1214=VECTOR('',#2596,1000.);
#1215=VECTOR('',#2599,1000.);
#1216=VECTOR('',#2600,1000.);
#1217=VECTOR('',#2603,1000.);
#1218=VECTOR('',#2606,1000.);
#1219=VECTOR('',#2609,1000.);
#1220=VECTOR('',#2612,1000.);
#1221=VECTOR('',#2615,1000.);
#1222=VECTOR('',#2616,1000.);
#1223=VECTOR('',#2617,1000.);
#1224=VECTOR('',#2622,1000.);
#1225=VECTOR('',#2625,1000.);
#1226=VECTOR('',#2628,1000.);
#1227=VECTOR('',#2631,1000.);
#1228=VECTOR('',#2638,1000.);
#1229=VECTOR('',#2639,1000.);
#1230=VECTOR('',#2642,1000.);
#1231=VECTOR('',#2643,1000.);
#1232=VECTOR('',#2644,1000.);
#1233=VECTOR('',#2645,1000.);
#1234=VECTOR('',#2646,1000.);
#1235=VECTOR('',#2647,1000.);
#1236=VECTOR('',#2648,1000.);
#1237=VECTOR('',#2649,1000.);
#1238=VECTOR('',#2650,1000.);
#1239=VECTOR('',#2651,1000.);
#1240=VECTOR('',#2652,1000.);
#1241=VECTOR('',#2657,1000.);
#1242=VECTOR('',#2660,1000.);
#1243=VECTOR('',#2661,1000.);
#1244=VECTOR('',#2662,1000.);
#1245=VECTOR('',#2663,1000.);
#1246=VECTOR('',#2664,1000.);
#1247=VECTOR('',#2665,1000.);
#1248=VECTOR('',#2666,1000.);
#1249=VECTOR('',#2667,1000.);
#1250=VECTOR('',#2668,1000.);
#1251=VECTOR('',#2669,1000.);
#1252=VECTOR('',#2670,1000.);
#1253=VECTOR('',#2671,1000.);
#1254=VECTOR('',#2672,1000.);
#1255=VECTOR('',#2673,1000.);
#1256=VECTOR('',#2676,1000.);
#1257=VECTOR('',#2677,1000.);
#1258=VECTOR('',#2678,1000.);
#1259=VECTOR('',#2681,1000.);
#1260=VECTOR('',#2684,1000.);
#1261=VECTOR('',#2687,1000.);
#1262=VECTOR('',#2690,1000.);
#1263=VECTOR('',#2697,1000.);
#1264=VECTOR('',#2700,1000.);
#1265=VECTOR('',#2703,1000.);
#1266=VECTOR('',#2706,1000.);
#1267=VECTOR('',#2713,1000.);
#1268=VECTOR('',#2718,1000.);
#1269=VECTOR('',#2721,1000.);
#1270=VECTOR('',#2722,1000.);
#1271=VECTOR('',#2723,1000.);
#1272=VECTOR('',#2724,1000.);
#1273=VECTOR('',#2725,1000.);
#1274=VECTOR('',#2726,1000.);
#1275=VECTOR('',#2727,1000.);
#1276=VECTOR('',#2728,1000.);
#1277=VECTOR('',#2729,1000.);
#1278=VECTOR('',#2730,1000.);
#1279=VECTOR('',#2737,1000.);
#1280=VECTOR('',#2750,1000.);
#1281=VECTOR('',#2755,1000.);
#1282=VECTOR('',#2762,1000.);
#1283=VECTOR('',#2763,1000.);
#1284=VECTOR('',#2764,1000.);
#1285=VECTOR('',#2769,1000.);
#1286=VECTOR('',#2776,1000.);
#1287=VECTOR('',#2781,1000.);
#1288=VECTOR('',#2786,1000.);
#1289=VECTOR('',#2791,1000.);
#1290=VECTOR('',#2800,1000.);
#1291=VECTOR('',#2801,1000.);
#1292=VECTOR('',#2804,1000.);
#1293=VECTOR('',#2805,1000.);
#1294=VECTOR('',#2808,1000.);
#1295=VECTOR('',#2811,1000.);
#1296=VECTOR('',#2814,1000.);
#1297=VECTOR('',#2817,1000.);
#1298=VECTOR('',#2822,1000.);
#1299=VECTOR('',#2823,1000.);
#1300=VECTOR('',#2826,1000.);
#1301=VECTOR('',#2829,1000.);
#1302=VECTOR('',#2832,1000.);
#1303=VECTOR('',#2835,1000.);
#1304=VECTOR('',#2838,1000.);
#1305=VECTOR('',#2841,1000.);
#1306=VECTOR('',#2868,1000.);
#1307=VECTOR('',#2871,1000.);
#1308=VECTOR('',#2872,1000.);
#1309=VECTOR('',#2877,1000.);
#1310=VECTOR('',#2878,1000.);
#1311=VECTOR('',#2881,1000.);
#1312=VECTOR('',#2884,1000.);
#1313=VECTOR('',#2889,1000.);
#1314=VECTOR('',#2892,1000.);
#1315=VECTOR('',#2893,1000.);
#1316=VECTOR('',#2900,1000.);
#1317=VECTOR('',#2901,1000.);
#1318=VECTOR('',#2902,1000.);
#1319=VECTOR('',#2905,1000.);
#1320=VECTOR('',#2908,1000.);
#1321=VECTOR('',#2909,1000.);
#1322=VECTOR('',#2912,1000.);
#1323=VECTOR('',#2913,1000.);
#1324=VECTOR('',#2914,1000.);
#1325=VECTOR('',#2915,1000.);
#1326=VECTOR('',#2916,1000.);
#1327=VECTOR('',#2917,1000.);
#1328=VECTOR('',#2918,1000.);
#1329=VECTOR('',#2921,1000.);
#1330=VECTOR('',#2922,1000.);
#1331=VECTOR('',#2925,1000.);
#1332=VECTOR('',#2926,1000.);
#1333=VECTOR('',#2927,1000.);
#1334=VECTOR('',#2928,1000.);
#1335=VECTOR('',#2929,1000.);
#1336=VECTOR('',#2930,1000.);
#1337=VECTOR('',#2933,1000.);
#1338=VECTOR('',#2934,1000.);
#1339=VECTOR('',#2937,1000.);
#1340=VECTOR('',#2940,1000.);
#1341=VECTOR('',#2941,1000.);
#1342=VECTOR('',#2944,1000.);
#1343=VECTOR('',#2947,1000.);
#1344=VECTOR('',#2952,1000.);
#1345=VECTOR('',#2953,1000.);
#1346=VECTOR('',#2956,1000.);
#1347=VECTOR('',#2959,1000.);
#1348=VECTOR('',#2962,1000.);
#1349=EDGE_LOOP('',(#92,#93,#94,#95));
#1350=EDGE_LOOP('',(#96,#97,#98,#99));
#1351=EDGE_LOOP('',(#100,#101,#102,#103));
#1352=EDGE_LOOP('',(#104,#105,#106,#107));
#1353=EDGE_LOOP('',(#108,#109,#110,#111));
#1354=EDGE_LOOP('',(#112,#113,#114,#115,#116,#117));
#1355=EDGE_LOOP('',(#118,#119,#120,#121));
#1356=EDGE_LOOP('',(#122,#123,#124,#125,#126,#127));
#1357=EDGE_LOOP('',(#128,#129,#130,#131));
#1358=EDGE_LOOP('',(#132,#133,#134,#135));
#1359=EDGE_LOOP('',(#136,#137,#138,#139));
#1360=EDGE_LOOP('',(#140,#141,#142,#143));
#1361=EDGE_LOOP('',(#144,#145,#146,#147,#148,#149));
#1362=EDGE_LOOP('',(#150,#151,#152,#153));
#1363=EDGE_LOOP('',(#154,#155,#156,#157,#158,#159));
#1364=EDGE_LOOP('',(#160,#161,#162,#163));
#1365=EDGE_LOOP('',(#164,#165,#166,#167));
#1366=EDGE_LOOP('',(#168,#169,#170,#171));
#1367=EDGE_LOOP('',(#172,#173,#174,#175));
#1368=EDGE_LOOP('',(#176,#177,#178,#179,#180,#181,#182,#183,#184,#185,#186,
#187));
#1369=EDGE_LOOP('',(#188,#189,#190,#191));
#1370=EDGE_LOOP('',(#192,#193,#194,#195,#196,#197,#198,#199,#200,#201,#202,
#203,#204,#205));
#1371=EDGE_LOOP('',(#206,#207,#208,#209,#210,#211,#212,#213,#214,#215));
#1372=EDGE_LOOP('',(#216,#217,#218,#219));
#1373=EDGE_LOOP('',(#220,#221,#222,#223,#224,#225,#226,#227,#228,#229,#230,
#231));
#1374=EDGE_LOOP('',(#232,#233,#234,#235));
#1375=EDGE_LOOP('',(#236,#237,#238,#239,#240,#241,#242,#243,#244,#245,#246,
#247,#248,#249,#250,#251));
#1376=EDGE_LOOP('',(#252,#253,#254,#255,#256,#257,#258,#259,#260,#261,#262,
#263,#264,#265));
#1377=EDGE_LOOP('',(#266,#267,#268,#269,#270,#271,#272,#273,#274,#275));
#1378=EDGE_LOOP('',(#276,#277,#278,#279));
#1379=EDGE_LOOP('',(#280,#281,#282,#283));
#1380=EDGE_LOOP('',(#284,#285,#286,#287,#288,#289,#290,#291,#292,#293,#294,
#295));
#1381=EDGE_LOOP('',(#296,#297,#298,#299,#300,#301));
#1382=EDGE_LOOP('',(#302,#303,#304,#305,#306,#307));
#1383=EDGE_LOOP('',(#308,#309,#310,#311,#312,#313));
#1384=EDGE_LOOP('',(#314,#315,#316,#317));
#1385=EDGE_LOOP('',(#318,#319,#320,#321,#322,#323));
#1386=EDGE_LOOP('',(#324,#325,#326,#327));
#1387=EDGE_LOOP('',(#328,#329,#330,#331));
#1388=EDGE_LOOP('',(#332,#333,#334,#335));
#1389=EDGE_LOOP('',(#336,#337,#338,#339));
#1390=EDGE_LOOP('',(#340,#341,#342,#343));
#1391=EDGE_LOOP('',(#344,#345,#346,#347));
#1392=EDGE_LOOP('',(#348,#349,#350,#351));
#1393=EDGE_LOOP('',(#352,#353,#354,#355));
#1394=EDGE_LOOP('',(#356,#357,#358,#359));
#1395=EDGE_LOOP('',(#360,#361,#362,#363));
#1396=EDGE_LOOP('',(#364,#365,#366,#367));
#1397=EDGE_LOOP('',(#368,#369,#370,#371));
#1398=EDGE_LOOP('',(#372,#373,#374,#375));
#1399=EDGE_LOOP('',(#376,#377,#378,#379));
#1400=EDGE_LOOP('',(#380,#381,#382,#383));
#1401=EDGE_LOOP('',(#384,#385,#386,#387));
#1402=EDGE_LOOP('',(#388,#389,#390,#391));
#1403=EDGE_LOOP('',(#392,#393,#394,#395));
#1404=EDGE_LOOP('',(#396,#397,#398,#399));
#1405=EDGE_LOOP('',(#400,#401,#402,#403));
#1406=EDGE_LOOP('',(#404,#405,#406,#407));
#1407=EDGE_LOOP('',(#408,#409,#410,#411));
#1408=EDGE_LOOP('',(#412,#413,#414,#415));
#1409=EDGE_LOOP('',(#416,#417,#418,#419));
#1410=EDGE_LOOP('',(#420,#421,#422,#423));
#1411=EDGE_LOOP('',(#424,#425));
#1412=EDGE_LOOP('',(#426,#427,#428,#429,#430,#431));
#1413=EDGE_LOOP('',(#432,#433,#434,#435,#436,#437));
#1414=EDGE_LOOP('',(#438,#439));
#1415=EDGE_LOOP('',(#440,#441,#442,#443,#444,#445));
#1416=EDGE_LOOP('',(#446,#447));
#1417=EDGE_LOOP('',(#448,#449));
#1418=EDGE_LOOP('',(#450,#451,#452,#453,#454,#455));
#1419=EDGE_LOOP('',(#456,#457,#458,#459,#460,#461));
#1420=EDGE_LOOP('',(#462,#463,#464,#465));
#1421=EDGE_LOOP('',(#466,#467,#468,#469,#470,#471));
#1422=EDGE_LOOP('',(#472,#473,#474,#475));
#1423=EDGE_LOOP('',(#476,#477,#478,#479));
#1424=EDGE_LOOP('',(#480,#481,#482,#483));
#1425=EDGE_LOOP('',(#484,#485,#486,#487));
#1426=EDGE_LOOP('',(#488,#489,#490,#491,#492));
#1427=EDGE_LOOP('',(#493,#494,#495,#496));
#1428=EDGE_LOOP('',(#497,#498,#499,#500,#501));
#1429=EDGE_LOOP('',(#502,#503,#504,#505,#506,#507,#508,#509,#510));
#1430=EDGE_LOOP('',(#511,#512,#513,#514));
#1431=EDGE_LOOP('',(#515,#516,#517,#518,#519,#520,#521,#522,#523));
#1432=EDGE_LOOP('',(#524,#525,#526,#527));
#1433=EDGE_LOOP('',(#528,#529,#530,#531));
#1434=EDGE_LOOP('',(#532,#533,#534,#535));
#1435=EDGE_LOOP('',(#536,#537,#538,#539));
#1436=EDGE_LOOP('',(#540,#541,#542,#543));
#1437=EDGE_LOOP('',(#544,#545,#546,#547,#548,#549));
#1438=EDGE_LOOP('',(#550,#551,#552,#553));
#1439=EDGE_LOOP('',(#554,#555,#556,#557));
#1440=EDGE_LOOP('',(#558,#559,#560,#561));
#1441=EDGE_LOOP('',(#562,#563,#564,#565));
#1442=EDGE_LOOP('',(#566,#567,#568,#569));
#1443=EDGE_LOOP('',(#570,#571,#572,#573));
#1444=FACE_BOUND('',#1349,.T.);
#1445=FACE_BOUND('',#1350,.T.);
#1446=FACE_BOUND('',#1351,.T.);
#1447=FACE_BOUND('',#1352,.T.);
#1448=FACE_BOUND('',#1353,.T.);
#1449=FACE_BOUND('',#1354,.T.);
#1450=FACE_BOUND('',#1355,.T.);
#1451=FACE_BOUND('',#1356,.T.);
#1452=FACE_BOUND('',#1357,.T.);
#1453=FACE_BOUND('',#1358,.T.);
#1454=FACE_BOUND('',#1359,.T.);
#1455=FACE_BOUND('',#1360,.T.);
#1456=FACE_BOUND('',#1361,.T.);
#1457=FACE_BOUND('',#1362,.T.);
#1458=FACE_BOUND('',#1363,.T.);
#1459=FACE_BOUND('',#1364,.T.);
#1460=FACE_BOUND('',#1365,.T.);
#1461=FACE_BOUND('',#1366,.T.);
#1462=FACE_BOUND('',#1367,.T.);
#1463=FACE_BOUND('',#1368,.T.);
#1464=FACE_BOUND('',#1369,.T.);
#1465=FACE_BOUND('',#1370,.T.);
#1466=FACE_BOUND('',#1371,.T.);
#1467=FACE_BOUND('',#1372,.T.);
#1468=FACE_BOUND('',#1373,.T.);
#1469=FACE_BOUND('',#1374,.T.);
#1470=FACE_BOUND('',#1375,.T.);
#1471=FACE_BOUND('',#1376,.T.);
#1472=FACE_BOUND('',#1377,.T.);
#1473=FACE_BOUND('',#1378,.T.);
#1474=FACE_BOUND('',#1379,.T.);
#1475=FACE_BOUND('',#1380,.T.);
#1476=FACE_BOUND('',#1381,.T.);
#1477=FACE_BOUND('',#1382,.T.);
#1478=FACE_BOUND('',#1383,.T.);
#1479=FACE_BOUND('',#1384,.T.);
#1480=FACE_BOUND('',#1385,.T.);
#1481=FACE_BOUND('',#1386,.T.);
#1482=FACE_BOUND('',#1387,.T.);
#1483=FACE_BOUND('',#1388,.T.);
#1484=FACE_BOUND('',#1389,.T.);
#1485=FACE_BOUND('',#1390,.T.);
#1486=FACE_BOUND('',#1391,.T.);
#1487=FACE_BOUND('',#1392,.T.);
#1488=FACE_BOUND('',#1393,.T.);
#1489=FACE_BOUND('',#1394,.T.);
#1490=FACE_BOUND('',#1395,.T.);
#1491=FACE_BOUND('',#1396,.T.);
#1492=FACE_BOUND('',#1397,.T.);
#1493=FACE_BOUND('',#1398,.T.);
#1494=FACE_BOUND('',#1399,.T.);
#1495=FACE_BOUND('',#1400,.T.);
#1496=FACE_BOUND('',#1401,.T.);
#1497=FACE_BOUND('',#1402,.T.);
#1498=FACE_BOUND('',#1403,.T.);
#1499=FACE_BOUND('',#1404,.T.);
#1500=FACE_BOUND('',#1405,.T.);
#1501=FACE_BOUND('',#1406,.T.);
#1502=FACE_BOUND('',#1407,.T.);
#1503=FACE_BOUND('',#1408,.T.);
#1504=FACE_BOUND('',#1409,.T.);
#1505=FACE_BOUND('',#1410,.T.);
#1506=FACE_BOUND('',#1411,.T.);
#1507=FACE_BOUND('',#1412,.T.);
#1508=FACE_BOUND('',#1413,.T.);
#1509=FACE_BOUND('',#1414,.T.);
#1510=FACE_BOUND('',#1415,.T.);
#1511=FACE_BOUND('',#1416,.T.);
#1512=FACE_BOUND('',#1417,.T.);
#1513=FACE_BOUND('',#1418,.T.);
#1514=FACE_BOUND('',#1419,.T.);
#1515=FACE_BOUND('',#1420,.T.);
#1516=FACE_BOUND('',#1421,.T.);
#1517=FACE_BOUND('',#1422,.T.);
#1518=FACE_BOUND('',#1423,.T.);
#1519=FACE_BOUND('',#1424,.T.);
#1520=FACE_BOUND('',#1425,.T.);
#1521=FACE_BOUND('',#1426,.T.);
#1522=FACE_BOUND('',#1427,.T.);
#1523=FACE_BOUND('',#1428,.T.);
#1524=FACE_BOUND('',#1429,.T.);
#1525=FACE_BOUND('',#1430,.T.);
#1526=FACE_BOUND('',#1431,.T.);
#1527=FACE_BOUND('',#1432,.T.);
#1528=FACE_BOUND('',#1433,.T.);
#1529=FACE_BOUND('',#1434,.T.);
#1530=FACE_BOUND('',#1435,.T.);
#1531=FACE_BOUND('',#1436,.T.);
#1532=FACE_BOUND('',#1437,.T.);
#1533=FACE_BOUND('',#1438,.T.);
#1534=FACE_BOUND('',#1439,.T.);
#1535=FACE_BOUND('',#1440,.T.);
#1536=FACE_BOUND('',#1441,.T.);
#1537=FACE_BOUND('',#1442,.T.);
#1538=FACE_BOUND('',#1443,.T.);
#1539=PLANE('',#2347);
#1540=PLANE('',#2348);
#1541=PLANE('',#2355);
#1542=PLANE('',#2356);
#1543=PLANE('',#2357);
#1544=PLANE('',#2358);
#1545=PLANE('',#2359);
#1546=PLANE('',#2366);
#1547=PLANE('',#2367);
#1548=PLANE('',#2368);
#1549=PLANE('',#2369);
#1550=PLANE('',#2370);
#1551=PLANE('',#2371);
#1552=PLANE('',#2372);
#1553=PLANE('',#2378);
#1554=PLANE('',#2384);
#1555=PLANE('',#2386);
#1556=PLANE('',#2387);
#1557=PLANE('',#2389);
#1558=PLANE('',#2390);
#1559=PLANE('',#2396);
#1560=PLANE('',#2402);
#1561=PLANE('',#2404);
#1562=PLANE('',#2406);
#1563=PLANE('',#2420);
#1564=PLANE('',#2424);
#1565=PLANE('',#2425);
#1566=PLANE('',#2426);
#1567=PLANE('',#2427);
#1568=PLANE('',#2428);
#1569=PLANE('',#2429);
#1570=PLANE('',#2430);
#1571=PLANE('',#2431);
#1572=PLANE('',#2432);
#1573=PLANE('',#2433);
#1574=PLANE('',#2434);
#1575=PLANE('',#2435);
#1576=PLANE('',#2436);
#1577=PLANE('',#2438);
#1578=PLANE('',#2440);
#1579=PLANE('',#2442);
#1580=PLANE('',#2444);
#1581=PLANE('',#2446);
#1582=PLANE('',#2448);
#1583=PLANE('',#2449);
#1584=PLANE('',#2454);
#1585=PLANE('',#2457);
#1586=PLANE('',#2458);
#1587=PLANE('',#2461);
#1588=PLANE('',#2464);
#1589=PLANE('',#2465);
#1590=PLANE('',#2468);
#1591=PLANE('',#2469);
#1592=PLANE('',#2472);
#1593=PLANE('',#2473);
#1594=PLANE('',#2474);
#1595=PLANE('',#2475);
#1596=PLANE('',#2476);
#1597=PLANE('',#2477);
#1598=PLANE('',#2478);
#1599=PLANE('',#2479);
#1600=PLANE('',#2480);
#1601=PLANE('',#2481);
#1602=PLANE('',#2482);
#1603=PLANE('',#2483);
#1604=PLANE('',#2484);
#1605=PLANE('',#2485);
#1606=PLANE('',#2486);
#1607=PLANE('',#2487);
#1608=PLANE('',#2488);
#1609=PLANE('',#2489);
#1610=STYLED_ITEM('',(#1701),#2251);
#1611=STYLED_ITEM('',(#1702),#2252);
#1612=STYLED_ITEM('',(#1703),#2253);
#1613=STYLED_ITEM('',(#1704),#2254);
#1614=STYLED_ITEM('',(#1705),#2255);
#1615=STYLED_ITEM('',(#1706),#2256);
#1616=STYLED_ITEM('',(#1707),#2257);
#1617=STYLED_ITEM('',(#1708),#2258);
#1618=STYLED_ITEM('',(#1709),#2259);
#1619=STYLED_ITEM('',(#1710),#2260);
#1620=STYLED_ITEM('',(#1711),#2261);
#1621=STYLED_ITEM('',(#1712),#2262);
#1622=STYLED_ITEM('',(#1713),#2263);
#1623=STYLED_ITEM('',(#1714),#2264);
#1624=STYLED_ITEM('',(#1715),#2265);
#1625=STYLED_ITEM('',(#1716),#2266);
#1626=STYLED_ITEM('',(#1717),#2267);
#1627=STYLED_ITEM('',(#1718),#2268);
#1628=STYLED_ITEM('',(#1719),#2269);
#1629=STYLED_ITEM('',(#1720),#2270);
#1630=STYLED_ITEM('',(#1721),#2271);
#1631=STYLED_ITEM('',(#1722),#2272);
#1632=STYLED_ITEM('',(#1723),#2273);
#1633=STYLED_ITEM('',(#1724),#2274);
#1634=STYLED_ITEM('',(#1725),#2275);
#1635=STYLED_ITEM('',(#1726),#2276);
#1636=STYLED_ITEM('',(#1727),#2277);
#1637=STYLED_ITEM('',(#1728),#2278);
#1638=STYLED_ITEM('',(#1729),#2279);
#1639=STYLED_ITEM('',(#1730),#2280);
#1640=STYLED_ITEM('',(#1731),#2281);
#1641=STYLED_ITEM('',(#1732),#2282);
#1642=STYLED_ITEM('',(#1733),#2283);
#1643=STYLED_ITEM('',(#1734),#2284);
#1644=STYLED_ITEM('',(#1735),#2285);
#1645=STYLED_ITEM('',(#1736),#2286);
#1646=STYLED_ITEM('',(#1737),#2287);
#1647=STYLED_ITEM('',(#1738),#2288);
#1648=STYLED_ITEM('',(#1739),#2289);
#1649=STYLED_ITEM('',(#1740),#2290);
#1650=STYLED_ITEM('',(#1741),#2291);
#1651=STYLED_ITEM('',(#1742),#2292);
#1652=STYLED_ITEM('',(#1743),#2293);
#1653=STYLED_ITEM('',(#1744),#2294);
#1654=STYLED_ITEM('',(#1745),#2295);
#1655=STYLED_ITEM('',(#1746),#2296);
#1656=STYLED_ITEM('',(#1747),#2297);
#1657=STYLED_ITEM('',(#1748),#2298);
#1658=STYLED_ITEM('',(#1749),#2299);
#1659=STYLED_ITEM('',(#1750),#2300);
#1660=STYLED_ITEM('',(#1751),#2301);
#1661=STYLED_ITEM('',(#1752),#2302);
#1662=STYLED_ITEM('',(#1753),#2303);
#1663=STYLED_ITEM('',(#1754),#2304);
#1664=STYLED_ITEM('',(#1755),#2305);
#1665=STYLED_ITEM('',(#1756),#2306);
#1666=STYLED_ITEM('',(#1757),#2307);
#1667=STYLED_ITEM('',(#1758),#2308);
#1668=STYLED_ITEM('',(#1759),#2309);
#1669=STYLED_ITEM('',(#1760),#2310);
#1670=STYLED_ITEM('',(#1761),#2311);
#1671=STYLED_ITEM('',(#1762),#2312);
#1672=STYLED_ITEM('',(#1763),#2313);
#1673=STYLED_ITEM('',(#1764),#2314);
#1674=STYLED_ITEM('',(#1765),#2315);
#1675=STYLED_ITEM('',(#1766),#2316);
#1676=STYLED_ITEM('',(#1767),#2317);
#1677=STYLED_ITEM('',(#1768),#2318);
#1678=STYLED_ITEM('',(#1769),#2319);
#1679=STYLED_ITEM('',(#1770),#2320);
#1680=STYLED_ITEM('',(#1771),#2321);
#1681=STYLED_ITEM('',(#1772),#2322);
#1682=STYLED_ITEM('',(#1773),#2323);
#1683=STYLED_ITEM('',(#1774),#2324);
#1684=STYLED_ITEM('',(#1775),#2325);
#1685=STYLED_ITEM('',(#1776),#2326);
#1686=STYLED_ITEM('',(#1777),#2327);
#1687=STYLED_ITEM('',(#1778),#2328);
#1688=STYLED_ITEM('',(#1779),#2329);
#1689=STYLED_ITEM('',(#1780),#2330);
#1690=STYLED_ITEM('',(#1781),#2331);
#1691=STYLED_ITEM('',(#1782),#2332);
#1692=STYLED_ITEM('',(#1783),#2333);
#1693=STYLED_ITEM('',(#1784),#2334);
#1694=STYLED_ITEM('',(#1785),#2335);
#1695=STYLED_ITEM('',(#1786),#2336);
#1696=STYLED_ITEM('',(#1787),#2337);
#1697=STYLED_ITEM('',(#1788),#2338);
#1698=STYLED_ITEM('',(#1789),#2339);
#1699=STYLED_ITEM('',(#1790),#2340);
#1700=STYLED_ITEM('',(#1791),#2341);
#1701=PRESENTATION_STYLE_ASSIGNMENT((#1792));
#1702=PRESENTATION_STYLE_ASSIGNMENT((#1793));
#1703=PRESENTATION_STYLE_ASSIGNMENT((#1794));
#1704=PRESENTATION_STYLE_ASSIGNMENT((#1795));
#1705=PRESENTATION_STYLE_ASSIGNMENT((#1796));
#1706=PRESENTATION_STYLE_ASSIGNMENT((#1797));
#1707=PRESENTATION_STYLE_ASSIGNMENT((#1798));
#1708=PRESENTATION_STYLE_ASSIGNMENT((#1799));
#1709=PRESENTATION_STYLE_ASSIGNMENT((#1800));
#1710=PRESENTATION_STYLE_ASSIGNMENT((#1801));
#1711=PRESENTATION_STYLE_ASSIGNMENT((#1802));
#1712=PRESENTATION_STYLE_ASSIGNMENT((#1803));
#1713=PRESENTATION_STYLE_ASSIGNMENT((#1804));
#1714=PRESENTATION_STYLE_ASSIGNMENT((#1805));
#1715=PRESENTATION_STYLE_ASSIGNMENT((#1806));
#1716=PRESENTATION_STYLE_ASSIGNMENT((#1807));
#1717=PRESENTATION_STYLE_ASSIGNMENT((#1808));
#1718=PRESENTATION_STYLE_ASSIGNMENT((#1809));
#1719=PRESENTATION_STYLE_ASSIGNMENT((#1810));
#1720=PRESENTATION_STYLE_ASSIGNMENT((#1811));
#1721=PRESENTATION_STYLE_ASSIGNMENT((#1812));
#1722=PRESENTATION_STYLE_ASSIGNMENT((#1813));
#1723=PRESENTATION_STYLE_ASSIGNMENT((#1814));
#1724=PRESENTATION_STYLE_ASSIGNMENT((#1815));
#1725=PRESENTATION_STYLE_ASSIGNMENT((#1816));
#1726=PRESENTATION_STYLE_ASSIGNMENT((#1817));
#1727=PRESENTATION_STYLE_ASSIGNMENT((#1818));
#1728=PRESENTATION_STYLE_ASSIGNMENT((#1819));
#1729=PRESENTATION_STYLE_ASSIGNMENT((#1820));
#1730=PRESENTATION_STYLE_ASSIGNMENT((#1821));
#1731=PRESENTATION_STYLE_ASSIGNMENT((#1822));
#1732=PRESENTATION_STYLE_ASSIGNMENT((#1823));
#1733=PRESENTATION_STYLE_ASSIGNMENT((#1824));
#1734=PRESENTATION_STYLE_ASSIGNMENT((#1825));
#1735=PRESENTATION_STYLE_ASSIGNMENT((#1826));
#1736=PRESENTATION_STYLE_ASSIGNMENT((#1827));
#1737=PRESENTATION_STYLE_ASSIGNMENT((#1828));
#1738=PRESENTATION_STYLE_ASSIGNMENT((#1829));
#1739=PRESENTATION_STYLE_ASSIGNMENT((#1830));
#1740=PRESENTATION_STYLE_ASSIGNMENT((#1831));
#1741=PRESENTATION_STYLE_ASSIGNMENT((#1832));
#1742=PRESENTATION_STYLE_ASSIGNMENT((#1833));
#1743=PRESENTATION_STYLE_ASSIGNMENT((#1834));
#1744=PRESENTATION_STYLE_ASSIGNMENT((#1835));
#1745=PRESENTATION_STYLE_ASSIGNMENT((#1836));
#1746=PRESENTATION_STYLE_ASSIGNMENT((#1837));
#1747=PRESENTATION_STYLE_ASSIGNMENT((#1838));
#1748=PRESENTATION_STYLE_ASSIGNMENT((#1839));
#1749=PRESENTATION_STYLE_ASSIGNMENT((#1840));
#1750=PRESENTATION_STYLE_ASSIGNMENT((#1841));
#1751=PRESENTATION_STYLE_ASSIGNMENT((#1842));
#1752=PRESENTATION_STYLE_ASSIGNMENT((#1843));
#1753=PRESENTATION_STYLE_ASSIGNMENT((#1844));
#1754=PRESENTATION_STYLE_ASSIGNMENT((#1845));
#1755=PRESENTATION_STYLE_ASSIGNMENT((#1846));
#1756=PRESENTATION_STYLE_ASSIGNMENT((#1847));
#1757=PRESENTATION_STYLE_ASSIGNMENT((#1848));
#1758=PRESENTATION_STYLE_ASSIGNMENT((#1849));
#1759=PRESENTATION_STYLE_ASSIGNMENT((#1850));
#1760=PRESENTATION_STYLE_ASSIGNMENT((#1851));
#1761=PRESENTATION_STYLE_ASSIGNMENT((#1852));
#1762=PRESENTATION_STYLE_ASSIGNMENT((#1853));
#1763=PRESENTATION_STYLE_ASSIGNMENT((#1854));
#1764=PRESENTATION_STYLE_ASSIGNMENT((#1855));
#1765=PRESENTATION_STYLE_ASSIGNMENT((#1856));
#1766=PRESENTATION_STYLE_ASSIGNMENT((#1857));
#1767=PRESENTATION_STYLE_ASSIGNMENT((#1858));
#1768=PRESENTATION_STYLE_ASSIGNMENT((#1859));
#1769=PRESENTATION_STYLE_ASSIGNMENT((#1860));
#1770=PRESENTATION_STYLE_ASSIGNMENT((#1861));
#1771=PRESENTATION_STYLE_ASSIGNMENT((#1862));
#1772=PRESENTATION_STYLE_ASSIGNMENT((#1863));
#1773=PRESENTATION_STYLE_ASSIGNMENT((#1864));
#1774=PRESENTATION_STYLE_ASSIGNMENT((#1865));
#1775=PRESENTATION_STYLE_ASSIGNMENT((#1866));
#1776=PRESENTATION_STYLE_ASSIGNMENT((#1867));
#1777=PRESENTATION_STYLE_ASSIGNMENT((#1868));
#1778=PRESENTATION_STYLE_ASSIGNMENT((#1869));
#1779=PRESENTATION_STYLE_ASSIGNMENT((#1870));
#1780=PRESENTATION_STYLE_ASSIGNMENT((#1871));
#1781=PRESENTATION_STYLE_ASSIGNMENT((#1872));
#1782=PRESENTATION_STYLE_ASSIGNMENT((#1873));
#1783=PRESENTATION_STYLE_ASSIGNMENT((#1874));
#1784=PRESENTATION_STYLE_ASSIGNMENT((#1875));
#1785=PRESENTATION_STYLE_ASSIGNMENT((#1876));
#1786=PRESENTATION_STYLE_ASSIGNMENT((#1877));
#1787=PRESENTATION_STYLE_ASSIGNMENT((#1878));
#1788=PRESENTATION_STYLE_ASSIGNMENT((#1879));
#1789=PRESENTATION_STYLE_ASSIGNMENT((#1880));
#1790=PRESENTATION_STYLE_ASSIGNMENT((#1881));
#1791=PRESENTATION_STYLE_ASSIGNMENT((#1882));
#1792=SURFACE_STYLE_USAGE(.BOTH.,#1883);
#1793=SURFACE_STYLE_USAGE(.BOTH.,#1884);
#1794=SURFACE_STYLE_USAGE(.BOTH.,#1885);
#1795=SURFACE_STYLE_USAGE(.BOTH.,#1886);
#1796=SURFACE_STYLE_USAGE(.BOTH.,#1887);
#1797=SURFACE_STYLE_USAGE(.BOTH.,#1888);
#1798=SURFACE_STYLE_USAGE(.BOTH.,#1889);
#1799=SURFACE_STYLE_USAGE(.BOTH.,#1890);
#1800=SURFACE_STYLE_USAGE(.BOTH.,#1891);
#1801=SURFACE_STYLE_USAGE(.BOTH.,#1892);
#1802=SURFACE_STYLE_USAGE(.BOTH.,#1893);
#1803=SURFACE_STYLE_USAGE(.BOTH.,#1894);
#1804=SURFACE_STYLE_USAGE(.BOTH.,#1895);
#1805=SURFACE_STYLE_USAGE(.BOTH.,#1896);
#1806=SURFACE_STYLE_USAGE(.BOTH.,#1897);
#1807=SURFACE_STYLE_USAGE(.BOTH.,#1898);
#1808=SURFACE_STYLE_USAGE(.BOTH.,#1899);
#1809=SURFACE_STYLE_USAGE(.BOTH.,#1900);
#1810=SURFACE_STYLE_USAGE(.BOTH.,#1901);
#1811=SURFACE_STYLE_USAGE(.BOTH.,#1902);
#1812=SURFACE_STYLE_USAGE(.BOTH.,#1903);
#1813=SURFACE_STYLE_USAGE(.BOTH.,#1904);
#1814=SURFACE_STYLE_USAGE(.BOTH.,#1905);
#1815=SURFACE_STYLE_USAGE(.BOTH.,#1906);
#1816=SURFACE_STYLE_USAGE(.BOTH.,#1907);
#1817=SURFACE_STYLE_USAGE(.BOTH.,#1908);
#1818=SURFACE_STYLE_USAGE(.BOTH.,#1909);
#1819=SURFACE_STYLE_USAGE(.BOTH.,#1910);
#1820=SURFACE_STYLE_USAGE(.BOTH.,#1911);
#1821=SURFACE_STYLE_USAGE(.BOTH.,#1912);
#1822=SURFACE_STYLE_USAGE(.BOTH.,#1913);
#1823=SURFACE_STYLE_USAGE(.BOTH.,#1914);
#1824=SURFACE_STYLE_USAGE(.BOTH.,#1915);
#1825=SURFACE_STYLE_USAGE(.BOTH.,#1916);
#1826=SURFACE_STYLE_USAGE(.BOTH.,#1917);
#1827=SURFACE_STYLE_USAGE(.BOTH.,#1918);
#1828=SURFACE_STYLE_USAGE(.BOTH.,#1919);
#1829=SURFACE_STYLE_USAGE(.BOTH.,#1920);
#1830=SURFACE_STYLE_USAGE(.BOTH.,#1921);
#1831=SURFACE_STYLE_USAGE(.BOTH.,#1922);
#1832=SURFACE_STYLE_USAGE(.BOTH.,#1923);
#1833=SURFACE_STYLE_USAGE(.BOTH.,#1924);
#1834=SURFACE_STYLE_USAGE(.BOTH.,#1925);
#1835=SURFACE_STYLE_USAGE(.BOTH.,#1926);
#1836=SURFACE_STYLE_USAGE(.BOTH.,#1927);
#1837=SURFACE_STYLE_USAGE(.BOTH.,#1928);
#1838=SURFACE_STYLE_USAGE(.BOTH.,#1929);
#1839=SURFACE_STYLE_USAGE(.BOTH.,#1930);
#1840=SURFACE_STYLE_USAGE(.BOTH.,#1931);
#1841=SURFACE_STYLE_USAGE(.BOTH.,#1932);
#1842=SURFACE_STYLE_USAGE(.BOTH.,#1933);
#1843=SURFACE_STYLE_USAGE(.BOTH.,#1934);
#1844=SURFACE_STYLE_USAGE(.BOTH.,#1935);
#1845=SURFACE_STYLE_USAGE(.BOTH.,#1936);
#1846=SURFACE_STYLE_USAGE(.BOTH.,#1937);
#1847=SURFACE_STYLE_USAGE(.BOTH.,#1938);
#1848=SURFACE_STYLE_USAGE(.BOTH.,#1939);
#1849=SURFACE_STYLE_USAGE(.BOTH.,#1940);
#1850=SURFACE_STYLE_USAGE(.BOTH.,#1941);
#1851=SURFACE_STYLE_USAGE(.BOTH.,#1942);
#1852=SURFACE_STYLE_USAGE(.BOTH.,#1943);
#1853=SURFACE_STYLE_USAGE(.BOTH.,#1944);
#1854=SURFACE_STYLE_USAGE(.BOTH.,#1945);
#1855=SURFACE_STYLE_USAGE(.BOTH.,#1946);
#1856=SURFACE_STYLE_USAGE(.BOTH.,#1947);
#1857=SURFACE_STYLE_USAGE(.BOTH.,#1948);
#1858=SURFACE_STYLE_USAGE(.BOTH.,#1949);
#1859=SURFACE_STYLE_USAGE(.BOTH.,#1950);
#1860=SURFACE_STYLE_USAGE(.BOTH.,#1951);
#1861=SURFACE_STYLE_USAGE(.BOTH.,#1952);
#1862=SURFACE_STYLE_USAGE(.BOTH.,#1953);
#1863=SURFACE_STYLE_USAGE(.BOTH.,#1954);
#1864=SURFACE_STYLE_USAGE(.BOTH.,#1955);
#1865=SURFACE_STYLE_USAGE(.BOTH.,#1956);
#1866=SURFACE_STYLE_USAGE(.BOTH.,#1957);
#1867=SURFACE_STYLE_USAGE(.BOTH.,#1958);
#1868=SURFACE_STYLE_USAGE(.BOTH.,#1959);
#1869=SURFACE_STYLE_USAGE(.BOTH.,#1960);
#1870=SURFACE_STYLE_USAGE(.BOTH.,#1961);
#1871=SURFACE_STYLE_USAGE(.BOTH.,#1962);
#1872=SURFACE_STYLE_USAGE(.BOTH.,#1963);
#1873=SURFACE_STYLE_USAGE(.BOTH.,#1964);
#1874=SURFACE_STYLE_USAGE(.BOTH.,#1965);
#1875=SURFACE_STYLE_USAGE(.BOTH.,#1966);
#1876=SURFACE_STYLE_USAGE(.BOTH.,#1967);
#1877=SURFACE_STYLE_USAGE(.BOTH.,#1968);
#1878=SURFACE_STYLE_USAGE(.BOTH.,#1969);
#1879=SURFACE_STYLE_USAGE(.BOTH.,#1970);
#1880=SURFACE_STYLE_USAGE(.BOTH.,#1971);
#1881=SURFACE_STYLE_USAGE(.BOTH.,#1972);
#1882=SURFACE_STYLE_USAGE(.BOTH.,#1973);
#1883=SURFACE_SIDE_STYLE('',(#1974));
#1884=SURFACE_SIDE_STYLE('',(#1975));
#1885=SURFACE_SIDE_STYLE('',(#1976));
#1886=SURFACE_SIDE_STYLE('',(#1977));
#1887=SURFACE_SIDE_STYLE('',(#1978));
#1888=SURFACE_SIDE_STYLE('',(#1979));
#1889=SURFACE_SIDE_STYLE('',(#1980));
#1890=SURFACE_SIDE_STYLE('',(#1981));
#1891=SURFACE_SIDE_STYLE('',(#1982));
#1892=SURFACE_SIDE_STYLE('',(#1983));
#1893=SURFACE_SIDE_STYLE('',(#1984));
#1894=SURFACE_SIDE_STYLE('',(#1985));
#1895=SURFACE_SIDE_STYLE('',(#1986));
#1896=SURFACE_SIDE_STYLE('',(#1987));
#1897=SURFACE_SIDE_STYLE('',(#1988));
#1898=SURFACE_SIDE_STYLE('',(#1989));
#1899=SURFACE_SIDE_STYLE('',(#1990));
#1900=SURFACE_SIDE_STYLE('',(#1991));
#1901=SURFACE_SIDE_STYLE('',(#1992));
#1902=SURFACE_SIDE_STYLE('',(#1993));
#1903=SURFACE_SIDE_STYLE('',(#1994));
#1904=SURFACE_SIDE_STYLE('',(#1995));
#1905=SURFACE_SIDE_STYLE('',(#1996));
#1906=SURFACE_SIDE_STYLE('',(#1997));
#1907=SURFACE_SIDE_STYLE('',(#1998));
#1908=SURFACE_SIDE_STYLE('',(#1999));
#1909=SURFACE_SIDE_STYLE('',(#2000));
#1910=SURFACE_SIDE_STYLE('',(#2001));
#1911=SURFACE_SIDE_STYLE('',(#2002));
#1912=SURFACE_SIDE_STYLE('',(#2003));
#1913=SURFACE_SIDE_STYLE('',(#2004));
#1914=SURFACE_SIDE_STYLE('',(#2005));
#1915=SURFACE_SIDE_STYLE('',(#2006));
#1916=SURFACE_SIDE_STYLE('',(#2007));
#1917=SURFACE_SIDE_STYLE('',(#2008));
#1918=SURFACE_SIDE_STYLE('',(#2009));
#1919=SURFACE_SIDE_STYLE('',(#2010));
#1920=SURFACE_SIDE_STYLE('',(#2011));
#1921=SURFACE_SIDE_STYLE('',(#2012));
#1922=SURFACE_SIDE_STYLE('',(#2013));
#1923=SURFACE_SIDE_STYLE('',(#2014));
#1924=SURFACE_SIDE_STYLE('',(#2015));
#1925=SURFACE_SIDE_STYLE('',(#2016));
#1926=SURFACE_SIDE_STYLE('',(#2017));
#1927=SURFACE_SIDE_STYLE('',(#2018));
#1928=SURFACE_SIDE_STYLE('',(#2019));
#1929=SURFACE_SIDE_STYLE('',(#2020));
#1930=SURFACE_SIDE_STYLE('',(#2021));
#1931=SURFACE_SIDE_STYLE('',(#2022));
#1932=SURFACE_SIDE_STYLE('',(#2023));
#1933=SURFACE_SIDE_STYLE('',(#2024));
#1934=SURFACE_SIDE_STYLE('',(#2025));
#1935=SURFACE_SIDE_STYLE('',(#2026));
#1936=SURFACE_SIDE_STYLE('',(#2027));
#1937=SURFACE_SIDE_STYLE('',(#2028));
#1938=SURFACE_SIDE_STYLE('',(#2029));
#1939=SURFACE_SIDE_STYLE('',(#2030));
#1940=SURFACE_SIDE_STYLE('',(#2031));
#1941=SURFACE_SIDE_STYLE('',(#2032));
#1942=SURFACE_SIDE_STYLE('',(#2033));
#1943=SURFACE_SIDE_STYLE('',(#2034));
#1944=SURFACE_SIDE_STYLE('',(#2035));
#1945=SURFACE_SIDE_STYLE('',(#2036));
#1946=SURFACE_SIDE_STYLE('',(#2037));
#1947=SURFACE_SIDE_STYLE('',(#2038));
#1948=SURFACE_SIDE_STYLE('',(#2039));
#1949=SURFACE_SIDE_STYLE('',(#2040));
#1950=SURFACE_SIDE_STYLE('',(#2041));
#1951=SURFACE_SIDE_STYLE('',(#2042));
#1952=SURFACE_SIDE_STYLE('',(#2043));
#1953=SURFACE_SIDE_STYLE('',(#2044));
#1954=SURFACE_SIDE_STYLE('',(#2045));
#1955=SURFACE_SIDE_STYLE('',(#2046));
#1956=SURFACE_SIDE_STYLE('',(#2047));
#1957=SURFACE_SIDE_STYLE('',(#2048));
#1958=SURFACE_SIDE_STYLE('',(#2049));
#1959=SURFACE_SIDE_STYLE('',(#2050));
#1960=SURFACE_SIDE_STYLE('',(#2051));
#1961=SURFACE_SIDE_STYLE('',(#2052));
#1962=SURFACE_SIDE_STYLE('',(#2053));
#1963=SURFACE_SIDE_STYLE('',(#2054));
#1964=SURFACE_SIDE_STYLE('',(#2055));
#1965=SURFACE_SIDE_STYLE('',(#2056));
#1966=SURFACE_SIDE_STYLE('',(#2057));
#1967=SURFACE_SIDE_STYLE('',(#2058));
#1968=SURFACE_SIDE_STYLE('',(#2059));
#1969=SURFACE_SIDE_STYLE('',(#2060));
#1970=SURFACE_SIDE_STYLE('',(#2061));
#1971=SURFACE_SIDE_STYLE('',(#2062));
#1972=SURFACE_SIDE_STYLE('',(#2063));
#1973=SURFACE_SIDE_STYLE('',(#2064));
#1974=SURFACE_STYLE_FILL_AREA(#2065);
#1975=SURFACE_STYLE_FILL_AREA(#2066);
#1976=SURFACE_STYLE_FILL_AREA(#2067);
#1977=SURFACE_STYLE_FILL_AREA(#2068);
#1978=SURFACE_STYLE_FILL_AREA(#2069);
#1979=SURFACE_STYLE_FILL_AREA(#2070);
#1980=SURFACE_STYLE_FILL_AREA(#2071);
#1981=SURFACE_STYLE_FILL_AREA(#2072);
#1982=SURFACE_STYLE_FILL_AREA(#2073);
#1983=SURFACE_STYLE_FILL_AREA(#2074);
#1984=SURFACE_STYLE_FILL_AREA(#2075);
#1985=SURFACE_STYLE_FILL_AREA(#2076);
#1986=SURFACE_STYLE_FILL_AREA(#2077);
#1987=SURFACE_STYLE_FILL_AREA(#2078);
#1988=SURFACE_STYLE_FILL_AREA(#2079);
#1989=SURFACE_STYLE_FILL_AREA(#2080);
#1990=SURFACE_STYLE_FILL_AREA(#2081);
#1991=SURFACE_STYLE_FILL_AREA(#2082);
#1992=SURFACE_STYLE_FILL_AREA(#2083);
#1993=SURFACE_STYLE_FILL_AREA(#2084);
#1994=SURFACE_STYLE_FILL_AREA(#2085);
#1995=SURFACE_STYLE_FILL_AREA(#2086);
#1996=SURFACE_STYLE_FILL_AREA(#2087);
#1997=SURFACE_STYLE_FILL_AREA(#2088);
#1998=SURFACE_STYLE_FILL_AREA(#2089);
#1999=SURFACE_STYLE_FILL_AREA(#2090);
#2000=SURFACE_STYLE_FILL_AREA(#2091);
#2001=SURFACE_STYLE_FILL_AREA(#2092);
#2002=SURFACE_STYLE_FILL_AREA(#2093);
#2003=SURFACE_STYLE_FILL_AREA(#2094);
#2004=SURFACE_STYLE_FILL_AREA(#2095);
#2005=SURFACE_STYLE_FILL_AREA(#2096);
#2006=SURFACE_STYLE_FILL_AREA(#2097);
#2007=SURFACE_STYLE_FILL_AREA(#2098);
#2008=SURFACE_STYLE_FILL_AREA(#2099);
#2009=SURFACE_STYLE_FILL_AREA(#2100);
#2010=SURFACE_STYLE_FILL_AREA(#2101);
#2011=SURFACE_STYLE_FILL_AREA(#2102);
#2012=SURFACE_STYLE_FILL_AREA(#2103);
#2013=SURFACE_STYLE_FILL_AREA(#2104);
#2014=SURFACE_STYLE_FILL_AREA(#2105);
#2015=SURFACE_STYLE_FILL_AREA(#2106);
#2016=SURFACE_STYLE_FILL_AREA(#2107);
#2017=SURFACE_STYLE_FILL_AREA(#2108);
#2018=SURFACE_STYLE_FILL_AREA(#2109);
#2019=SURFACE_STYLE_FILL_AREA(#2110);
#2020=SURFACE_STYLE_FILL_AREA(#2111);
#2021=SURFACE_STYLE_FILL_AREA(#2112);
#2022=SURFACE_STYLE_FILL_AREA(#2113);
#2023=SURFACE_STYLE_FILL_AREA(#2114);
#2024=SURFACE_STYLE_FILL_AREA(#2115);
#2025=SURFACE_STYLE_FILL_AREA(#2116);
#2026=SURFACE_STYLE_FILL_AREA(#2117);
#2027=SURFACE_STYLE_FILL_AREA(#2118);
#2028=SURFACE_STYLE_FILL_AREA(#2119);
#2029=SURFACE_STYLE_FILL_AREA(#2120);
#2030=SURFACE_STYLE_FILL_AREA(#2121);
#2031=SURFACE_STYLE_FILL_AREA(#2122);
#2032=SURFACE_STYLE_FILL_AREA(#2123);
#2033=SURFACE_STYLE_FILL_AREA(#2124);
#2034=SURFACE_STYLE_FILL_AREA(#2125);
#2035=SURFACE_STYLE_FILL_AREA(#2126);
#2036=SURFACE_STYLE_FILL_AREA(#2127);
#2037=SURFACE_STYLE_FILL_AREA(#2128);
#2038=SURFACE_STYLE_FILL_AREA(#2129);
#2039=SURFACE_STYLE_FILL_AREA(#2130);
#2040=SURFACE_STYLE_FILL_AREA(#2131);
#2041=SURFACE_STYLE_FILL_AREA(#2132);
#2042=SURFACE_STYLE_FILL_AREA(#2133);
#2043=SURFACE_STYLE_FILL_AREA(#2134);
#2044=SURFACE_STYLE_FILL_AREA(#2135);
#2045=SURFACE_STYLE_FILL_AREA(#2136);
#2046=SURFACE_STYLE_FILL_AREA(#2137);
#2047=SURFACE_STYLE_FILL_AREA(#2138);
#2048=SURFACE_STYLE_FILL_AREA(#2139);
#2049=SURFACE_STYLE_FILL_AREA(#2140);
#2050=SURFACE_STYLE_FILL_AREA(#2141);
#2051=SURFACE_STYLE_FILL_AREA(#2142);
#2052=SURFACE_STYLE_FILL_AREA(#2143);
#2053=SURFACE_STYLE_FILL_AREA(#2144);
#2054=SURFACE_STYLE_FILL_AREA(#2145);
#2055=SURFACE_STYLE_FILL_AREA(#2146);
#2056=SURFACE_STYLE_FILL_AREA(#2147);
#2057=SURFACE_STYLE_FILL_AREA(#2148);
#2058=SURFACE_STYLE_FILL_AREA(#2149);
#2059=SURFACE_STYLE_FILL_AREA(#2150);
#2060=SURFACE_STYLE_FILL_AREA(#2151);
#2061=SURFACE_STYLE_FILL_AREA(#2152);
#2062=SURFACE_STYLE_FILL_AREA(#2153);
#2063=SURFACE_STYLE_FILL_AREA(#2154);
#2064=SURFACE_STYLE_FILL_AREA(#2155);
#2065=FILL_AREA_STYLE('',(#2156));
#2066=FILL_AREA_STYLE('',(#2157));
#2067=FILL_AREA_STYLE('',(#2158));
#2068=FILL_AREA_STYLE('',(#2159));
#2069=FILL_AREA_STYLE('',(#2160));
#2070=FILL_AREA_STYLE('',(#2161));
#2071=FILL_AREA_STYLE('',(#2162));
#2072=FILL_AREA_STYLE('',(#2163));
#2073=FILL_AREA_STYLE('',(#2164));
#2074=FILL_AREA_STYLE('',(#2165));
#2075=FILL_AREA_STYLE('',(#2166));
#2076=FILL_AREA_STYLE('',(#2167));
#2077=FILL_AREA_STYLE('',(#2168));
#2078=FILL_AREA_STYLE('',(#2169));
#2079=FILL_AREA_STYLE('',(#2170));
#2080=FILL_AREA_STYLE('',(#2171));
#2081=FILL_AREA_STYLE('',(#2172));
#2082=FILL_AREA_STYLE('',(#2173));
#2083=FILL_AREA_STYLE('',(#2174));
#2084=FILL_AREA_STYLE('',(#2175));
#2085=FILL_AREA_STYLE('',(#2176));
#2086=FILL_AREA_STYLE('',(#2177));
#2087=FILL_AREA_STYLE('',(#2178));
#2088=FILL_AREA_STYLE('',(#2179));
#2089=FILL_AREA_STYLE('',(#2180));
#2090=FILL_AREA_STYLE('',(#2181));
#2091=FILL_AREA_STYLE('',(#2182));
#2092=FILL_AREA_STYLE('',(#2183));
#2093=FILL_AREA_STYLE('',(#2184));
#2094=FILL_AREA_STYLE('',(#2185));
#2095=FILL_AREA_STYLE('',(#2186));
#2096=FILL_AREA_STYLE('',(#2187));
#2097=FILL_AREA_STYLE('',(#2188));
#2098=FILL_AREA_STYLE('',(#2189));
#2099=FILL_AREA_STYLE('',(#2190));
#2100=FILL_AREA_STYLE('',(#2191));
#2101=FILL_AREA_STYLE('',(#2192));
#2102=FILL_AREA_STYLE('',(#2193));
#2103=FILL_AREA_STYLE('',(#2194));
#2104=FILL_AREA_STYLE('',(#2195));
#2105=FILL_AREA_STYLE('',(#2196));
#2106=FILL_AREA_STYLE('',(#2197));
#2107=FILL_AREA_STYLE('',(#2198));
#2108=FILL_AREA_STYLE('',(#2199));
#2109=FILL_AREA_STYLE('',(#2200));
#2110=FILL_AREA_STYLE('',(#2201));
#2111=FILL_AREA_STYLE('',(#2202));
#2112=FILL_AREA_STYLE('',(#2203));
#2113=FILL_AREA_STYLE('',(#2204));
#2114=FILL_AREA_STYLE('',(#2205));
#2115=FILL_AREA_STYLE('',(#2206));
#2116=FILL_AREA_STYLE('',(#2207));
#2117=FILL_AREA_STYLE('',(#2208));
#2118=FILL_AREA_STYLE('',(#2209));
#2119=FILL_AREA_STYLE('',(#2210));
#2120=FILL_AREA_STYLE('',(#2211));
#2121=FILL_AREA_STYLE('',(#2212));
#2122=FILL_AREA_STYLE('',(#2213));
#2123=FILL_AREA_STYLE('',(#2214));
#2124=FILL_AREA_STYLE('',(#2215));
#2125=FILL_AREA_STYLE('',(#2216));
#2126=FILL_AREA_STYLE('',(#2217));
#2127=FILL_AREA_STYLE('',(#2218));
#2128=FILL_AREA_STYLE('',(#2219));
#2129=FILL_AREA_STYLE('',(#2220));
#2130=FILL_AREA_STYLE('',(#2221));
#2131=FILL_AREA_STYLE('',(#2222));
#2132=FILL_AREA_STYLE('',(#2223));
#2133=FILL_AREA_STYLE('',(#2224));
#2134=FILL_AREA_STYLE('',(#2225));
#2135=FILL_AREA_STYLE('',(#2226));
#2136=FILL_AREA_STYLE('',(#2227));
#2137=FILL_AREA_STYLE('',(#2228));
#2138=FILL_AREA_STYLE('',(#2229));
#2139=FILL_AREA_STYLE('',(#2230));
#2140=FILL_AREA_STYLE('',(#2231));
#2141=FILL_AREA_STYLE('',(#2232));
#2142=FILL_AREA_STYLE('',(#2233));
#2143=FILL_AREA_STYLE('',(#2234));
#2144=FILL_AREA_STYLE('',(#2235));
#2145=FILL_AREA_STYLE('',(#2236));
#2146=FILL_AREA_STYLE('',(#2237));
#2147=FILL_AREA_STYLE('',(#2238));
#2148=FILL_AREA_STYLE('',(#2239));
#2149=FILL_AREA_STYLE('',(#2240));
#2150=FILL_AREA_STYLE('',(#2241));
#2151=FILL_AREA_STYLE('',(#2242));
#2152=FILL_AREA_STYLE('',(#2243));
#2153=FILL_AREA_STYLE('',(#2244));
#2154=FILL_AREA_STYLE('',(#2245));
#2155=FILL_AREA_STYLE('',(#2246));
#2156=FILL_AREA_STYLE_COLOUR('',#2247);
#2157=FILL_AREA_STYLE_COLOUR('',#2247);
#2158=FILL_AREA_STYLE_COLOUR('',#2248);
#2159=FILL_AREA_STYLE_COLOUR('',#2248);
#2160=FILL_AREA_STYLE_COLOUR('',#2248);
#2161=FILL_AREA_STYLE_COLOUR('',#2248);
#2162=FILL_AREA_STYLE_COLOUR('',#2248);
#2163=FILL_AREA_STYLE_COLOUR('',#2248);
#2164=FILL_AREA_STYLE_COLOUR('',#2248);
#2165=FILL_AREA_STYLE_COLOUR('',#2248);
#2166=FILL_AREA_STYLE_COLOUR('',#2248);
#2167=FILL_AREA_STYLE_COLOUR('',#2248);
#2168=FILL_AREA_STYLE_COLOUR('',#2248);
#2169=FILL_AREA_STYLE_COLOUR('',#2248);
#2170=FILL_AREA_STYLE_COLOUR('',#2248);
#2171=FILL_AREA_STYLE_COLOUR('',#2248);
#2172=FILL_AREA_STYLE_COLOUR('',#2247);
#2173=FILL_AREA_STYLE_COLOUR('',#2248);
#2174=FILL_AREA_STYLE_COLOUR('',#2248);
#2175=FILL_AREA_STYLE_COLOUR('',#2248);
#2176=FILL_AREA_STYLE_COLOUR('',#2248);
#2177=FILL_AREA_STYLE_COLOUR('',#2248);
#2178=FILL_AREA_STYLE_COLOUR('',#2248);
#2179=FILL_AREA_STYLE_COLOUR('',#2248);
#2180=FILL_AREA_STYLE_COLOUR('',#2248);
#2181=FILL_AREA_STYLE_COLOUR('',#2248);
#2182=FILL_AREA_STYLE_COLOUR('',#2248);
#2183=FILL_AREA_STYLE_COLOUR('',#2248);
#2184=FILL_AREA_STYLE_COLOUR('',#2248);
#2185=FILL_AREA_STYLE_COLOUR('',#2248);
#2186=FILL_AREA_STYLE_COLOUR('',#2248);
#2187=FILL_AREA_STYLE_COLOUR('',#2248);
#2188=FILL_AREA_STYLE_COLOUR('',#2248);
#2189=FILL_AREA_STYLE_COLOUR('',#2248);
#2190=FILL_AREA_STYLE_COLOUR('',#2248);
#2191=FILL_AREA_STYLE_COLOUR('',#2248);
#2192=FILL_AREA_STYLE_COLOUR('',#2248);
#2193=FILL_AREA_STYLE_COLOUR('',#2248);
#2194=FILL_AREA_STYLE_COLOUR('',#2248);
#2195=FILL_AREA_STYLE_COLOUR('',#2248);
#2196=FILL_AREA_STYLE_COLOUR('',#2248);
#2197=FILL_AREA_STYLE_COLOUR('',#2248);
#2198=FILL_AREA_STYLE_COLOUR('',#2247);
#2199=FILL_AREA_STYLE_COLOUR('',#2247);
#2200=FILL_AREA_STYLE_COLOUR('',#2248);
#2201=FILL_AREA_STYLE_COLOUR('',#2248);
#2202=FILL_AREA_STYLE_COLOUR('',#2248);
#2203=FILL_AREA_STYLE_COLOUR('',#2248);
#2204=FILL_AREA_STYLE_COLOUR('',#2248);
#2205=FILL_AREA_STYLE_COLOUR('',#2248);
#2206=FILL_AREA_STYLE_COLOUR('',#2248);
#2207=FILL_AREA_STYLE_COLOUR('',#2248);
#2208=FILL_AREA_STYLE_COLOUR('',#2248);
#2209=FILL_AREA_STYLE_COLOUR('',#2248);
#2210=FILL_AREA_STYLE_COLOUR('',#2248);
#2211=FILL_AREA_STYLE_COLOUR('',#2248);
#2212=FILL_AREA_STYLE_COLOUR('',#2248);
#2213=FILL_AREA_STYLE_COLOUR('',#2248);
#2214=FILL_AREA_STYLE_COLOUR('',#2248);
#2215=FILL_AREA_STYLE_COLOUR('',#2248);
#2216=FILL_AREA_STYLE_COLOUR('',#2248);
#2217=FILL_AREA_STYLE_COLOUR('',#2248);
#2218=FILL_AREA_STYLE_COLOUR('',#2248);
#2219=FILL_AREA_STYLE_COLOUR('',#2248);
#2220=FILL_AREA_STYLE_COLOUR('',#2248);
#2221=FILL_AREA_STYLE_COLOUR('',#2248);
#2222=FILL_AREA_STYLE_COLOUR('',#2248);
#2223=FILL_AREA_STYLE_COLOUR('',#2248);
#2224=FILL_AREA_STYLE_COLOUR('',#2248);
#2225=FILL_AREA_STYLE_COLOUR('',#2248);
#2226=FILL_AREA_STYLE_COLOUR('',#2248);
#2227=FILL_AREA_STYLE_COLOUR('',#2248);
#2228=FILL_AREA_STYLE_COLOUR('',#2248);
#2229=FILL_AREA_STYLE_COLOUR('',#2247);
#2230=FILL_AREA_STYLE_COLOUR('',#2247);
#2231=FILL_AREA_STYLE_COLOUR('',#2247);
#2232=FILL_AREA_STYLE_COLOUR('',#2247);
#2233=FILL_AREA_STYLE_COLOUR('',#2247);
#2234=FILL_AREA_STYLE_COLOUR('',#2247);
#2235=FILL_AREA_STYLE_COLOUR('',#2249);
#2236=FILL_AREA_STYLE_COLOUR('',#2249);
#2237=FILL_AREA_STYLE_COLOUR('',#2249);
#2238=FILL_AREA_STYLE_COLOUR('',#2249);
#2239=FILL_AREA_STYLE_COLOUR('',#2249);
#2240=FILL_AREA_STYLE_COLOUR('',#2250);
#2241=FILL_AREA_STYLE_COLOUR('',#2247);
#2242=FILL_AREA_STYLE_COLOUR('',#2247);
#2243=FILL_AREA_STYLE_COLOUR('',#2247);
#2244=FILL_AREA_STYLE_COLOUR('',#2247);
#2245=FILL_AREA_STYLE_COLOUR('',#2247);
#2246=FILL_AREA_STYLE_COLOUR('',#2247);
#2247=COLOUR_RGB('',0.200000002980232,0.200000002980232,0.200000002980232);
#2248=COLOUR_RGB('',0.699999988079071,0.699999988079071,0.699999988079071);
#2249=COLOUR_RGB('',0.506983280181885,0.531564235687256,0.550000011920929);
#2250=COLOUR_RGB('',0.550000011920929,0.311243504285812,0.21841649711132);
#2251=ADVANCED_FACE('',(#1444),#1539,.F.);
#2252=ADVANCED_FACE('',(#1445,#1446),#1540,.T.);
#2253=ADVANCED_FACE('',(#1447),#72,.T.);
#2254=ADVANCED_FACE('',(#1448),#73,.T.);
#2255=ADVANCED_FACE('',(#1449),#1541,.F.);
#2256=ADVANCED_FACE('',(#1450),#1542,.F.);
#2257=ADVANCED_FACE('',(#1451),#1543,.F.);
#2258=ADVANCED_FACE('',(#1452),#1544,.F.);
#2259=ADVANCED_FACE('',(#1453),#1545,.T.);
#2260=ADVANCED_FACE('',(#1454),#74,.T.);
#2261=ADVANCED_FACE('',(#1455),#75,.T.);
#2262=ADVANCED_FACE('',(#1456),#1546,.F.);
#2263=ADVANCED_FACE('',(#1457),#1547,.F.);
#2264=ADVANCED_FACE('',(#1458),#1548,.F.);
#2265=ADVANCED_FACE('',(#1459),#1549,.F.);
#2266=ADVANCED_FACE('',(#1460),#1550,.T.);
#2267=ADVANCED_FACE('',(#1461,#1462,#1463,#1464),#1551,.F.);
#2268=ADVANCED_FACE('',(#1465),#1552,.F.);
#2269=ADVANCED_FACE('',(#1466),#1553,.T.);
#2270=ADVANCED_FACE('',(#1467),#1554,.T.);
#2271=ADVANCED_FACE('',(#1468),#1555,.F.);
#2272=ADVANCED_FACE('',(#1469),#1556,.T.);
#2273=ADVANCED_FACE('',(#1470),#1557,.F.);
#2274=ADVANCED_FACE('',(#1471),#1558,.F.);
#2275=ADVANCED_FACE('',(#1472),#1559,.T.);
#2276=ADVANCED_FACE('',(#1473),#1560,.T.);
#2277=ADVANCED_FACE('',(#1474),#1561,.T.);
#2278=ADVANCED_FACE('',(#1475),#1562,.F.);
#2279=ADVANCED_FACE('',(#1476),#76,.T.);
#2280=ADVANCED_FACE('',(#1477),#77,.T.);
#2281=ADVANCED_FACE('',(#1478),#78,.T.);
#2282=ADVANCED_FACE('',(#1479),#1563,.F.);
#2283=ADVANCED_FACE('',(#1480),#79,.T.);
#2284=ADVANCED_FACE('',(#1481),#1564,.T.);
#2285=ADVANCED_FACE('',(#1482),#1565,.T.);
#2286=ADVANCED_FACE('',(#1483),#1566,.T.);
#2287=ADVANCED_FACE('',(#1484),#1567,.T.);
#2288=ADVANCED_FACE('',(#1485),#1568,.T.);
#2289=ADVANCED_FACE('',(#1486),#1569,.T.);
#2290=ADVANCED_FACE('',(#1487),#1570,.T.);
#2291=ADVANCED_FACE('',(#1488),#1571,.T.);
#2292=ADVANCED_FACE('',(#1489),#1572,.T.);
#2293=ADVANCED_FACE('',(#1490),#1573,.T.);
#2294=ADVANCED_FACE('',(#1491),#1574,.T.);
#2295=ADVANCED_FACE('',(#1492),#1575,.F.);
#2296=ADVANCED_FACE('',(#1493),#1576,.F.);
#2297=ADVANCED_FACE('',(#1494),#80,.T.);
#2298=ADVANCED_FACE('',(#1495),#1577,.F.);
#2299=ADVANCED_FACE('',(#1496),#81,.T.);
#2300=ADVANCED_FACE('',(#1497),#1578,.F.);
#2301=ADVANCED_FACE('',(#1498),#82,.T.);
#2302=ADVANCED_FACE('',(#1499),#1579,.T.);
#2303=ADVANCED_FACE('',(#1500),#83,.T.);
#2304=ADVANCED_FACE('',(#1501),#1580,.T.);
#2305=ADVANCED_FACE('',(#1502),#84,.T.);
#2306=ADVANCED_FACE('',(#1503),#1581,.T.);
#2307=ADVANCED_FACE('',(#1504),#85,.T.);
#2308=ADVANCED_FACE('',(#1505),#1582,.T.);
#2309=ADVANCED_FACE('',(#1506),#1583,.T.);
#2310=ADVANCED_FACE('',(#1507),#86,.F.);
#2311=ADVANCED_FACE('',(#1508),#87,.F.);
#2312=ADVANCED_FACE('',(#1509),#1584,.F.);
#2313=ADVANCED_FACE('',(#1510),#88,.F.);
#2314=ADVANCED_FACE('',(#1511),#1585,.F.);
#2315=ADVANCED_FACE('',(#1512),#1586,.T.);
#2316=ADVANCED_FACE('',(#1513),#89,.F.);
#2317=ADVANCED_FACE('',(#1514),#1587,.F.);
#2318=ADVANCED_FACE('',(#1515),#1588,.F.);
#2319=ADVANCED_FACE('',(#1516),#1589,.F.);
#2320=ADVANCED_FACE('',(#1517),#1590,.F.);
#2321=ADVANCED_FACE('',(#1518),#1591,.T.);
#2322=ADVANCED_FACE('',(#1519),#90,.T.);
#2323=ADVANCED_FACE('',(#1520),#91,.T.);
#2324=ADVANCED_FACE('',(#1521),#1592,.F.);
#2325=ADVANCED_FACE('',(#1522),#1593,.F.);
#2326=ADVANCED_FACE('',(#1523),#1594,.F.);
#2327=ADVANCED_FACE('',(#1524),#1595,.F.);
#2328=ADVANCED_FACE('',(#1525),#1596,.F.);
#2329=ADVANCED_FACE('',(#1526),#1597,.F.);
#2330=ADVANCED_FACE('',(#1527),#1598,.T.);
#2331=ADVANCED_FACE('',(#1528),#1599,.T.);
#2332=ADVANCED_FACE('',(#1529),#1600,.T.);
#2333=ADVANCED_FACE('',(#1530),#1601,.T.);
#2334=ADVANCED_FACE('',(#1531),#1602,.F.);
#2335=ADVANCED_FACE('',(#1532),#1603,.T.);
#2336=ADVANCED_FACE('',(#1533),#1604,.F.);
#2337=ADVANCED_FACE('',(#1534),#1605,.F.);
#2338=ADVANCED_FACE('',(#1535),#1606,.F.);
#2339=ADVANCED_FACE('',(#1536),#1607,.F.);
#2340=ADVANCED_FACE('',(#1537),#1608,.F.);
#2341=ADVANCED_FACE('',(#1538),#1609,.F.);
#2342=CLOSED_SHELL('',(#2251,#2252,#2253,#2254,#2255,#2256,#2257,#2258,
#2259,#2260,#2261,#2262,#2263,#2264,#2265,#2266,#2267,#2268,#2269,#2270,
#2271,#2272,#2273,#2274,#2275,#2276,#2277,#2278,#2279,#2280,#2281,#2282,
#2283,#2284,#2285,#2286,#2287,#2288,#2289,#2290,#2291,#2292,#2293,#2294,
#2295,#2296,#2297,#2298,#2299,#2300,#2301,#2302,#2303,#2304,#2305,#2306,
#2307,#2308,#2309,#2310,#2311,#2312,#2313,#2314,#2315,#2316,#2317,#2318,
#2319,#2320,#2321,#2322,#2323,#2324,#2325,#2326,#2327,#2328,#2329,#2330,
#2331,#2332,#2333,#2334,#2335,#2336,#2337,#2338,#2339,#2340,#2341));
#2343=MANIFOLD_SOLID_BREP('',#2342);
#2344=SHAPE_DEFINITION_REPRESENTATION(#3462,#2345);
#2345=SHAPE_REPRESENTATION('SLW-864574-5A-RA-N-D',(#2346),#3457);
#2346=AXIS2_PLACEMENT_3D('',#2967,#2490,#2491);
#2347=AXIS2_PLACEMENT_3D('',#2968,#2492,#2493);
#2348=AXIS2_PLACEMENT_3D('',#2977,#2498,#2499);
#2349=AXIS2_PLACEMENT_3D('',#2991,#2507,#2508);
#2350=AXIS2_PLACEMENT_3D('',#2992,#2509,#2510);
#2351=AXIS2_PLACEMENT_3D('',#2997,#2512,#2513);
#2352=AXIS2_PLACEMENT_3D('',#3000,#2515,#2516);
#2353=AXIS2_PLACEMENT_3D('',#3001,#2517,#2518);
#2354=AXIS2_PLACEMENT_3D('',#3006,#2520,#2521);
#2355=AXIS2_PLACEMENT_3D('',#3009,#2523,#2524);
#2356=AXIS2_PLACEMENT_3D('',#3016,#2529,#2530);
#2357=AXIS2_PLACEMENT_3D('',#3020,#2533,#2534);
#2358=AXIS2_PLACEMENT_3D('',#3025,#2538,#2539);
#2359=AXIS2_PLACEMENT_3D('',#3027,#2541,#2542);
#2360=AXIS2_PLACEMENT_3D('',#3028,#2543,#2544);
#2361=AXIS2_PLACEMENT_3D('',#3029,#2545,#2546);
#2362=AXIS2_PLACEMENT_3D('',#3034,#2548,#2549);
#2363=AXIS2_PLACEMENT_3D('',#3037,#2551,#2552);
#2364=AXIS2_PLACEMENT_3D('',#3038,#2553,#2554);
#2365=AXIS2_PLACEMENT_3D('',#3043,#2556,#2557);
#2366=AXIS2_PLACEMENT_3D('',#3046,#2559,#2560);
#2367=AXIS2_PLACEMENT_3D('',#3053,#2565,#2566);
#2368=AXIS2_PLACEMENT_3D('',#3057,#2569,#2570);
#2369=AXIS2_PLACEMENT_3D('',#3062,#2574,#2575);
#2370=AXIS2_PLACEMENT_3D('',#3064,#2577,#2578);
#2371=AXIS2_PLACEMENT_3D('',#3065,#2579,#2580);
#2372=AXIS2_PLACEMENT_3D('',#3098,#2597,#2598);
#2373=AXIS2_PLACEMENT_3D('',#3104,#2601,#2602);
#2374=AXIS2_PLACEMENT_3D('',#3108,#2604,#2605);
#2375=AXIS2_PLACEMENT_3D('',#3112,#2607,#2608);
#2376=AXIS2_PLACEMENT_3D('',#3116,#2610,#2611);
#2377=AXIS2_PLACEMENT_3D('',#3120,#2613,#2614);
#2378=AXIS2_PLACEMENT_3D('',#3127,#2618,#2619);
#2379=AXIS2_PLACEMENT_3D('',#3128,#2620,#2621);
#2380=AXIS2_PLACEMENT_3D('',#3132,#2623,#2624);
#2381=AXIS2_PLACEMENT_3D('',#3136,#2626,#2627);
#2382=AXIS2_PLACEMENT_3D('',#3140,#2629,#2630);
#2383=AXIS2_PLACEMENT_3D('',#3144,#2632,#2633);
#2384=AXIS2_PLACEMENT_3D('',#3145,#2634,#2635);
#2385=AXIS2_PLACEMENT_3D('',#3146,#2636,#2637);
#2386=AXIS2_PLACEMENT_3D('',#3151,#2640,#2641);
#2387=AXIS2_PLACEMENT_3D('',#3173,#2653,#2654);
#2388=AXIS2_PLACEMENT_3D('',#3174,#2655,#2656);
#2389=AXIS2_PLACEMENT_3D('',#3176,#2658,#2659);
#2390=AXIS2_PLACEMENT_3D('',#3203,#2674,#2675);
#2391=AXIS2_PLACEMENT_3D('',#3209,#2679,#2680);
#2392=AXIS2_PLACEMENT_3D('',#3213,#2682,#2683);
#2393=AXIS2_PLACEMENT_3D('',#3217,#2685,#2686);
#2394=AXIS2_PLACEMENT_3D('',#3221,#2688,#2689);
#2395=AXIS2_PLACEMENT_3D('',#3225,#2691,#2692);
#2396=AXIS2_PLACEMENT_3D('',#3226,#2693,#2694);
#2397=AXIS2_PLACEMENT_3D('',#3227,#2695,#2696);
#2398=AXIS2_PLACEMENT_3D('',#3231,#2698,#2699);
#2399=AXIS2_PLACEMENT_3D('',#3235,#2701,#2702);
#2400=AXIS2_PLACEMENT_3D('',#3239,#2704,#2705);
#2401=AXIS2_PLACEMENT_3D('',#3243,#2707,#2708);
#2402=AXIS2_PLACEMENT_3D('',#3244,#2709,#2710);
#2403=AXIS2_PLACEMENT_3D('',#3245,#2711,#2712);
#2404=AXIS2_PLACEMENT_3D('',#3247,#2714,#2715);
#2405=AXIS2_PLACEMENT_3D('',#3248,#2716,#2717);
#2406=AXIS2_PLACEMENT_3D('',#3250,#2719,#2720);
#2407=AXIS2_PLACEMENT_3D('',#3269,#2731,#2732);
#2408=AXIS2_PLACEMENT_3D('',#3270,#2733,#2734);
#2409=AXIS2_PLACEMENT_3D('',#3272,#2735,#2736);
#2410=AXIS2_PLACEMENT_3D('',#3276,#2738,#2739);
#2411=AXIS2_PLACEMENT_3D('',#3278,#2740,#2741);
#2412=AXIS2_PLACEMENT_3D('',#3279,#2742,#2743);
#2413=AXIS2_PLACEMENT_3D('',#3280,#2744,#2745);
#2414=AXIS2_PLACEMENT_3D('',#3281,#2746,#2747);
#2415=AXIS2_PLACEMENT_3D('',#3283,#2748,#2749);
#2416=AXIS2_PLACEMENT_3D('',#3286,#2751,#2752);
#2417=AXIS2_PLACEMENT_3D('',#3287,#2753,#2754);
#2418=AXIS2_PLACEMENT_3D('',#3290,#2756,#2757);
#2419=AXIS2_PLACEMENT_3D('',#3292,#2758,#2759);
#2420=AXIS2_PLACEMENT_3D('',#3293,#2760,#2761);
#2421=AXIS2_PLACEMENT_3D('',#3299,#2765,#2766);
#2422=AXIS2_PLACEMENT_3D('',#3300,#2767,#2768);
#2423=AXIS2_PLACEMENT_3D('',#3302,#2770,#2771);
#2424=AXIS2_PLACEMENT_3D('',#3303,#2772,#2773);
#2425=AXIS2_PLACEMENT_3D('',#3304,#2774,#2775);
#2426=AXIS2_PLACEMENT_3D('',#3306,#2777,#2778);
#2427=AXIS2_PLACEMENT_3D('',#3307,#2779,#2780);
#2428=AXIS2_PLACEMENT_3D('',#3309,#2782,#2783);
#2429=AXIS2_PLACEMENT_3D('',#3310,#2784,#2785);
#2430=AXIS2_PLACEMENT_3D('',#3312,#2787,#2788);
#2431=AXIS2_PLACEMENT_3D('',#3313,#2789,#2790);
#2432=AXIS2_PLACEMENT_3D('',#3315,#2792,#2793);
#2433=AXIS2_PLACEMENT_3D('',#3316,#2794,#2795);
#2434=AXIS2_PLACEMENT_3D('',#3317,#2796,#2797);
#2435=AXIS2_PLACEMENT_3D('',#3318,#2798,#2799);
#2436=AXIS2_PLACEMENT_3D('',#3321,#2802,#2803);
#2437=AXIS2_PLACEMENT_3D('',#3324,#2806,#2807);
#2438=AXIS2_PLACEMENT_3D('',#3326,#2809,#2810);
#2439=AXIS2_PLACEMENT_3D('',#3328,#2812,#2813);
#2440=AXIS2_PLACEMENT_3D('',#3330,#2815,#2816);
#2441=AXIS2_PLACEMENT_3D('',#3332,#2818,#2819);
#2442=AXIS2_PLACEMENT_3D('',#3333,#2820,#2821);
#2443=AXIS2_PLACEMENT_3D('',#3336,#2824,#2825);
#2444=AXIS2_PLACEMENT_3D('',#3338,#2827,#2828);
#2445=AXIS2_PLACEMENT_3D('',#3340,#2830,#2831);
#2446=AXIS2_PLACEMENT_3D('',#3342,#2833,#2834);
#2447=AXIS2_PLACEMENT_3D('',#3344,#2836,#2837);
#2448=AXIS2_PLACEMENT_3D('',#3346,#2839,#2840);
#2449=AXIS2_PLACEMENT_3D('',#3348,#2842,#2843);
#2450=AXIS2_PLACEMENT_3D('',#3349,#2844,#2845);
#2451=AXIS2_PLACEMENT_3D('',#3350,#2846,#2847);
#2452=AXIS2_PLACEMENT_3D('',#3351,#2848,#2849);
#2453=AXIS2_PLACEMENT_3D('',#3352,#2850,#2851);
#2454=AXIS2_PLACEMENT_3D('',#3353,#2852,#2853);
#2455=AXIS2_PLACEMENT_3D('',#3354,#2854,#2855);
#2456=AXIS2_PLACEMENT_3D('',#3355,#2856,#2857);
#2457=AXIS2_PLACEMENT_3D('',#3356,#2858,#2859);
#2458=AXIS2_PLACEMENT_3D('',#3357,#2860,#2861);
#2459=AXIS2_PLACEMENT_3D('',#3358,#2862,#2863);
#2460=AXIS2_PLACEMENT_3D('',#3359,#2864,#2865);
#2461=AXIS2_PLACEMENT_3D('',#3360,#2866,#2867);
#2462=AXIS2_PLACEMENT_3D('',#3364,#2869,#2870);
#2463=AXIS2_PLACEMENT_3D('',#3369,#2873,#2874);
#2464=AXIS2_PLACEMENT_3D('',#3370,#2875,#2876);
#2465=AXIS2_PLACEMENT_3D('',#3374,#2879,#2880);
#2466=AXIS2_PLACEMENT_3D('',#3377,#2882,#2883);
#2467=AXIS2_PLACEMENT_3D('',#3381,#2885,#2886);
#2468=AXIS2_PLACEMENT_3D('',#3382,#2887,#2888);
#2469=AXIS2_PLACEMENT_3D('',#3384,#2890,#2891);
#2470=AXIS2_PLACEMENT_3D('',#3387,#2894,#2895);
#2471=AXIS2_PLACEMENT_3D('',#3388,#2896,#2897);
#2472=AXIS2_PLACEMENT_3D('',#3389,#2898,#2899);
#2473=AXIS2_PLACEMENT_3D('',#3394,#2903,#2904);
#2474=AXIS2_PLACEMENT_3D('',#3396,#2906,#2907);
#2475=AXIS2_PLACEMENT_3D('',#3400,#2910,#2911);
#2476=AXIS2_PLACEMENT_3D('',#3414,#2919,#2920);
#2477=AXIS2_PLACEMENT_3D('',#3418,#2923,#2924);
#2478=AXIS2_PLACEMENT_3D('',#3430,#2931,#2932);
#2479=AXIS2_PLACEMENT_3D('',#3434,#2935,#2936);
#2480=AXIS2_PLACEMENT_3D('',#3436,#2938,#2939);
#2481=AXIS2_PLACEMENT_3D('',#3440,#2942,#2943);
#2482=AXIS2_PLACEMENT_3D('',#3442,#2945,#2946);
#2483=AXIS2_PLACEMENT_3D('',#3444,#2948,#2949);
#2484=AXIS2_PLACEMENT_3D('',#3445,#2950,#2951);
#2485=AXIS2_PLACEMENT_3D('',#3448,#2954,#2955);
#2486=AXIS2_PLACEMENT_3D('',#3450,#2957,#2958);
#2487=AXIS2_PLACEMENT_3D('',#3452,#2960,#2961);
#2488=AXIS2_PLACEMENT_3D('',#3454,#2963,#2964);
#2489=AXIS2_PLACEMENT_3D('',#3455,#2965,#2966);
#2490=DIRECTION('',(0.,0.,1.));
#2491=DIRECTION('',(1.,0.,0.));
#2492=DIRECTION('',(1.,0.,0.));
#2493=DIRECTION('',(0.,0.,-1.));
#2494=DIRECTION('',(0.,0.,-1.));
#2495=DIRECTION('',(0.,1.,0.));
#2496=DIRECTION('',(0.,0.,-1.));
#2497=DIRECTION('',(0.,1.,0.));
#2498=DIRECTION('',(0.,-1.,0.));
#2499=DIRECTION('',(0.,0.,-1.));
#2500=DIRECTION('',(0.,0.,1.));
#2501=DIRECTION('',(1.,0.,1.0842021724855E-16));
#2502=DIRECTION('',(-1.,0.,0.));
#2503=DIRECTION('',(0.,0.,-1.));
#2504=DIRECTION('',(-1.,0.,0.));
#2505=DIRECTION('',(0.,0.,1.));
#2506=DIRECTION('',(-1.,0.,0.));
#2507=DIRECTION('',(0.,1.,0.));
#2508=DIRECTION('',(0.,0.,1.));
#2509=DIRECTION('',(1.0842021724855E-16,-1.,0.));
#2510=DIRECTION('',(1.,1.0842021724855E-16,0.));
#2511=DIRECTION('',(0.,-1.,0.));
#2512=DIRECTION('',(-1.0842021724855E-16,1.,0.));
#2513=DIRECTION('',(-1.,-1.0842021724855E-16,0.));
#2514=DIRECTION('',(0.,-1.,0.));
#2515=DIRECTION('',(0.,-1.,0.));
#2516=DIRECTION('',(0.,0.,-1.));
#2517=DIRECTION('',(-1.0842021724855E-16,1.,0.));
#2518=DIRECTION('',(-1.,-1.0842021724855E-16,0.));
#2519=DIRECTION('',(0.,1.,0.));
#2520=DIRECTION('',(1.0842021724855E-16,-1.,0.));
#2521=DIRECTION('',(1.,1.0842021724855E-16,0.));
#2522=DIRECTION('',(0.,1.,0.));
#2523=DIRECTION('',(1.0842021724855E-16,-1.,0.));
#2524=DIRECTION('',(1.,1.0842021724855E-16,0.));
#2525=DIRECTION('',(1.,1.0842021724855E-16,0.));
#2526=DIRECTION('',(0.,0.,1.));
#2527=DIRECTION('',(1.,1.0842021724855E-16,0.));
#2528=DIRECTION('',(0.,0.,1.));
#2529=DIRECTION('',(-1.,0.,0.));
#2530=DIRECTION('',(0.,0.,1.));
#2531=DIRECTION('',(0.,0.,1.));
#2532=DIRECTION('',(0.,-1.,0.));
#2533=DIRECTION('',(-1.0842021724855E-16,1.,0.));
#2534=DIRECTION('',(-1.,-1.0842021724855E-16,0.));
#2535=DIRECTION('',(0.,0.,1.));
#2536=DIRECTION('',(-1.,-1.0842021724855E-16,0.));
#2537=DIRECTION('',(-1.,-1.0842021724855E-16,0.));
#2538=DIRECTION('',(1.,0.,0.));
#2539=DIRECTION('',(0.,0.,-1.));
#2540=DIRECTION('',(0.,1.,0.));
#2541=DIRECTION('',(0.,0.,-1.));
#2542=DIRECTION('',(-1.,0.,0.));
#2543=DIRECTION('',(0.,1.,0.));
#2544=DIRECTION('',(0.,0.,1.));
#2545=DIRECTION('',(1.0842021724855E-16,-1.,0.));
#2546=DIRECTION('',(1.,1.0842021724855E-16,0.));
#2547=DIRECTION('',(0.,-1.,0.));
#2548=DIRECTION('',(-1.0842021724855E-16,1.,0.));
#2549=DIRECTION('',(-1.,-1.0842021724855E-16,0.));
#2550=DIRECTION('',(0.,-1.,0.));
#2551=DIRECTION('',(0.,-1.,0.));
#2552=DIRECTION('',(0.,0.,-1.));
#2553=DIRECTION('',(-1.0842021724855E-16,1.,0.));
#2554=DIRECTION('',(-1.,-1.0842021724855E-16,0.));
#2555=DIRECTION('',(0.,1.,0.));
#2556=DIRECTION('',(1.0842021724855E-16,-1.,0.));
#2557=DIRECTION('',(1.,1.0842021724855E-16,0.));
#2558=DIRECTION('',(0.,1.,0.));
#2559=DIRECTION('',(1.0842021724855E-16,-1.,0.));
#2560=DIRECTION('',(1.,1.0842021724855E-16,0.));
#2561=DIRECTION('',(1.,1.0842021724855E-16,0.));
#2562=DIRECTION('',(0.,0.,1.));
#2563=DIRECTION('',(1.,1.0842021724855E-16,0.));
#2564=DIRECTION('',(0.,0.,1.));
#2565=DIRECTION('',(-1.,0.,0.));
#2566=DIRECTION('',(0.,0.,1.));
#2567=DIRECTION('',(0.,0.,1.));
#2568=DIRECTION('',(0.,-1.,0.));
#2569=DIRECTION('',(-1.0842021724855E-16,1.,0.));
#2570=DIRECTION('',(-1.,-1.0842021724855E-16,0.));
#2571=DIRECTION('',(0.,0.,1.));
#2572=DIRECTION('',(-1.,-1.0842021724855E-16,0.));
#2573=DIRECTION('',(-1.,-1.0842021724855E-16,0.));
#2574=DIRECTION('',(1.,0.,0.));
#2575=DIRECTION('',(0.,0.,-1.));
#2576=DIRECTION('',(0.,1.,0.));
#2577=DIRECTION('',(0.,0.,-1.));
#2578=DIRECTION('',(-1.,0.,0.));
#2579=DIRECTION('',(0.,0.,1.));
#2580=DIRECTION('',(1.,0.,0.));
#2581=DIRECTION('',(-2.25898983745287E-16,-1.,0.));
#2582=DIRECTION('',(-1.,0.,0.));
#2583=DIRECTION('',(-2.25898983745287E-16,1.,0.));
#2584=DIRECTION('',(-2.25898983745287E-16,1.,0.));
#2585=DIRECTION('',(-2.25898983745287E-16,1.,0.));
#2586=DIRECTION('',(-2.25898983745287E-16,1.,0.));
#2587=DIRECTION('',(-2.25898983745287E-16,1.,0.));
#2588=DIRECTION('',(1.,0.,0.));
#2589=DIRECTION('',(-2.25898983745287E-16,-1.,0.));
#2590=DIRECTION('',(-2.25898983745287E-16,-1.,0.));
#2591=DIRECTION('',(-2.25898983745287E-16,-1.,0.));
#2592=DIRECTION('',(-2.25898983745287E-16,-1.,0.));
#2593=DIRECTION('',(1.,1.0842021724855E-16,0.));
#2594=DIRECTION('',(0.,1.,0.));
#2595=DIRECTION('',(-1.,-1.0842021724855E-16,0.));
#2596=DIRECTION('',(0.,-1.,0.));
#2597=DIRECTION('',(-1.,0.,0.));
#2598=DIRECTION('',(0.,0.,1.));
#2599=DIRECTION('',(0.,0.,-1.));
#2600=DIRECTION('',(0.,1.,0.));
#2601=DIRECTION('',(1.,0.,0.));
#2602=DIRECTION('',(0.,1.,0.));
#2603=DIRECTION('',(0.,0.161750611817367,0.986831667295242));
#2604=DIRECTION('',(-1.,0.,0.));
#2605=DIRECTION('',(0.,1.,0.));
#2606=DIRECTION('',(0.,-0.268602380574419,0.963251141265742));
#2607=DIRECTION('',(-1.,0.,0.));
#2608=DIRECTION('',(0.,1.,0.));
#2609=DIRECTION('',(0.,-0.268602380574419,-0.963251141265742));
#2610=DIRECTION('',(-1.,0.,0.));
#2611=DIRECTION('',(0.,-1.,0.));
#2612=DIRECTION('',(0.,0.161750611817367,-0.986831667295242));
#2613=DIRECTION('',(-1.,0.,0.));
#2614=DIRECTION('',(0.,1.,0.));
#2615=DIRECTION('',(0.,1.,0.));
#2616=DIRECTION('',(0.,0.,-1.));
#2617=DIRECTION('',(0.,1.,0.));
#2618=DIRECTION('',(-1.,-2.25898983745287E-16,0.));
#2619=DIRECTION('',(2.25898983745287E-16,-1.,0.));
#2620=DIRECTION('',(-1.,0.,0.));
#2621=DIRECTION('',(0.,1.,0.));
#2622=DIRECTION('',(0.,0.161750611817367,-0.986831667295242));
#2623=DIRECTION('',(-1.,0.,0.));
#2624=DIRECTION('',(0.,0.,1.));
#2625=DIRECTION('',(0.,-0.268602380574418,-0.963251141265743));
#2626=DIRECTION('',(-1.,0.,0.));
#2627=DIRECTION('',(0.,0.,1.));
#2628=DIRECTION('',(0.,-0.268602380574419,0.963251141265742));
#2629=DIRECTION('',(-1.,0.,0.));
#2630=DIRECTION('',(0.,0.,1.));
#2631=DIRECTION('',(0.,0.161750611817367,0.986831667295242));
#2632=DIRECTION('',(1.,0.,0.));
#2633=DIRECTION('',(0.,1.,0.));
#2634=DIRECTION('',(-1.,-2.25898983745287E-16,0.));
#2635=DIRECTION('',(2.25898983745287E-16,-1.,0.));
#2636=DIRECTION('',(1.,0.,0.));
#2637=DIRECTION('',(0.,1.,0.));
#2638=DIRECTION('',(-2.25898983745287E-16,1.,0.));
#2639=DIRECTION('',(0.,0.,-1.));
#2640=DIRECTION('',(0.,0.,1.));
#2641=DIRECTION('',(1.,0.,0.));
#2642=DIRECTION('',(1.,0.,0.));
#2643=DIRECTION('',(-2.25898983745287E-16,1.,0.));
#2644=DIRECTION('',(-1.,0.,0.));
#2645=DIRECTION('',(-2.25898983745287E-16,-1.,0.));
#2646=DIRECTION('',(-1.,0.,0.));
#2647=DIRECTION('',(0.,-1.,0.));
#2648=DIRECTION('',(1.,0.,0.));
#2649=DIRECTION('',(0.,1.,0.));
#2650=DIRECTION('',(-1.,0.,0.));
#2651=DIRECTION('',(0.,-1.,0.));
#2652=DIRECTION('',(1.,0.,0.));
#2653=DIRECTION('',(-1.,-2.25898983745287E-16,0.));
#2654=DIRECTION('',(2.25898983745287E-16,-1.,0.));
#2655=DIRECTION('',(-1.,0.,0.));
#2656=DIRECTION('',(0.,1.,0.));
#2657=DIRECTION('',(0.,0.,-1.));
#2658=DIRECTION('',(0.,0.,1.));
#2659=DIRECTION('',(1.,0.,0.));
#2660=DIRECTION('',(1.,0.,0.));
#2661=DIRECTION('',(0.,-1.,0.));
#2662=DIRECTION('',(1.,0.,0.));
#2663=DIRECTION('',(0.,1.,0.));
#2664=DIRECTION('',(-1.,0.,0.));
#2665=DIRECTION('',(0.,-1.,0.));
#2666=DIRECTION('',(-1.,0.,0.));
#2667=DIRECTION('',(-2.25898983745287E-16,-1.,0.));
#2668=DIRECTION('',(1.,0.,0.));
#2669=DIRECTION('',(1.,0.,0.));
#2670=DIRECTION('',(-1.,0.,0.));
#2671=DIRECTION('',(0.,-1.,0.));
#2672=DIRECTION('',(1.,0.,0.));
#2673=DIRECTION('',(0.,-1.,0.));
#2674=DIRECTION('',(1.,0.,0.));
#2675=DIRECTION('',(0.,0.,-1.));
#2676=DIRECTION('',(0.,0.,-1.));
#2677=DIRECTION('',(0.,-1.,0.));
#2678=DIRECTION('',(0.,0.,-1.));
#2679=DIRECTION('',(-1.,0.,0.));
#2680=DIRECTION('',(0.,-1.,0.));
#2681=DIRECTION('',(0.,0.161750611817367,-0.986831667295242));
#2682=DIRECTION('',(-1.,0.,0.));
#2683=DIRECTION('',(0.,-1.,0.));
#2684=DIRECTION('',(0.,-0.268602380574419,-0.963251141265742));
#2685=DIRECTION('',(-1.,0.,0.));
#2686=DIRECTION('',(0.,-1.,0.));
#2687=DIRECTION('',(0.,-0.268602380574419,0.963251141265742));
#2688=DIRECTION('',(-1.,0.,0.));
#2689=DIRECTION('',(0.,1.,0.));
#2690=DIRECTION('',(0.,0.161750611817367,0.986831667295242));
#2691=DIRECTION('',(1.,0.,0.));
#2692=DIRECTION('',(0.,-1.,0.));
#2693=DIRECTION('',(1.,-2.25898983745287E-16,0.));
#2694=DIRECTION('',(2.25898983745287E-16,1.,0.));
#2695=DIRECTION('',(1.,0.,0.));
#2696=DIRECTION('',(0.,-1.,0.));
#2697=DIRECTION('',(0.,0.161750611817367,0.986831667295242));
#2698=DIRECTION('',(-1.,0.,0.));
#2699=DIRECTION('',(0.,1.,0.));
#2700=DIRECTION('',(0.,-0.268602380574419,0.963251141265742));
#2701=DIRECTION('',(-1.,0.,0.));
#2702=DIRECTION('',(0.,-1.,0.));
#2703=DIRECTION('',(0.,-0.268602380574419,-0.963251141265742));
#2704=DIRECTION('',(-1.,0.,0.));
#2705=DIRECTION('',(0.,-1.,0.));
#2706=DIRECTION('',(0.,0.161750611817367,-0.986831667295242));
#2707=DIRECTION('',(-1.,0.,0.));
#2708=DIRECTION('',(0.,-1.,0.));
#2709=DIRECTION('',(1.,-2.25898983745287E-16,0.));
#2710=DIRECTION('',(2.25898983745287E-16,1.,0.));
#2711=DIRECTION('',(1.,0.,0.));
#2712=DIRECTION('',(0.,-1.,0.));
#2713=DIRECTION('',(0.,0.,-1.));
#2714=DIRECTION('',(1.,-2.25898983745287E-16,0.));
#2715=DIRECTION('',(2.25898983745287E-16,1.,0.));
#2716=DIRECTION('',(-1.,0.,0.));
#2717=DIRECTION('',(0.,-1.,0.));
#2718=DIRECTION('',(0.,0.,-1.));
#2719=DIRECTION('',(0.,1.,0.));
#2720=DIRECTION('',(0.,0.,1.));
#2721=DIRECTION('',(1.,0.,0.));
#2722=DIRECTION('',(0.,0.,-1.));
#2723=DIRECTION('',(0.,0.,-1.));
#2724=DIRECTION('',(1.,0.,0.));
#2725=DIRECTION('',(0.,0.,-1.));
#2726=DIRECTION('',(0.,0.,1.));
#2727=DIRECTION('',(1.,0.,0.));
#2728=DIRECTION('',(0.,0.,-1.));
#2729=DIRECTION('',(-1.,0.,0.));
#2730=DIRECTION('',(0.,0.,1.));
#2731=DIRECTION('',(-1.,0.,0.));
#2732=DIRECTION('',(0.,0.,1.));
#2733=DIRECTION('',(1.,0.,0.));
#2734=DIRECTION('',(0.,0.,-1.));
#2735=DIRECTION('',(-0.707106781186547,-0.707106781186547,0.));
#2736=DIRECTION('',(-0.707106781186547,0.707106781186547,0.));
#2737=DIRECTION('',(1.,0.,0.));
#2738=DIRECTION('',(-0.707106781186547,0.707106781186547,0.));
#2739=DIRECTION('',(-0.707106781186547,-0.707106781186547,0.));
#2740=DIRECTION('',(-1.,0.,0.));
#2741=DIRECTION('',(0.,0.,1.));
#2742=DIRECTION('',(0.,-1.,0.));
#2743=DIRECTION('',(0.,0.,-1.));
#2744=DIRECTION('',(0.,-1.,0.));
#2745=DIRECTION('',(0.,0.,-1.));
#2746=DIRECTION('',(0.,1.,0.));
#2747=DIRECTION('',(0.,0.,1.));
#2748=DIRECTION('',(0.707106781186547,-0.707106781186547,0.));
#2749=DIRECTION('',(-0.707106781186547,-0.707106781186547,0.));
#2750=DIRECTION('',(0.,1.,0.));
#2751=DIRECTION('',(0.,1.,0.));
#2752=DIRECTION('',(0.,0.,1.));
#2753=DIRECTION('',(0.,-1.,0.));
#2754=DIRECTION('',(0.,0.,-1.));
#2755=DIRECTION('',(0.,-1.,0.));
#2756=DIRECTION('',(0.707106781186547,0.707106781186547,0.));
#2757=DIRECTION('',(-0.707106781186547,0.707106781186547,0.));
#2758=DIRECTION('',(0.,1.,0.));
#2759=DIRECTION('',(0.,0.,1.));
#2760=DIRECTION('',(0.,-1.,0.));
#2761=DIRECTION('',(0.,0.,-1.));
#2762=DIRECTION('',(0.,0.,-1.));
#2763=DIRECTION('',(-1.,0.,0.));
#2764=DIRECTION('',(0.,0.,-1.));
#2765=DIRECTION('',(1.,0.,0.));
#2766=DIRECTION('',(0.,0.,-1.));
#2767=DIRECTION('',(-1.,0.,0.));
#2768=DIRECTION('',(0.,0.,1.));
#2769=DIRECTION('',(-1.,0.,0.));
#2770=DIRECTION('',(1.,0.,0.));
#2771=DIRECTION('',(0.,0.,-1.));
#2772=DIRECTION('',(0.,0.,1.));
#2773=DIRECTION('',(1.,0.,0.));
#2774=DIRECTION('',(1.,0.,0.));
#2775=DIRECTION('',(0.,0.,-1.));
#2776=DIRECTION('',(0.,0.,-1.));
#2777=DIRECTION('',(0.,1.,0.));
#2778=DIRECTION('',(0.,0.,1.));
#2779=DIRECTION('',(0.,1.,0.));
#2780=DIRECTION('',(0.,0.,1.));
#2781=DIRECTION('',(0.,0.,-1.));
#2782=DIRECTION('',(-1.,0.,0.));
#2783=DIRECTION('',(0.,0.,1.));
#2784=DIRECTION('',(-1.,0.,0.));
#2785=DIRECTION('',(0.,0.,1.));
#2786=DIRECTION('',(0.,0.,-1.));
#2787=DIRECTION('',(0.,-1.,0.));
#2788=DIRECTION('',(0.,0.,-1.));
#2789=DIRECTION('',(0.,-1.,0.));
#2790=DIRECTION('',(0.,0.,-1.));
#2791=DIRECTION('',(0.,0.,-1.));
#2792=DIRECTION('',(1.,0.,0.));
#2793=DIRECTION('',(0.,0.,-1.));
#2794=DIRECTION('',(0.,1.,0.));
#2795=DIRECTION('',(0.,0.,1.));
#2796=DIRECTION('',(0.,-1.,0.));
#2797=DIRECTION('',(0.,0.,-1.));
#2798=DIRECTION('',(0.,0.986831667295242,-0.161750611817367));
#2799=DIRECTION('',(0.,0.161750611817367,0.986831667295242));
#2800=DIRECTION('',(1.,0.,0.));
#2801=DIRECTION('',(1.,0.,0.));
#2802=DIRECTION('',(0.,-0.986831667295242,-0.161750611817367));
#2803=DIRECTION('',(0.,0.161750611817367,-0.986831667295242));
#2804=DIRECTION('',(-1.,0.,0.));
#2805=DIRECTION('',(1.,0.,0.));
#2806=DIRECTION('',(1.,0.,0.));
#2807=DIRECTION('',(0.,0.,-1.));
#2808=DIRECTION('',(1.,0.,0.));
#2809=DIRECTION('',(0.,-0.963251141265742,0.268602380574419));
#2810=DIRECTION('',(0.,-0.268602380574419,-0.963251141265743));
#2811=DIRECTION('',(1.,0.,0.));
#2812=DIRECTION('',(1.,0.,0.));
#2813=DIRECTION('',(0.,0.,-1.));
#2814=DIRECTION('',(1.,0.,0.));
#2815=DIRECTION('',(0.,0.963251141265742,0.268602380574419));
#2816=DIRECTION('',(0.,-0.268602380574419,0.963251141265743));
#2817=DIRECTION('',(1.,0.,0.));
#2818=DIRECTION('',(1.,0.,0.));
#2819=DIRECTION('',(0.,0.,-1.));
#2820=DIRECTION('',(0.,0.986831667295242,0.161750611817367));
#2821=DIRECTION('',(0.,-0.161750611817367,0.986831667295242));
#2822=DIRECTION('',(-1.,0.,0.));
#2823=DIRECTION('',(-1.,0.,0.));
#2824=DIRECTION('',(-1.,0.,0.));
#2825=DIRECTION('',(0.,0.,1.));
#2826=DIRECTION('',(-1.,0.,0.));
#2827=DIRECTION('',(0.,0.963251141265742,-0.268602380574419));
#2828=DIRECTION('',(0.,0.268602380574419,0.963251141265742));
#2829=DIRECTION('',(-1.,0.,0.));
#2830=DIRECTION('',(-1.,0.,0.));
#2831=DIRECTION('',(0.,0.,1.));
#2832=DIRECTION('',(-1.,0.,0.));
#2833=DIRECTION('',(0.,-0.963251141265742,-0.268602380574419));
#2834=DIRECTION('',(0.,0.268602380574419,-0.963251141265742));
#2835=DIRECTION('',(-1.,0.,0.));
#2836=DIRECTION('',(-1.,0.,0.));
#2837=DIRECTION('',(0.,0.,1.));
#2838=DIRECTION('',(1.,0.,0.));
#2839=DIRECTION('',(0.,-0.986831667295242,0.161750611817367));
#2840=DIRECTION('',(0.,-0.161750611817367,-0.986831667295242));
#2841=DIRECTION('',(-1.,0.,0.));
#2842=DIRECTION('',(-1.,0.,0.));
#2843=DIRECTION('',(0.,0.,1.));
#2844=DIRECTION('',(-1.,0.,0.));
#2845=DIRECTION('',(0.,-1.,0.));
#2846=DIRECTION('',(-1.,0.,0.));
#2847=DIRECTION('',(0.,0.,1.));
#2848=DIRECTION('',(-1.,0.,0.));
#2849=DIRECTION('',(0.,0.,1.));
#2850=DIRECTION('',(1.,0.,0.));
#2851=DIRECTION('',(0.,-1.,0.));
#2852=DIRECTION('',(1.,0.,0.));
#2853=DIRECTION('',(0.,0.,-1.));
#2854=DIRECTION('',(1.,0.,0.));
#2855=DIRECTION('',(0.,0.,-1.));
#2856=DIRECTION('',(-1.,0.,0.));
#2857=DIRECTION('',(0.,1.,0.));
#2858=DIRECTION('',(-1.,0.,0.));
#2859=DIRECTION('',(0.,0.,1.));
#2860=DIRECTION('',(1.,0.,0.));
#2861=DIRECTION('',(0.,0.,-1.));
#2862=DIRECTION('',(1.,0.,0.));
#2863=DIRECTION('',(0.,1.,0.));
#2864=DIRECTION('',(1.,0.,0.));
#2865=DIRECTION('',(0.,0.,-1.));
#2866=DIRECTION('',(1.0842021724855E-16,-1.,0.));
#2867=DIRECTION('',(1.,1.0842021724855E-16,0.));
#2868=DIRECTION('',(1.,1.0842021724855E-16,0.));
#2869=DIRECTION('',(1.0842021724855E-16,-1.,0.));
#2870=DIRECTION('',(1.,1.0842021724855E-16,0.));
#2871=DIRECTION('',(0.,0.,1.));
#2872=DIRECTION('',(0.,0.,1.));
#2873=DIRECTION('',(1.0842021724855E-16,-1.,0.));
#2874=DIRECTION('',(1.,1.0842021724855E-16,0.));
#2875=DIRECTION('',(-1.,0.,0.));
#2876=DIRECTION('',(0.,0.,1.));
#2877=DIRECTION('',(0.,0.,1.));
#2878=DIRECTION('',(0.,-1.,0.));
#2879=DIRECTION('',(-1.0842021724855E-16,1.,0.));
#2880=DIRECTION('',(-1.,-1.0842021724855E-16,0.));
#2881=DIRECTION('',(0.,0.,1.));
#2882=DIRECTION('',(-1.0842021724855E-16,1.,0.));
#2883=DIRECTION('',(-1.,-1.0842021724855E-16,0.));
#2884=DIRECTION('',(-1.,-1.0842021724855E-16,0.));
#2885=DIRECTION('',(-1.0842021724855E-16,1.,0.));
#2886=DIRECTION('',(-1.,-1.0842021724855E-16,0.));
#2887=DIRECTION('',(1.,0.,0.));
#2888=DIRECTION('',(0.,0.,-1.));
#2889=DIRECTION('',(0.,1.,0.));
#2890=DIRECTION('',(0.,0.,-1.));
#2891=DIRECTION('',(-1.,0.,0.));
#2892=DIRECTION('',(0.,1.,0.));
#2893=DIRECTION('',(0.,-1.,0.));
#2894=DIRECTION('',(0.,1.,0.));
#2895=DIRECTION('',(0.,0.,1.));
#2896=DIRECTION('',(0.,-1.,0.));
#2897=DIRECTION('',(0.,0.,-1.));
#2898=DIRECTION('',(1.,0.,0.));
#2899=DIRECTION('',(0.,0.,-1.));
#2900=DIRECTION('',(0.,-1.,0.));
#2901=DIRECTION('',(0.,1.,0.));
#2902=DIRECTION('',(0.,-1.,0.));
#2903=DIRECTION('',(0.,0.,1.));
#2904=DIRECTION('',(1.,0.,0.));
#2905=DIRECTION('',(0.,-1.,0.));
#2906=DIRECTION('',(-1.,0.,0.));
#2907=DIRECTION('',(0.,0.,1.));
#2908=DIRECTION('',(0.,-1.,0.));
#2909=DIRECTION('',(0.,1.,0.));
#2910=DIRECTION('',(-1.0842021724855E-16,0.,1.));
#2911=DIRECTION('',(1.,0.,1.0842021724855E-16));
#2912=DIRECTION('',(0.,1.,0.));
#2913=DIRECTION('',(-0.705106883195797,-0.709101038830087,-7.64478414595366E-17));
#2914=DIRECTION('',(-0.503246278642184,0.864143033897047,-5.45620708599101E-17));
#2915=DIRECTION('',(-0.380937974510005,-0.924600594622465,-4.13013779545975E-17));
#2916=DIRECTION('',(-0.380937974510003,0.924600594622465,-4.13013779545973E-17));
#2917=DIRECTION('',(-0.503246278642185,-0.864143033897047,-5.45620708599103E-17));
#2918=DIRECTION('',(-0.705106883195797,0.709101038830087,-7.64478414595366E-17));
#2919=DIRECTION('',(-1.,0.,0.));
#2920=DIRECTION('',(0.,0.,1.));
#2921=DIRECTION('',(0.,1.,0.));
#2922=DIRECTION('',(0.,0.,-1.));
#2923=DIRECTION('',(0.,0.,-1.));
#2924=DIRECTION('',(-1.,0.,0.));
#2925=DIRECTION('',(0.503246278642184,-0.864143033897047,0.));
#2926=DIRECTION('',(0.705106883195797,0.709101038830087,0.));
#2927=DIRECTION('',(0.705106883195797,-0.709101038830087,0.));
#2928=DIRECTION('',(0.503246278642185,0.864143033897047,0.));
#2929=DIRECTION('',(0.380937974510003,-0.924600594622465,0.));
#2930=DIRECTION('',(0.380937974510005,0.924600594622465,0.));
#2931=DIRECTION('',(1.,0.,0.));
#2932=DIRECTION('',(0.,0.,-1.));
#2933=DIRECTION('',(0.,0.,-1.));
#2934=DIRECTION('',(0.,-1.,0.));
#2935=DIRECTION('',(0.,0.,-1.));
#2936=DIRECTION('',(-1.,0.,0.));
#2937=DIRECTION('',(-1.,0.,0.));
#2938=DIRECTION('',(0.,0.,-1.));
#2939=DIRECTION('',(-1.,0.,0.));
#2940=DIRECTION('',(-1.,0.,0.));
#2941=DIRECTION('',(0.,-1.,0.));
#2942=DIRECTION('',(-1.,0.,0.));
#2943=DIRECTION('',(0.,0.,1.));
#2944=DIRECTION('',(0.,0.,1.));
#2945=DIRECTION('',(0.,0.,-1.));
#2946=DIRECTION('',(-1.,0.,0.));
#2947=DIRECTION('',(-1.,0.,0.));
#2948=DIRECTION('',(0.,-1.,0.));
#2949=DIRECTION('',(0.,0.,-1.));
#2950=DIRECTION('',(-0.924600594622465,0.380937974510005,0.));
#2951=DIRECTION('',(-0.380937974510005,-0.924600594622465,0.));
#2952=DIRECTION('',(0.,0.,-1.));
#2953=DIRECTION('',(0.,0.,-1.));
#2954=DIRECTION('',(0.864143033897047,0.503246278642184,0.));
#2955=DIRECTION('',(-0.503246278642184,0.864143033897047,0.));
#2956=DIRECTION('',(0.,0.,-1.));
#2957=DIRECTION('',(0.924600594622465,0.380937974510003,0.));
#2958=DIRECTION('',(-0.380937974510003,0.924600594622465,0.));
#2959=DIRECTION('',(0.,0.,-1.));
#2960=DIRECTION('',(-0.864143033897047,0.503246278642185,0.));
#2961=DIRECTION('',(-0.503246278642185,-0.864143033897047,0.));
#2962=DIRECTION('',(0.,0.,-1.));
#2963=DIRECTION('',(0.709101038830087,0.705106883195797,0.));
#2964=DIRECTION('',(-0.705106883195797,0.709101038830087,0.));
#2965=DIRECTION('',(-0.709101038830087,0.705106883195797,0.));
#2966=DIRECTION('',(-0.705106883195797,-0.709101038830087,0.));
#2967=CARTESIAN_POINT('',(0.,0.,0.));
#2968=CARTESIAN_POINT('',(-1.96383614651918,-5.23817219436701,3.36919442778185));
#2969=CARTESIAN_POINT('',(-1.96383614651918,-6.74716769490592,5.4761623904258));
#2970=CARTESIAN_POINT('',(-1.96383614651918,-6.74716769490592,3.36919442778185));
#2971=CARTESIAN_POINT('',(-1.96383614651918,-6.74716769490592,1.36919442778185));
#2972=CARTESIAN_POINT('',(-1.96383614651918,-5.23817219436701,3.36919442778185));
#2973=CARTESIAN_POINT('',(-1.96383614651918,-1.99473041991221,3.36919442778185));
#2974=CARTESIAN_POINT('',(-1.96383614651918,-1.99473041991221,3.36919442778185));
#2975=CARTESIAN_POINT('',(-1.96383614651918,-1.99473041991221,1.36919442778185));
#2976=CARTESIAN_POINT('',(-1.96383614651918,-5.23817219436701,1.36919442778185));
#2977=CARTESIAN_POINT('',(0.,-1.99473041991221,0.));
#2978=CARTESIAN_POINT('',(0.0361638534808226,-1.99473041991221,1.36919442778185));
#2979=CARTESIAN_POINT('',(0.0361638534808226,-1.99473041991221,1.36919442778185));
#2980=CARTESIAN_POINT('',(0.0361638534808226,-1.99473041991221,3.36919442778185));
#2981=CARTESIAN_POINT('',(-1.96383614651918,-1.99473041991221,1.36919442778185));
#2982=CARTESIAN_POINT('',(0.0361638534808226,-1.99473041991221,3.36919442778185));
#2983=CARTESIAN_POINT('',(-2.1,-1.99473041991221,3.41919442778185));
#2984=CARTESIAN_POINT('',(-2.1,-1.99473041991221,3.41919442778185));
#2985=CARTESIAN_POINT('',(-2.1,-1.99473041991221,0.684257501332485));
#2986=CARTESIAN_POINT('',(0.,-1.99473041991221,0.684257501332485));
#2987=CARTESIAN_POINT('',(2.1,-1.99473041991221,0.684257501332485));
#2988=CARTESIAN_POINT('',(2.1,-1.99473041991221,1.31919442778185));
#2989=CARTESIAN_POINT('',(2.1,-1.99473041991221,3.41919442778185));
#2990=CARTESIAN_POINT('',(2.1,-1.99473041991221,3.41919442778185));
#2991=CARTESIAN_POINT('',(2.01886,0.,-2.46886));
#2992=CARTESIAN_POINT('',(2.01886,0.15,-2.46886));
#2993=CARTESIAN_POINT('',(2.25,0.15,-2.46886));
#2994=CARTESIAN_POINT('',(2.01886,0.15,-2.7));
#2995=CARTESIAN_POINT('',(2.25,0.15,-2.46886));
#2996=CARTESIAN_POINT('',(2.25,-0.15,-2.46886));
#2997=CARTESIAN_POINT('',(2.01886,-0.15,-2.46886));
#2998=CARTESIAN_POINT('',(2.01886,-0.15,-2.7));
#2999=CARTESIAN_POINT('',(2.01886,-0.15,-2.7));
#3000=CARTESIAN_POINT('',(1.98114,0.,-2.46886));
#3001=CARTESIAN_POINT('',(1.98114,-0.15,-2.46886));
#3002=CARTESIAN_POINT('',(1.75,-0.15,-2.46886));
#3003=CARTESIAN_POINT('',(1.98114,-0.15,-2.7));
#3004=CARTESIAN_POINT('',(1.75,-0.15,-2.46886));
#3005=CARTESIAN_POINT('',(1.75,0.15,-2.46886));
#3006=CARTESIAN_POINT('',(1.98114,0.15,-2.46886));
#3007=CARTESIAN_POINT('',(1.98114,0.15,-2.7));
#3008=CARTESIAN_POINT('',(1.98114,0.15,-2.7));
#3009=CARTESIAN_POINT('',(1.75,0.15,-2.72665960499652));
#3010=CARTESIAN_POINT('',(1.75,0.15,-2.7));
#3011=CARTESIAN_POINT('',(1.75,0.15,-2.72665960499652));
#3012=CARTESIAN_POINT('',(1.75,0.15,0.0547673684736162));
#3013=CARTESIAN_POINT('',(1.75,0.15,0.0547673684736162));
#3014=CARTESIAN_POINT('',(2.25,0.15,0.0547673684736162));
#3015=CARTESIAN_POINT('',(2.25,0.15,-2.72665960499652));
#3016=CARTESIAN_POINT('',(2.25,0.15,-2.72665960499652));
#3017=CARTESIAN_POINT('',(2.25,-0.15,-2.72665960499652));
#3018=CARTESIAN_POINT('',(2.25,-0.15,0.0547673684736162));
#3019=CARTESIAN_POINT('',(2.25,0.15,0.0547673684736162));
#3020=CARTESIAN_POINT('',(2.25,-0.15,-2.72665960499652));
#3021=CARTESIAN_POINT('',(1.75,-0.15,-2.72665960499652));
#3022=CARTESIAN_POINT('',(1.75,-0.15,0.0547673684736162));
#3023=CARTESIAN_POINT('',(2.25,-0.15,-2.7));
#3024=CARTESIAN_POINT('',(2.25,-0.15,0.0547673684736162));
#3025=CARTESIAN_POINT('',(1.75,-0.15,-2.72665960499652));
#3026=CARTESIAN_POINT('',(1.75,-0.15,0.0547673684736162));
#3027=CARTESIAN_POINT('',(4.,0.,-2.7));
#3028=CARTESIAN_POINT('',(0.0188600000000008,0.,-2.46886));
#3029=CARTESIAN_POINT('',(0.0188600000000008,0.15,-2.46886));
#3030=CARTESIAN_POINT('',(0.25,0.15,-2.46886));
#3031=CARTESIAN_POINT('',(0.0188600000000008,0.15,-2.7));
#3032=CARTESIAN_POINT('',(0.25,0.15,-2.46886));
#3033=CARTESIAN_POINT('',(0.25,-0.15,-2.46886));
#3034=CARTESIAN_POINT('',(0.0188600000000008,-0.15,-2.46886));
#3035=CARTESIAN_POINT('',(0.0188600000000008,-0.15,-2.7));
#3036=CARTESIAN_POINT('',(0.0188600000000008,-0.15,-2.7));
#3037=CARTESIAN_POINT('',(-0.0188600000000008,0.,-2.46886));
#3038=CARTESIAN_POINT('',(-0.0188600000000008,-0.15,-2.46886));
#3039=CARTESIAN_POINT('',(-0.25,-0.15,-2.46886));
#3040=CARTESIAN_POINT('',(-0.0188600000000008,-0.15,-2.7));
#3041=CARTESIAN_POINT('',(-0.25,-0.15,-2.46886));
#3042=CARTESIAN_POINT('',(-0.25,0.15,-2.46886));
#3043=CARTESIAN_POINT('',(-0.0188600000000008,0.15,-2.46886));
#3044=CARTESIAN_POINT('',(-0.0188600000000008,0.15,-2.7));
#3045=CARTESIAN_POINT('',(-0.0188600000000008,0.15,-2.7));
#3046=CARTESIAN_POINT('',(-0.25,0.15,-2.72665960499652));
#3047=CARTESIAN_POINT('',(-0.25,0.15,-2.7));
#3048=CARTESIAN_POINT('',(-0.25,0.15,-2.72665960499652));
#3049=CARTESIAN_POINT('',(-0.25,0.15,0.0547673684736162));
#3050=CARTESIAN_POINT('',(-0.25,0.15,0.0547673684736162));
#3051=CARTESIAN_POINT('',(0.25,0.15,0.0547673684736162));
#3052=CARTESIAN_POINT('',(0.25,0.15,-2.72665960499652));
#3053=CARTESIAN_POINT('',(0.25,0.15,-2.72665960499652));
#3054=CARTESIAN_POINT('',(0.25,-0.15,-2.72665960499652));
#3055=CARTESIAN_POINT('',(0.25,-0.15,0.0547673684736162));
#3056=CARTESIAN_POINT('',(0.25,0.15,0.0547673684736162));
#3057=CARTESIAN_POINT('',(0.25,-0.15,-2.72665960499652));
#3058=CARTESIAN_POINT('',(-0.25,-0.15,-2.72665960499652));
#3059=CARTESIAN_POINT('',(-0.25,-0.15,0.0547673684736162));
#3060=CARTESIAN_POINT('',(0.25,-0.15,-2.7));
#3061=CARTESIAN_POINT('',(0.25,-0.15,0.0547673684736162));
#3062=CARTESIAN_POINT('',(-0.25,-0.15,-2.72665960499652));
#3063=CARTESIAN_POINT('',(-0.25,-0.15,0.0547673684736162));
#3064=CARTESIAN_POINT('',(2.,0.,-2.7));
#3065=CARTESIAN_POINT('',(0.,0.,0.0547673684736162));
#3066=CARTESIAN_POINT('',(-3.9698,-1.9198,0.0547673684736162));
#3067=CARTESIAN_POINT('',(-3.9698,1.9198,0.0547673684736162));
#3068=CARTESIAN_POINT('',(-3.9698,0.906872864284381,0.0547673684736162));
#3069=CARTESIAN_POINT('',(3.9698,1.9198,0.0547673684736162));
#3070=CARTESIAN_POINT('',(3.9698,1.9198,0.0547673684736162));
#3071=CARTESIAN_POINT('',(3.9698,-1.9198,0.0547673684736162));
#3072=CARTESIAN_POINT('',(3.9698,0.906872864284381,0.0547673684736162));
#3073=CARTESIAN_POINT('',(3.9698,-1.9198,0.0547673684736162));
#3074=CARTESIAN_POINT('',(3.9698,0.313154650589806,0.0547673684736162));
#3075=CARTESIAN_POINT('',(3.9698,-1.9198,0.0547673684736162));
#3076=CARTESIAN_POINT('',(3.9698,-0.313154650589806,0.0547673684736162));
#3077=CARTESIAN_POINT('',(3.9698,-1.9198,0.0547673684736162));
#3078=CARTESIAN_POINT('',(3.9698,-0.906872864284381,0.0547673684736162));
#3079=CARTESIAN_POINT('',(3.9698,-1.9198,0.0547673684736162));
#3080=CARTESIAN_POINT('',(3.9698,-1.9198,0.0547673684736162));
#3081=CARTESIAN_POINT('',(-3.9698,-1.9198,0.0547673684736162));
#3082=CARTESIAN_POINT('',(-3.9698,-1.9198,0.0547673684736162));
#3083=CARTESIAN_POINT('',(-3.9698,-1.9198,0.0547673684736162));
#3084=CARTESIAN_POINT('',(-3.9698,-0.906872864284381,0.0547673684736162));
#3085=CARTESIAN_POINT('',(-3.9698,-1.9198,0.0547673684736162));
#3086=CARTESIAN_POINT('',(-3.9698,-0.313154650589806,0.0547673684736162));
#3087=CARTESIAN_POINT('',(-3.9698,-1.9198,0.0547673684736162));
#3088=CARTESIAN_POINT('',(-3.9698,0.313154650589806,0.0547673684736162));
#3089=CARTESIAN_POINT('',(-3.9698,-1.9198,0.0547673684736162));
#3090=CARTESIAN_POINT('',(-2.25,0.15,0.0547673684736162));
#3091=CARTESIAN_POINT('',(-2.25,0.15,0.0547673684736162));
#3092=CARTESIAN_POINT('',(-1.75,0.15,0.0547673684736162));
#3093=CARTESIAN_POINT('',(-2.25,-0.15,0.0547673684736162));
#3094=CARTESIAN_POINT('',(-2.25,-0.15,0.0547673684736162));
#3095=CARTESIAN_POINT('',(-1.75,-0.15,0.0547673684736162));
#3096=CARTESIAN_POINT('',(-1.75,-0.15,0.0547673684736162));
#3097=CARTESIAN_POINT('',(-1.75,0.15,0.0547673684736162));
#3098=CARTESIAN_POINT('',(4.3,-2.25,4.7));
#3099=CARTESIAN_POINT('',(4.3,-2.00701953302556,6.33742200464322));
#3100=CARTESIAN_POINT('',(4.3,-2.00701953302556,4.3698));
#3101=CARTESIAN_POINT('',(4.3,-2.00701953302556,0.));
#3102=CARTESIAN_POINT('',(4.3,-2.25,0.));
#3103=CARTESIAN_POINT('',(4.3,-0.917480271750446,-4.06575814682064E-17));
#3104=CARTESIAN_POINT('',(4.3,-0.610013757437093,-0.0311395594801357));
#3105=CARTESIAN_POINT('',(4.3,-0.311150490148827,0.0475120587765965));
#3106=CARTESIAN_POINT('',(4.3,-0.594444451402237,-1.68084895931978));
#3107=CARTESIAN_POINT('',(4.3,-0.578482884720244,-1.58346831089775));
#3108=CARTESIAN_POINT('',(4.3,0.0163839956289162,-1.68096925166259));
#3109=CARTESIAN_POINT('',(4.3,-0.56426794603372,-1.84288392493336));
#3110=CARTESIAN_POINT('',(4.3,-0.390806309735412,-2.46494512473675));
#3111=CARTESIAN_POINT('',(4.3,-0.390806309735412,-2.46494512473675));
#3112=CARTESIAN_POINT('',(4.3,8.72477148232597E-15,-2.25759189023178));
#3113=CARTESIAN_POINT('',(4.3,0.390806309735413,-2.46494512473675));
#3114=CARTESIAN_POINT('',(4.3,0.390806309735413,-2.46494512473675));
#3115=CARTESIAN_POINT('',(4.3,0.56426794603372,-1.84288392493336));
#3116=CARTESIAN_POINT('',(4.3,-0.0163839956289154,-1.68096925166259));
#3117=CARTESIAN_POINT('',(4.3,0.578482884719422,-1.58346831089273));
#3118=CARTESIAN_POINT('',(4.3,0.594444451402237,-1.68084895931978));
#3119=CARTESIAN_POINT('',(4.3,0.311150490148828,0.047512058776598));
#3120=CARTESIAN_POINT('',(4.3,0.610013757437093,-0.0311395594801357));
#3121=CARTESIAN_POINT('',(4.3,0.917480271750446,1.35525271560688E-16));
#3122=CARTESIAN_POINT('',(4.3,-2.25,0.));
#3123=CARTESIAN_POINT('',(4.3,2.00701953302556,0.));
#3124=CARTESIAN_POINT('',(4.3,2.00701953302556,6.33742200464322));
#3125=CARTESIAN_POINT('',(4.3,2.00701953302556,4.3698));
#3126=CARTESIAN_POINT('',(4.3,-2.25,4.3698));
#3127=CARTESIAN_POINT('',(3.9698,-1.9198,0.0547673684736162));
#3128=CARTESIAN_POINT('',(3.9698,0.610013757437093,-0.0311395594801357));
#3129=CARTESIAN_POINT('',(3.9698,0.311150490148828,0.047512058776598));
#3130=CARTESIAN_POINT('',(3.9698,0.318509305718316,0.00261632604232898));
#3131=CARTESIAN_POINT('',(3.9698,0.578482884719422,-1.58346831089273));
#3132=CARTESIAN_POINT('',(3.9698,-0.0163839956289154,-1.68096925166259));
#3133=CARTESIAN_POINT('',(3.9698,0.56426794603372,-1.84288392493336));
#3134=CARTESIAN_POINT('',(3.9698,0.56426794603372,-1.84288392493336));
#3135=CARTESIAN_POINT('',(3.9698,0.390806309735413,-2.46494512473675));
#3136=CARTESIAN_POINT('',(3.9698,-7.86046575051991E-15,-2.25759189023178));
#3137=CARTESIAN_POINT('',(3.9698,-0.390806309735425,-2.46494512473675));
#3138=CARTESIAN_POINT('',(3.9698,-0.390806309735412,-2.46494512473675));
#3139=CARTESIAN_POINT('',(3.9698,-0.56426794603372,-1.84288392493336));
#3140=CARTESIAN_POINT('',(3.9698,0.0163839956289162,-1.68096925166259));
#3141=CARTESIAN_POINT('',(3.9698,-0.578482884720244,-1.58346831089775));
#3142=CARTESIAN_POINT('',(3.9698,-0.594444451402237,-1.68084895931978));
#3143=CARTESIAN_POINT('',(3.9698,-0.311150490148827,0.0475120587765965));
#3144=CARTESIAN_POINT('',(3.9698,-0.610013757437093,-0.0311395594801357));
#3145=CARTESIAN_POINT('',(3.9698,-1.9198,0.0547673684736162));
#3146=CARTESIAN_POINT('',(3.9698,-0.610013757437093,-0.0311395594801357));
#3147=CARTESIAN_POINT('',(3.9698,-0.917480271750446,-4.06575814682064E-17));
#3148=CARTESIAN_POINT('',(3.9698,-1.9198,0.));
#3149=CARTESIAN_POINT('',(3.9698,-1.9198,0.));
#3150=CARTESIAN_POINT('',(3.9698,-1.9198,0.0547673684736162));
#3151=CARTESIAN_POINT('',(0.,0.,0.));
#3152=CARTESIAN_POINT('',(3.9698,0.917480271750446,1.35525271560688E-16));
#3153=CARTESIAN_POINT('',(3.9698,0.917480271750446,1.35525271560688E-16));
#3154=CARTESIAN_POINT('',(3.9698,-1.9198,0.));
#3155=CARTESIAN_POINT('',(3.9698,1.9198,0.));
#3156=CARTESIAN_POINT('',(3.9698,1.9198,0.));
#3157=CARTESIAN_POINT('',(-3.9698,1.9198,0.));
#3158=CARTESIAN_POINT('',(-3.9698,-1.9198,0.));
#3159=CARTESIAN_POINT('',(-3.9698,0.917480271750446,-1.35525271560688E-17));
#3160=CARTESIAN_POINT('',(-3.9698,0.917480271750446,2.37169225231204E-16));
#3161=CARTESIAN_POINT('',(-4.3,0.917480271750446,2.37169225231204E-16));
#3162=CARTESIAN_POINT('',(-4.3,2.25,0.));
#3163=CARTESIAN_POINT('',(-4.3,2.00701953302556,0.));
#3164=CARTESIAN_POINT('',(-4.05701953302556,2.00701953302556,0.));
#3165=CARTESIAN_POINT('',(-4.05701953302556,2.00701953302556,0.));
#3166=CARTESIAN_POINT('',(-4.05701953302556,2.25,0.));
#3167=CARTESIAN_POINT('',(-4.05701953302556,2.25,0.));
#3168=CARTESIAN_POINT('',(4.3,2.25,0.));
#3169=CARTESIAN_POINT('',(4.05701953302556,2.25,0.));
#3170=CARTESIAN_POINT('',(4.05701953302556,2.25,0.));
#3171=CARTESIAN_POINT('',(4.05701953302556,2.00701953302556,0.));
#3172=CARTESIAN_POINT('',(4.05701953302556,2.00701953302556,0.));
#3173=CARTESIAN_POINT('',(3.9698,-1.9198,0.0547673684736162));
#3174=CARTESIAN_POINT('',(3.9698,0.610013757437093,-0.0311395594801357));
#3175=CARTESIAN_POINT('',(3.9698,1.9198,0.0547673684736162));
#3176=CARTESIAN_POINT('',(0.,0.,0.));
#3177=CARTESIAN_POINT('',(0.,-2.05810339729649,0.));
#3178=CARTESIAN_POINT('',(3.21620087562729,-2.05810339729649,0.));
#3179=CARTESIAN_POINT('',(-3.21620087562729,-2.05810339729649,0.));
#3180=CARTESIAN_POINT('',(-3.21620087562729,-1.99473041991221,0.));
#3181=CARTESIAN_POINT('',(-3.21620087562729,-2.25,0.));
#3182=CARTESIAN_POINT('',(-4.3,-2.25,0.));
#3183=CARTESIAN_POINT('',(-4.05701953302556,-2.25,0.));
#3184=CARTESIAN_POINT('',(-4.05701953302556,-2.25,0.));
#3185=CARTESIAN_POINT('',(-4.05701953302556,-2.00701953302556,0.));
#3186=CARTESIAN_POINT('',(-4.05701953302556,-2.00701953302556,0.));
#3187=CARTESIAN_POINT('',(-4.3,-2.00701953302556,0.));
#3188=CARTESIAN_POINT('',(-4.3,2.25,0.));
#3189=CARTESIAN_POINT('',(-4.3,-0.917480271750446,4.06575814682064E-16));
#3190=CARTESIAN_POINT('',(-3.9698,-0.917480271750446,4.06575814682064E-16));
#3191=CARTESIAN_POINT('',(-3.9698,-0.917480271750446,-1.35525271560688E-17));
#3192=CARTESIAN_POINT('',(-3.9698,-1.9198,0.));
#3193=CARTESIAN_POINT('',(-3.9698,-1.9198,0.));
#3194=CARTESIAN_POINT('',(-3.9698,-1.9198,0.));
#3195=CARTESIAN_POINT('',(3.9698,-0.917480271750446,-4.06575814682064E-17));
#3196=CARTESIAN_POINT('',(4.05701953302556,-2.00701953302556,0.));
#3197=CARTESIAN_POINT('',(4.05701953302556,-2.00701953302556,0.));
#3198=CARTESIAN_POINT('',(4.05701953302556,-2.25,0.));
#3199=CARTESIAN_POINT('',(4.05701953302556,-2.25,0.));
#3200=CARTESIAN_POINT('',(-4.3,-2.25,0.));
#3201=CARTESIAN_POINT('',(3.21620087562729,-2.25,0.));
#3202=CARTESIAN_POINT('',(3.21620087562729,-1.99473041991221,0.));
#3203=CARTESIAN_POINT('',(-4.3,2.25,4.7));
#3204=CARTESIAN_POINT('',(-4.3,-2.00701953302556,6.33742200464322));
#3205=CARTESIAN_POINT('',(-4.3,-2.00701953302556,4.3698));
#3206=CARTESIAN_POINT('',(-4.3,2.25,4.3698));
#3207=CARTESIAN_POINT('',(-4.3,2.00701953302556,4.3698));
#3208=CARTESIAN_POINT('',(-4.3,2.00701953302556,6.33742200464322));
#3209=CARTESIAN_POINT('',(-4.3,0.610013757437093,-0.0311395594801357));
#3210=CARTESIAN_POINT('',(-4.3,0.311150490148828,0.047512058776598));
#3211=CARTESIAN_POINT('',(-4.3,0.594444451402237,-1.68084895931978));
#3212=CARTESIAN_POINT('',(-4.3,0.578482884720201,-1.58346831089749));
#3213=CARTESIAN_POINT('',(-4.3,-0.0163839956289154,-1.68096925166259));
#3214=CARTESIAN_POINT('',(-4.3,0.56426794603372,-1.84288392493336));
#3215=CARTESIAN_POINT('',(-4.3,0.390806309735413,-2.46494512473675));
#3216=CARTESIAN_POINT('',(-4.3,0.390806309735413,-2.46494512473675));
#3217=CARTESIAN_POINT('',(-4.3,-7.86046575051991E-15,-2.25759189023178));
#3218=CARTESIAN_POINT('',(-4.3,-0.390806309735412,-2.46494512473675));
#3219=CARTESIAN_POINT('',(-4.3,-0.390806309735412,-2.46494512473675));
#3220=CARTESIAN_POINT('',(-4.3,-0.56426794603372,-1.84288392493336));
#3221=CARTESIAN_POINT('',(-4.3,0.0163839956289162,-1.68096925166259));
#3222=CARTESIAN_POINT('',(-4.3,-0.57848288472021,-1.58346831089754));
#3223=CARTESIAN_POINT('',(-4.3,-0.594444451402237,-1.68084895931978));
#3224=CARTESIAN_POINT('',(-4.3,-0.311150490148827,0.0475120587765966));
#3225=CARTESIAN_POINT('',(-4.3,-0.610013757437093,-0.0311395594801357));
#3226=CARTESIAN_POINT('',(-3.9698,-1.9198,0.0547673684736162));
#3227=CARTESIAN_POINT('',(-3.9698,-0.610013757437093,-0.0311395594801357));
#3228=CARTESIAN_POINT('',(-3.9698,-0.311150490148827,0.0475120587765966));
#3229=CARTESIAN_POINT('',(-3.9698,-0.594444451402237,-1.68084895931978));
#3230=CARTESIAN_POINT('',(-3.9698,-0.57848288472021,-1.58346831089754));
#3231=CARTESIAN_POINT('',(-3.9698,0.0163839956289162,-1.68096925166259));
#3232=CARTESIAN_POINT('',(-3.9698,-0.56426794603372,-1.84288392493336));
#3233=CARTESIAN_POINT('',(-3.9698,-0.390806309735412,-2.46494512473675));
#3234=CARTESIAN_POINT('',(-3.9698,-0.390806309735412,-2.46494512473675));
#3235=CARTESIAN_POINT('',(-3.9698,-7.86046575051991E-15,-2.25759189023178));
#3236=CARTESIAN_POINT('',(-3.9698,0.390806309735413,-2.46494512473675));
#3237=CARTESIAN_POINT('',(-3.9698,0.390806309735413,-2.46494512473675));
#3238=CARTESIAN_POINT('',(-3.9698,0.56426794603372,-1.84288392493336));
#3239=CARTESIAN_POINT('',(-3.9698,-0.0163839956289154,-1.68096925166259));
#3240=CARTESIAN_POINT('',(-3.9698,0.578482884720201,-1.58346831089749));
#3241=CARTESIAN_POINT('',(-3.9698,0.594444451402237,-1.68084895931978));
#3242=CARTESIAN_POINT('',(-3.9698,0.311150490148828,0.047512058776598));
#3243=CARTESIAN_POINT('',(-3.9698,0.610013757437093,-0.0311395594801357));
#3244=CARTESIAN_POINT('',(-3.9698,-1.9198,0.0547673684736162));
#3245=CARTESIAN_POINT('',(-3.9698,-0.610013757437093,-0.0311395594801357));
#3246=CARTESIAN_POINT('',(-3.9698,-1.9198,0.0547673684736162));
#3247=CARTESIAN_POINT('',(-3.9698,-1.9198,0.0547673684736162));
#3248=CARTESIAN_POINT('',(-3.9698,0.610013757437093,-0.0311395594801357));
#3249=CARTESIAN_POINT('',(-3.9698,1.9198,0.0547673684736162));
#3250=CARTESIAN_POINT('',(-4.3,-2.25,4.7));
#3251=CARTESIAN_POINT('',(3.21620087562729,-2.25,0.684257501332485));
#3252=CARTESIAN_POINT('',(2.1,-2.25,0.684257501332485));
#3253=CARTESIAN_POINT('',(3.21620087562729,-2.25,0.684257501332486));
#3254=CARTESIAN_POINT('',(3.21620087562729,-2.25,0.));
#3255=CARTESIAN_POINT('',(4.05701953302556,-2.25,6.33742200464322));
#3256=CARTESIAN_POINT('',(4.05701953302556,-2.25,4.3698));
#3257=CARTESIAN_POINT('',(-4.3,-2.25,4.3698));
#3258=CARTESIAN_POINT('',(-4.05701953302556,-2.25,4.3698));
#3259=CARTESIAN_POINT('',(-4.05701953302556,-2.25,6.33742200464322));
#3260=CARTESIAN_POINT('',(-3.21620087562729,-2.25,0.));
#3261=CARTESIAN_POINT('',(-3.21620087562729,-2.25,0.684257501332485));
#3262=CARTESIAN_POINT('',(-3.21620087562729,-2.25,0.684257501332485));
#3263=CARTESIAN_POINT('',(-2.1,-2.25,0.684257501332485));
#3264=CARTESIAN_POINT('',(-2.1,-2.25,3.41919442778185));
#3265=CARTESIAN_POINT('',(-2.1,-2.25,3.41919442778185));
#3266=CARTESIAN_POINT('',(2.1,-2.25,3.41919442778185));
#3267=CARTESIAN_POINT('',(2.1,-2.25,3.41919442778185));
#3268=CARTESIAN_POINT('',(2.1,-2.25,1.31919442778185));
#3269=CARTESIAN_POINT('',(0.,-1.9198,4.3698));
#3270=CARTESIAN_POINT('',(4.05701953302556,-1.9198,4.3698));
#3271=CARTESIAN_POINT('',(4.05701953302556,-2.00701953302556,4.68827259388965));
#3272=CARTESIAN_POINT('',(3.9698,-1.9198,4.3698));
#3273=CARTESIAN_POINT('',(3.9698,-1.9198,4.7));
#3274=CARTESIAN_POINT('',(4.3,-1.9198,4.7));
#3275=CARTESIAN_POINT('',(-3.9698,-1.9198,4.7));
#3276=CARTESIAN_POINT('',(-3.9698,-1.9198,4.3698));
#3277=CARTESIAN_POINT('',(-4.05701953302556,-2.00701953302556,4.68827259388965));
#3278=CARTESIAN_POINT('',(-4.05701953302556,-1.9198,4.3698));
#3279=CARTESIAN_POINT('',(3.9698,0.,4.3698));
#3280=CARTESIAN_POINT('',(3.9698,-2.00701953302556,4.3698));
#3281=CARTESIAN_POINT('',(3.9698,2.00701953302556,4.3698));
#3282=CARTESIAN_POINT('',(4.05701953302556,2.00701953302556,4.68827259388965));
#3283=CARTESIAN_POINT('',(3.9698,1.9198,4.3698));
#3284=CARTESIAN_POINT('',(3.9698,1.9198,4.7));
#3285=CARTESIAN_POINT('',(3.9698,2.25,4.7));
#3286=CARTESIAN_POINT('',(-3.9698,0.,4.3698));
#3287=CARTESIAN_POINT('',(-3.9698,-2.00701953302556,4.3698));
#3288=CARTESIAN_POINT('',(-3.9698,-2.25,4.7));
#3289=CARTESIAN_POINT('',(-3.9698,1.9198,4.7));
#3290=CARTESIAN_POINT('',(-3.9698,1.9198,4.3698));
#3291=CARTESIAN_POINT('',(-4.05701953302556,2.00701953302556,4.68827259388965));
#3292=CARTESIAN_POINT('',(-3.9698,2.00701953302556,4.3698));
#3293=CARTESIAN_POINT('',(4.3,2.25,4.7));
#3294=CARTESIAN_POINT('',(-4.05701953302556,2.25,6.33742200464322));
#3295=CARTESIAN_POINT('',(-4.05701953302556,2.25,4.3698));
#3296=CARTESIAN_POINT('',(4.3,2.25,4.3698));
#3297=CARTESIAN_POINT('',(4.05701953302556,2.25,4.3698));
#3298=CARTESIAN_POINT('',(4.05701953302556,2.25,6.33742200464322));
#3299=CARTESIAN_POINT('',(0.,1.9198,4.3698));
#3300=CARTESIAN_POINT('',(-4.05701953302556,1.9198,4.3698));
#3301=CARTESIAN_POINT('',(-4.3,1.9198,4.7));
#3302=CARTESIAN_POINT('',(4.05701953302556,1.9198,4.3698));
#3303=CARTESIAN_POINT('',(0.,0.,4.7));
#3304=CARTESIAN_POINT('',(4.05701953302556,2.25,6.33742200464322));
#3305=CARTESIAN_POINT('',(4.05701953302556,2.00701953302556,6.33742200464322));
#3306=CARTESIAN_POINT('',(4.05701953302556,2.00701953302556,6.33742200464322));
#3307=CARTESIAN_POINT('',(-4.05701953302556,2.00701953302556,6.33742200464322));
#3308=CARTESIAN_POINT('',(-4.05701953302556,2.00701953302556,6.33742200464322));
#3309=CARTESIAN_POINT('',(-4.05701953302556,2.25,6.33742200464322));
#3310=CARTESIAN_POINT('',(-4.05701953302556,-2.25,6.33742200464322));
#3311=CARTESIAN_POINT('',(-4.05701953302556,-2.00701953302556,6.33742200464322));
#3312=CARTESIAN_POINT('',(-4.05701953302556,-2.00701953302556,6.33742200464322));
#3313=CARTESIAN_POINT('',(4.05701953302556,-2.00701953302556,6.33742200464322));
#3314=CARTESIAN_POINT('',(4.05701953302556,-2.00701953302556,6.33742200464322));
#3315=CARTESIAN_POINT('',(4.05701953302556,-2.25,6.33742200464322));
#3316=CARTESIAN_POINT('',(-3.9698,-1.9198,0.0547673684736162));
#3317=CARTESIAN_POINT('',(3.9698,1.9198,0.0547673684736162));
#3318=CARTESIAN_POINT('',(4.05701953302556,-0.594444451402237,-1.68084895931978));
#3319=CARTESIAN_POINT('',(3.9698,-0.311150490148827,0.0475120587765965));
#3320=CARTESIAN_POINT('',(4.05701953302556,-0.578482388807661,-1.58346528536211));
#3321=CARTESIAN_POINT('',(4.05701953302556,0.594444451402237,-1.68084895931978));
#3322=CARTESIAN_POINT('',(4.05701953302556,0.578482388807662,-1.58346528536211));
#3323=CARTESIAN_POINT('',(3.9698,0.311150490148828,0.047512058776598));
#3324=CARTESIAN_POINT('',(4.05701953302556,-0.0163839956289154,-1.68096925166259));
#3325=CARTESIAN_POINT('',(4.05701953302556,0.56426794603372,-1.84288392493336));
#3326=CARTESIAN_POINT('',(4.05701953302556,0.390806309735413,-2.46494512473675));
#3327=CARTESIAN_POINT('',(4.05701953302556,0.390806309735413,-2.46494512473675));
#3328=CARTESIAN_POINT('',(4.05701953302556,8.72477148232597E-15,-2.25759189023178));
#3329=CARTESIAN_POINT('',(4.05701953302556,-0.390806309735412,-2.46494512473675));
#3330=CARTESIAN_POINT('',(4.05701953302556,-0.390806309735412,-2.46494512473675));
#3331=CARTESIAN_POINT('',(4.05701953302556,-0.56426794603372,-1.84288392493336));
#3332=CARTESIAN_POINT('',(4.05701953302556,0.0163839956289162,-1.68096925166259));
#3333=CARTESIAN_POINT('',(-3.9698,0.594444451402237,-1.68084895931978));
#3334=CARTESIAN_POINT('',(-3.9698,0.311150490148828,0.047512058776598));
#3335=CARTESIAN_POINT('',(-3.9698,0.578482388807662,-1.58346528536211));
#3336=CARTESIAN_POINT('',(-3.9698,-0.0163839956289154,-1.68096925166259));
#3337=CARTESIAN_POINT('',(-3.9698,0.56426794603372,-1.84288392493336));
#3338=CARTESIAN_POINT('',(-3.9698,0.390806309735413,-2.46494512473675));
#3339=CARTESIAN_POINT('',(-3.9698,0.390806309735413,-2.46494512473675));
#3340=CARTESIAN_POINT('',(-3.9698,-7.86046575051991E-15,-2.25759189023178));
#3341=CARTESIAN_POINT('',(-3.9698,-0.390806309735412,-2.46494512473675));
#3342=CARTESIAN_POINT('',(-3.9698,-0.390806309735412,-2.46494512473675));
#3343=CARTESIAN_POINT('',(-3.9698,-0.56426794603372,-1.84288392493336));
#3344=CARTESIAN_POINT('',(-3.9698,0.0163839956289162,-1.68096925166259));
#3345=CARTESIAN_POINT('',(-3.9698,-0.578482388807661,-1.58346528536211));
#3346=CARTESIAN_POINT('',(-3.9698,-0.594444451402237,-1.68084895931978));
#3347=CARTESIAN_POINT('',(-3.9698,-0.311150490148827,0.0475120587765966));
#3348=CARTESIAN_POINT('',(-3.9698,0.610013757437093,-0.0311395594801357));
#3349=CARTESIAN_POINT('',(-3.9698,0.610013757437093,-0.0311395594801357));
#3350=CARTESIAN_POINT('',(-3.9698,0.610013757437093,-0.0311395594801357));
#3351=CARTESIAN_POINT('',(-3.9698,-0.610013757437093,-0.0311395594801357));
#3352=CARTESIAN_POINT('',(-3.9698,-0.610013757437093,-0.0311395594801357));
#3353=CARTESIAN_POINT('',(-3.9698,-0.610013757437093,-0.0311395594801357));
#3354=CARTESIAN_POINT('',(3.9698,0.610013757437093,-0.0311395594801357));
#3355=CARTESIAN_POINT('',(3.9698,0.610013757437093,-0.0311395594801357));
#3356=CARTESIAN_POINT('',(3.9698,0.610013757437093,-0.0311395594801357));
#3357=CARTESIAN_POINT('',(3.9698,-0.610013757437093,-0.0311395594801357));
#3358=CARTESIAN_POINT('',(3.9698,-0.610013757437093,-0.0311395594801357));
#3359=CARTESIAN_POINT('',(3.9698,-0.610013757437093,-0.0311395594801357));
#3360=CARTESIAN_POINT('',(-2.25,0.15,-2.72665960499652));
#3361=CARTESIAN_POINT('',(-2.25,0.15,-2.7));
#3362=CARTESIAN_POINT('',(-2.01886,0.15,-2.7));
#3363=CARTESIAN_POINT('',(-1.98114,0.15,-2.7));
#3364=CARTESIAN_POINT('',(-2.01886,0.15,-2.46886));
#3365=CARTESIAN_POINT('',(-2.25,0.15,-2.46886));
#3366=CARTESIAN_POINT('',(-2.25,0.15,-2.72665960499652));
#3367=CARTESIAN_POINT('',(-1.75,0.15,-2.72665960499652));
#3368=CARTESIAN_POINT('',(-1.75,0.15,-2.46886));
#3369=CARTESIAN_POINT('',(-1.98114,0.15,-2.46886));
#3370=CARTESIAN_POINT('',(-1.75,0.15,-2.72665960499652));
#3371=CARTESIAN_POINT('',(-1.75,-0.15,-2.72665960499652));
#3372=CARTESIAN_POINT('',(-1.75,-0.15,-2.46886));
#3373=CARTESIAN_POINT('',(-1.75,0.15,-2.46886));
#3374=CARTESIAN_POINT('',(-1.75,-0.15,-2.72665960499652));
#3375=CARTESIAN_POINT('',(-2.25,-0.15,-2.72665960499652));
#3376=CARTESIAN_POINT('',(-2.25,-0.15,-2.46886));
#3377=CARTESIAN_POINT('',(-2.01886,-0.15,-2.46886));
#3378=CARTESIAN_POINT('',(-2.01886,-0.15,-2.7));
#3379=CARTESIAN_POINT('',(-1.75,-0.15,-2.7));
#3380=CARTESIAN_POINT('',(-1.98114,-0.15,-2.7));
#3381=CARTESIAN_POINT('',(-1.98114,-0.15,-2.46886));
#3382=CARTESIAN_POINT('',(-2.25,-0.15,-2.72665960499652));
#3383=CARTESIAN_POINT('',(-2.25,-0.15,-2.46886));
#3384=CARTESIAN_POINT('',(0.,0.,-2.7));
#3385=CARTESIAN_POINT('',(-2.01886,0.15,-2.7));
#3386=CARTESIAN_POINT('',(-1.98114,-0.15,-2.7));
#3387=CARTESIAN_POINT('',(-1.98114,0.,-2.46886));
#3388=CARTESIAN_POINT('',(-2.01886,0.,-2.46886));
#3389=CARTESIAN_POINT('',(2.1,-1.99473041991221,1.31919442778185));
#3390=CARTESIAN_POINT('',(2.1,-1.99473041991221,3.41919442778185));
#3391=CARTESIAN_POINT('',(2.1,-1.99473041991221,0.684257501332485));
#3392=CARTESIAN_POINT('',(2.1,-2.05810339729649,0.684257501332485));
#3393=CARTESIAN_POINT('',(2.1,-1.99473041991221,0.684257501332485));
#3394=CARTESIAN_POINT('',(2.1,-1.99473041991221,3.41919442778185));
#3395=CARTESIAN_POINT('',(-2.1,-1.99473041991221,3.41919442778185));
#3396=CARTESIAN_POINT('',(-2.1,-1.99473041991221,3.41919442778185));
#3397=CARTESIAN_POINT('',(-2.1,-1.99473041991221,0.684257501332485));
#3398=CARTESIAN_POINT('',(-2.1,-2.05810339729649,0.684257501332485));
#3399=CARTESIAN_POINT('',(-2.1,-2.05810339729649,0.684257501332485));
#3400=CARTESIAN_POINT('',(-1.96383614651918,-5.23817219436701,1.36919442778185));
#3401=CARTESIAN_POINT('',(0.0361638534808226,-5.23817219436701,1.36919442778185));
#3402=CARTESIAN_POINT('',(0.0361638534808226,-6.74716769490592,1.36919442778185));
#3403=CARTESIAN_POINT('',(-0.203701866423192,-6.9883921606107,1.36919442778185));
#3404=CARTESIAN_POINT('',(-0.463836146519178,-7.25,1.36919442778185));
#3405=CARTESIAN_POINT('',(-1.71861854187933,-5.09536615167286,1.36919442778185));
#3406=CARTESIAN_POINT('',(-0.756667861170034,-6.74716769490592,1.36919442778185));
#3407=CARTESIAN_POINT('',(-0.400352995238794,-5.88233153007721,1.36919442778185));
#3408=CARTESIAN_POINT('',(-0.963836146519178,-7.25,1.36919442778185));
#3409=CARTESIAN_POINT('',(-1.81754677864713,-5.17790057458476,1.36919442778185));
#3410=CARTESIAN_POINT('',(-1.17100443186832,-6.74716769490592,1.36919442778185));
#3411=CARTESIAN_POINT('',(-0.715567385093441,-5.96511968371937,1.36919442778185));
#3412=CARTESIAN_POINT('',(-1.46383614651918,-7.25,1.36919442778185));
#3413=CARTESIAN_POINT('',(-2.71832186007535,-5.98840811388993,1.36919442778185));
#3414=CARTESIAN_POINT('',(0.0361638534808226,-5.23817219436701,1.36919442778185));
#3415=CARTESIAN_POINT('',(0.0361638534808226,-5.23817219436701,3.36919442778185));
#3416=CARTESIAN_POINT('',(0.0361638534808225,-6.74716769490592,3.36919442778185));
#3417=CARTESIAN_POINT('',(0.0361638534808226,-6.74716769490592,5.4761623904258));
#3418=CARTESIAN_POINT('',(0.0361638534808226,-5.23817219436701,3.36919442778185));
#3419=CARTESIAN_POINT('',(-1.21210490794491,-5.96511968371937,3.36919442778185));
#3420=CARTESIAN_POINT('',(-0.756667861170034,-6.74716769490592,3.36919442778185));
#3421=CARTESIAN_POINT('',(-0.463836146519178,-7.25,3.36919442778185));
#3422=CARTESIAN_POINT('',(0.790649567036991,-5.98840811388993,3.36919442778185));
#3423=CARTESIAN_POINT('',(-1.72397042661516,-6.98839216061069,3.36919442778185));
#3424=CARTESIAN_POINT('',(-1.46383614651918,-7.25,3.36919442778185));
#3425=CARTESIAN_POINT('',(-0.209053751159026,-5.09536615167286,3.36919442778185));
#3426=CARTESIAN_POINT('',(-1.17100443186832,-6.74716769490592,3.36919442778185));
#3427=CARTESIAN_POINT('',(-1.52731929779956,-5.88233153007721,3.36919442778185));
#3428=CARTESIAN_POINT('',(-0.963836146519178,-7.25,3.36919442778185));
#3429=CARTESIAN_POINT('',(-0.110125514391224,-5.17790057458476,3.36919442778185));
#3430=CARTESIAN_POINT('',(-3.21620087562729,-1.99473041991221,0.));
#3431=CARTESIAN_POINT('',(-3.21620087562729,-2.05810339729649,0.));
#3432=CARTESIAN_POINT('',(-3.21620087562729,-2.05810339729649,0.684257501332485));
#3433=CARTESIAN_POINT('',(-3.21620087562729,-1.99473041991221,0.684257501332485));
#3434=CARTESIAN_POINT('',(-3.21620087562729,-1.99473041991221,0.684257501332485));
#3435=CARTESIAN_POINT('',(-3.21620087562729,-2.05810339729649,0.684257501332485));
#3436=CARTESIAN_POINT('',(3.21620087562729,-1.99473041991221,0.684257501332485));
#3437=CARTESIAN_POINT('',(3.21620087562729,-2.05810339729649,0.684257501332485));
#3438=CARTESIAN_POINT('',(3.21620087562729,-2.05810339729649,0.684257501332485));
#3439=CARTESIAN_POINT('',(3.21620087562729,-1.99473041991221,0.684257501332485));
#3440=CARTESIAN_POINT('',(3.21620087562729,-1.99473041991221,0.));
#3441=CARTESIAN_POINT('',(3.21620087562729,-2.05810339729649,0.));
#3442=CARTESIAN_POINT('',(0.,-2.05810339729649,0.684257501332485));
#3443=CARTESIAN_POINT('',(0.,-2.05810339729649,0.684257501332485));
#3444=CARTESIAN_POINT('',(0.,-2.05810339729649,0.));
#3445=CARTESIAN_POINT('',(-0.756667861170034,-6.74716769490592,5.4761623904258));
#3446=CARTESIAN_POINT('',(-0.756667861170034,-6.74716769490592,5.4761623904258));
#3447=CARTESIAN_POINT('',(-0.963836146519178,-7.25,5.4761623904258));
#3448=CARTESIAN_POINT('',(-0.618255570735122,-6.98484062297562,5.4761623904258));
#3449=CARTESIAN_POINT('',(-0.463836146519177,-7.25,5.4761623904258));
#3450=CARTESIAN_POINT('',(-1.07308253527718,-6.98484062297562,5.4761623904258));
#3451=CARTESIAN_POINT('',(-1.17100443186832,-6.74716769490592,5.4761623904258));
#3452=CARTESIAN_POINT('',(-1.46383614651918,-7.25,5.4761623904258));
#3453=CARTESIAN_POINT('',(-1.46383614651918,-7.25,5.4761623904258));
#3454=CARTESIAN_POINT('',(-1.72750195949312,-6.98484062297562,5.4761623904258));
#3455=CARTESIAN_POINT('',(-0.200170333545233,-6.98484062297562,5.4761623904258));
#3456=MECHANICAL_DESIGN_GEOMETRIC_PRESENTATION_REPRESENTATION('',(#1610,
#1611,#1612,#1613,#1614,#1615,#1616,#1617,#1618,#1619,#1620,#1621,#1622,
#1623,#1624,#1625,#1626,#1627,#1628,#1629,#1630,#1631,#1632,#1633,#1634,
#1635,#1636,#1637,#1638,#1639,#1640,#1641,#1642,#1643,#1644,#1645,#1646,
#1647,#1648,#1649,#1650,#1651,#1652,#1653,#1654,#1655,#1656,#1657,#1658,
#1659,#1660,#1661,#1662,#1663,#1664,#1665,#1666,#1667,#1668,#1669,#1670,
#1671,#1672,#1673,#1674,#1675,#1676,#1677,#1678,#1679,#1680,#1681,#1682,
#1683,#1684,#1685,#1686,#1687,#1688,#1689,#1690,#1691,#1692,#1693,#1694,
#1695,#1696,#1697,#1698,#1699,#1700),#3457);
#3457=(
GEOMETRIC_REPRESENTATION_CONTEXT(3)
GLOBAL_UNCERTAINTY_ASSIGNED_CONTEXT((#3458))
GLOBAL_UNIT_ASSIGNED_CONTEXT((#3461,#3460,#3459))
REPRESENTATION_CONTEXT('SLW-864574-5A-RA-N-D','TOP_LEVEL_ASSEMBLY_PART')
);
#3458=UNCERTAINTY_MEASURE_WITH_UNIT(LENGTH_MEASURE(0.005),#3461,
'DISTANCE_ACCURACY_VALUE','Maximum Tolerance applied to model');
#3459=(
NAMED_UNIT(*)
SI_UNIT($,.STERADIAN.)
SOLID_ANGLE_UNIT()
);
#3460=(
NAMED_UNIT(*)
PLANE_ANGLE_UNIT()
SI_UNIT($,.RADIAN.)
);
#3461=(
LENGTH_UNIT()
NAMED_UNIT(*)
SI_UNIT(.MILLI.,.METRE.)
);
#3462=PRODUCT_DEFINITION_SHAPE('','',#3463);
#3463=PRODUCT_DEFINITION('','',#3465,#3464);
#3464=PRODUCT_DEFINITION_CONTEXT('',#3471,'design');
#3465=PRODUCT_DEFINITION_FORMATION_WITH_SPECIFIED_SOURCE('','',#3467,
 .NOT_KNOWN.);
#3466=PRODUCT_RELATED_PRODUCT_CATEGORY('','',(#3467));
#3467=PRODUCT('SLW-864574-5A-RA-N-D','SLW-864574-5A-RA-N-D',
'SLW-864574-5A-RA-N-D',(#3469));
#3468=PRODUCT_CATEGORY('','');
#3469=PRODUCT_CONTEXT('',#3471,'mechanical');
#3470=APPLICATION_PROTOCOL_DEFINITION('international standard',
'automotive_design',2010,#3471);
#3471=APPLICATION_CONTEXT(
'core data for automotive mechanical design processes');
ENDSEC;
END-ISO-10303-21;
